0	142.47572	119.155	111.22575	105.89706	104.9598	38.183376	66.318314	88.881104	103.06553	130.48036	134.35043	120.08975	33.480499	121.3835	136.92499	114.69525	149.89568	136.38449	120.45258	94.85305	108.25867	102.3767	99.753159	102.45695	138.42566	149.26794	101.04115	29.148348	44.455681	121.2414	104.12527	57.902557	84.913109	149.91093	102.92238	114.44535	98.196899	108.24703	110.50512	105.19363	67.035812	153.3427	152.35979	164.22411	162.85223	157.65535	155.14844	54.716015	146.78108	154.12465	184.91794	169.96292	30.11034	176.67332	161.95258	183.40585	104.80835	186.62849	150.02757	163.63367	113.46568	182.71565	116.86814	151.71228	195.01273	128.62903	187.29883	169.03052	154.00101	116.14996	180.58305	142.12852	82.357063	204.22794	189.79248	152.36314	168.4817	151.89882	95.166466	97.54673	144.0899	165.63712	184.51816
142.47572	0	69.574348	139.68184	138.94337	159.00697	149.30537	159.73108	80.269737	178.48404	67.805923	138.25896	56.732376	150.69411	114.23338	68.079384	70.051537	94.007088	81.611725	157.4427	112.09364	35.760738	89.252464	85.514717	29.62405	71.059158	38.078232	113.33205	138.55463	135.03897	75.314018	123.82306	134.21519	73.009804	148.74174	79.970222	59.676785	66.333	82.286613	111.84912	108.54443	51.493839	100.37447	83.332802	96.320129	103.68954	136.27457	112.68081	68.630394	153.7372	31.149157	89.850204	127.47637	42.036907	172.31401	165.61832	185.47632	141.92796	184.89464	103.49911	153.79741	99.501373	176.86035	135.99315	115.59327	93.465981	128.69954	109.48969	143.85931	147.44112	76.398811	107.16927	148.13446	72.809212	108.07904	79.981956	162.94756	172.05592	156.35513	124.4227	84.461739	126.48652	109.6896	152.91559
119.155	69.574348	0	153.61237	152.58733	144.80656	110.37331	131.6725	144.9144	139.56319	121.66745	184.86301	161.09694	127.28096	162.53201	115.56238	47.659943	105.34026	81.715637	176.96111	72.928444	91.338081	39.0536	119.69808	144.01077	42.19278	37.678425	100.88098	139.08968	100.04165	144.55524	183.80319	130.74643	80.929939	157.74597	78.97718	51.599319	68.728279	93.36676	115.31798	142.90445	131.05119	125.11143	102.30731	116.59379	130.33264	150.32112	167.05016	134.49081	182.04527	81.66288	105.85317	191.62036	98.138359	208.49602	177.23355	198.59941	166.66426	204.42769	159.83943	195.12178	165.81177	191.15404	181.24289	135.54829	119.50426	157.04845	137.44951	193.98885	156.76562	103.75549	120.35087	166.02615	135.73129	123.9387	106.583	173.80559	191.8687	168.63141	168.05978	141.24449	175.79262	135.7406	171.94405
111.22575	139.68184	153.61237	0	110.93555	83.876335	66.528297	114.22296	64.619087	27.418573	170.23027	46.9254	145.52605	123.79132	78.185806	112.94176	186.14632	182.67754	188.40292	16.148872	147.75685	114.40334	160.97084	26.900019	144.25272	183.77612	169.1792	24.962002	118.29909	139.9993	167.15013	143.38554	103.29349	111.81332	149.96727	94.526909	125.93718	106.44446	107.55749	80.994026	117.95889	121.06417	160.64017	173.71159	176.27226	177.56609	135.6626	182.90543	118.30939	175.25827	164.15417	197.43108	149.65585	157.36754	167.13916	155.42915	179.00806	92.971817	162.91074	216.32535	142.84744	163.24133	191.69835	147.07068	155.95964	166.83961	177.66704	151.44342	149.70004	173.5155	148.22072	188.45767	128.02861	114.79283	210.07741	201.72578	152.62093	189.07187	175.60013	117.71979	201.7702	167.27837	181.47424	196.00922
105.89706	138.94337	152.58733	110.93555	0	34.218815	121.93529	82.316605	61.742722	118.30797	108.75308	83.489746	106.00815	123.53748	21.268641	61.865574	163.84399	104.39879	127.99095	104.06495	107.75116	106.23642	140.35414	87.261169	149.77754	166.95821	168.42299	119.44742	107.34269	130.32085	103.2785	14.198821	120.91228	16.63196	80.159782	78.704758	124.563	66.609451	72.692261	23.448961	15.286127	92.396935	153.24307	102.30984	179.63666	90.923676	124.85468	63.398251	42.705101	39.694576	60.992554	122.03086	162.28976	39.677109	144.17943	169.08398	160.76962	111.74651	175.68159	60.157677	142.98315	87.165009	160.34229	82.752357	100.00153	56.567051	20.352125	34.877716	157.84665	112.13895	70.747246	117.06773	158.45691	32.810627	135.16373	185.2274	174.85767	167.80243	127.63224	35.600922	31.081898	49.447475	145.07423	74.964447
104.9598	159.00697	144.80656	83.876335	34.218815	0	66.539551	37.400673	75.664673	39.27895	127.26154	38.608418	100.47895	87.053192	34.638317	165.34291	158.30676	154.68524	166.44394	68.002151	129.00073	130.98715	136.26846	89.503593	147.55984	164.73383	170.11012	79.329529	112.28139	115.1151	158.53377	51.28569	121.36386	82.124229	142.06277	89.795509	131.38251	82.993645	79.776009	38.408703	34.982731	99.065201	169.44058	171.67262	181.48549	177.16507	151.90259	187.10114	122.85275	182.44664	187.4733	205.90508	168.07162	147.75516	174.9537	168.27988	187.01854	116.71015	174.78577	205.41411	156.97983	173.77643	196.85138	156.89377	180.89693	213.07097	171.57788	204.41899	164.03902	186.34399	163.08717	199.11124	148.78951	147.22055	217.04726	205.74318	165.485	191.99237	177.72382	161.13873	188.95212	174.55542	184.68965	195.90944
38.183376	149.30537	110.37331	66.528297	121.93529	66.539551	0	68.033035	77.161987	34.464882	157.7941	96.940575	143.15656	53.326435	95.596474	129.20027	132.09328	171.24539	157.30901	97.233841	83.763351	109.47525	97.505402	66.889938	169.7504	142.43518	132.21753	43.064625	90.10202	36.629108	186.22351	134.08109	88.177597	98.141006	146.75537	88.588882	104.60162	96.473259	99.022156	94.852707	107.29268	138.99959	153.31387	156.09753	161.91492	165.04126	150.72214	170.43767	142.10977	164.50191	165.55559	180.80293	159.84645	160.70616	172.6796	153.52527	175.60649	99.795746	166.26511	212.94855	158.27892	206.47324	181.93948	162.70438	157.11494	196.34425	223.06488	212.46336	157.7417	162.47585	128.44453	171.93492	133.74596	191.25446	205.88643	179.27635	147.65839	170.83102	154.79576	200.06758	196.61388	155.29323	166.42593	188.76842
66.318314	159.73108	131.6725	114.22296	82.316605	37.400673	68.033035	0	98.832657	57.900047	116.59819	97.366333	87.214966	33.824997	77.604446	170.42337	136.56346	153.27188	155.28226	101.47746	116.26639	137.45174	120.76637	106.49862	137.38371	153.09604	162.8437	106.98342	89.655251	85.436783	145.12669	42.776436	116.06284	88.259583	153.89423	95.178093	131.44391	86.355888	78.161652	53.047485	41.936764	82.946754	170.2291	169.94896	178.35905	175.46832	168.24792	186.46812	125.18191	180.72813	182.36031	197.40054	180.83762	155.84972	187.65129	169.38258	189.5103	121.75367	184.65413	207.01077	176.74883	175.17638	195.67619	177.9865	176.53058	210.76883	203.41866	218.53529	178.23834	178.70549	153.03015	195.81122	151.7861	169.59816	215.58627	199.42551	165.21768	187.71191	171.52112	176.98941	192.08565	172.89226	181.75812	201.66711
88.881104	80.269737	144.9144	64.619087	61.742722	75.664673	77.161987	98.832657	0	80.48362	142.76955	47.696648	125.78915	108.60406	29.935959	88.058403	136.283	162.41081	153.3687	63.564789	99.224228	32.24789	123.6604	31.133013	108.27076	140.94197	111.33954	67.62085	97.92012	74.665649	145.68625	113.437	78.874786	101.91118	139.48624	75.788742	106.13466	99.251198	90.03418	32.517502	87.337517	124.17274	104.19581	133.71545	119.59875	118.83607	93.800102	125.00003	135.88177	106.71687	133.81339	164.99721	98.711739	104.55592	119.24672	101.42137	129.43724	22.948591	110.80698	173.49945	95.459396	174.5529	131.47107	94.002495	95.461075	171.802	192.86723	187.58252	99.108864	109.07594	52.084511	135.71104	71.914406	154.09703	189.31593	171.98863	95.550316	117.59052	94.991409	196.42517	152.76489	100.85782	120.13203	156.22505
103.06553	178.48404	139.56319	27.418573	118.30797	39.27895	34.464882	57.900047	80.48362	0	160.11201	33.454697	144.43311	76.757706	91.908875	161.15355	172.34781	177.74681	178.43654	22.207914	125.0388	147.29808	136.72281	76.663925	170.49605	171.33459	170.08461	41.58791	115.15514	130.41949	188.76904	134.96083	110.22057	105.81432	149.73141	97.210266	128.3275	102.32267	106.73402	93.094421	113.09098	142.97192	169.05406	179.44705	181.13432	182.03687	151.41342	187.33148	153.70827	186.6619	188.74762	202.03221	166.38313	173.74265	177.06036	163.93376	185.39792	109.10482	172.87491	222.42902	158.56509	201.34958	196.89	160.75197	177.38783	208.58328	203.55595	206.29005	162.45998	186.43765	164.26176	193.31319	140.75932	181.12054	221.36993	202.80055	162.15619	193.49724	180.91733	171.58655	213.55095	177.40439	186.27698	194.10101
130.48036	67.805923	121.66745	170.23027	108.75308	127.26154	157.7941	116.59819	142.76955	160.11201	0	148.45433	35.00209	99.914902	138.24352	130.7377	55.362164	29.507301	30.820389	156.12778	117.45035	104.55743	109.49166	158.11543	39.832878	43.457756	83.357224	164.47426	84.625351	132.39067	56.864166	78.621941	121.7894	31.391108	138.24751	86.970047	42.295517	44.131538	58.814831	99.103645	90.037285	31.631819	174.83008	62.684673	133.80356	168.41957	203.73393	155.59386	45.961899	170.00558	100.55186	155.04141	203.19411	62.684158	187.24536	214.79156	200.21667	176.55196	216.84799	83.923271	202.6342	81.620728	190.68967	182.60703	175.2653	160.13403	112.18535	138.79152	202.72771	192.5484	141.31064	175.54752	199.78526	70.961357	113.9065	117.65409	213.43341	179.32002	206.87695	106.68228	110.77959	162.1312	118.37533	165.84354
134.35043	138.25896	184.86301	46.9254	83.489746	38.608418	96.940575	97.366333	47.696648	33.454697	148.45433	0	131.32196	113.57254	39.166245	143.01506	194.89058	166.38554	173.26534	23.25415	176.1859	95.245811	186.40114	38.478622	152.01962	178.554	168.27328	62.523266	117.05394	159.62111	177.40221	117.99255	125.005	103.54525	141.42964	96.622292	137.2178	100.74861	106.02987	54.750954	103.53955	133.85739	157.10115	172.95155	179.07515	178.79155	123.45787	179.42824	136.45624	174.49146	168.76347	200.73898	146.7417	140.48222	159.36319	160.56804	179.70601	96.010284	159.47879	208.17332	128.39746	194.0022	191.30078	131.59071	160.4968	168.05386	176.86775	161.32382	144.60431	176.5546	151.26443	186.12485	132.41344	153.85188	214.76898	207.23753	153.75566	190.41512	180.1367	186.85164	187.10443	171.66904	181.93188	190.26015
120.08975	56.732376	161.09694	145.52605	106.00815	100.47895	143.15656	87.214966	125.78915	144.43311	35.00209	131.32196	0	86.798012	128.06244	130.65483	150.55591	79.076012	116.81778	136.72867	138.50801	94.500366	142.22969	142.72772	26.100132	78.482422	37.916759	146.03825	80.552055	138.59973	30.172514	68.58268	129.37355	34.900921	87.648911	48.392994	39.461533	35.663742	25.268785	73.913376	21.146269	22.401415	101.22419	59.727215	108.67575	97.22113	130.772	74.817917	43.32523	150.32573	93.610718	167.05347	157.2576	100.42879	156.39441	183.17902	159.57188	167.50446	177.3744	78.764915	165.68105	74.967232	164.00911	168.08527	174.00029	165.85594	108.82182	137.69136	159.37148	181.57312	133.75787	179.63341	178.0797	57.733372	106.43281	107.17052	180.50867	151.08055	183.15813	99.457954	120.16646	124.2905	97.302597	105.6282
33.480499	150.69411	127.28096	123.79132	123.53748	87.053192	53.326435	33.824997	108.60406	76.757706	99.914902	113.57254	86.798012	0	107.98536	161.93625	130.01654	137.52226	146.86531	115.82471	110.0433	131.70186	114.8919	115.90311	121.88555	146.50339	157.50917	114.49085	45.160103	71.162064	132.41122	43.058125	97.278923	74.271553	147.49051	93.14473	125.57021	80.069824	82.194443	69.978622	50.037151	83.737419	173.39186	161.67308	183.36595	178.71486	175.6012	192.69937	115.73309	182.57124	175.07413	194.28188	195.30649	135.12918	198.8499	177.78766	198.9693	127.89575	197.89252	196.74086	189.70242	167.11813	201.31784	186.93481	170.4828	208.34615	191.16048	214.96803	192.62109	173.31137	143.42834	193.23247	160.86769	157.7907	208.67946	196.13878	172.22652	190.13681	171.59116	178.87674	187.01151	176.09349	186.23845	200.24718
121.3835	114.23338	162.53201	78.185806	21.268641	34.638317	95.596474	77.604446	29.935959	91.908875	138.24352	39.166245	128.06244	107.98536	0	125.57126	166.54559	152.50833	168.53789	70.283485	120.61301	76.374023	137.36668	54.924023	144.48087	167.24498	141.24913	88.58992	115.51601	112.26701	166.71236	54.354523	108.68988	90.445961	70.852592	62.470074	124.47788	86.293373	72.500336	19.864305	38.775566	139.74294	122.20567	151.65103	163.89128	124.65451	112.34079	139.34384	109.94382	132.7619	149.90677	186.34253	148.65623	83.567329	154.45302	158.255	176.46375	92.086716	158.16069	179.28247	130.73164	188.02965	183.83138	104.44202	137.00262	176.39702	121.23004	157.39191	144.23848	148.36403	106.47865	162.44763	133.33434	132.7175	206.96887	192.55696	151.12006	177.22626	154.34312	178.28249	114.76664	134.97682	168.65042	97.467171
136.92499	68.079384	115.56238	112.94176	61.865574	165.34291	129.20027	170.42337	88.058403	161.15355	130.7377	143.01506	130.65483	161.93625	125.57126	0	111.76173	144.5118	130.48195	125.56475	26.711203	34.757576	28.980429	37.856407	112.71523	122.64728	40.016281	43.32959	126.26212	94.63311	140.38725	82.27803	102.80415	93.725845	151.4794	72.696442	56.699013	78.175392	80.586098	92.163605	105.38577	107.21597	122.49643	108.60416	127.41403	129.45641	136.95746	153.30351	111.91491	147.44507	108.58343	130.84457	146.74277	78.601341	187.68976	160.78972	179.41133	113.25161	185.65904	183.59158	168.20271	178.06056	168.68884	137.2523	100.92368	155.06563	188.99266	177.95082	148.26285	120.36436	61.872845	110.97221	118.79903	158.54941	169.20969	111.83031	131.77344	142.87619	125.19816	180.6871	117.74971	127.9094	140.05504	174.27745
114.69525	70.051537	47.659943	186.14632	163.84399	158.30676	132.09328	136.56346	136.283	172.34781	55.362164	194.89058	150.55591	130.01654	166.54559	111.76173	0	61.86121	31.093203	196.27847	83.386154	92.041786	40.028343	136.00906	120.00347	46.898033	76.13076	128.70052	112.48209	91.791191	131.1526	164.47592	103.71288	35.986645	166.80875	91.986137	59.180656	59.466721	94.044807	129.61047	152.93979	139.73369	140.95033	111.33074	131.66177	145.17661	170.90341	167.53339	133.9071	194.21632	88.088806	119.12663	156.50453	51.515945	211.56493	192.80074	211.08313	173.61632	209.29474	159.47098	176.78983	159.70932	204.74983	175.68687	152.64543	127.94373	154.17596	135.23181	164.09053	170.65193	117.42474	143.69231	182.80402	131.37444	124.45522	119.9885	189.3141	200.15849	182.21864	161.60156	81.228455	178.04936	148.90623	182.19962
149.89568	94.007088	105.34026	182.67754	104.39879	154.68524	171.24539	153.27188	162.41081	177.74681	29.507301	166.38554	79.076012	137.52226	152.50833	144.5118	61.86121	0	28.781973	172.92592	132.23689	127.54685	119.01443	173.07796	74.752853	37.473534	87.630219	174.155	119.99088	140.5379	70.403	102.23891	136.9277	57.289143	145.58463	88.176765	50.03857	54.303734	64.938133	118.72665	110.81471	65.180153	159.5334	98.520302	148.21411	158.93571	195.3958	73.858917	102.69209	136.73343	117.78022	155.2953	100.94747	13.408939	120.88873	219.23737	188.14027	194.47311	154.95262	109.76542	140.03764	102.50234	198.17203	107.53723	184.03	155.51927	115.34367	132.3311	127.02123	195.61993	161.26738	182.12465	214.63376	95.813408	115.42262	121.96461	223.03014	193.43233	207.57619	114.07613	70.231239	99.523735	159.91165	168.12788
136.38449	81.611725	81.715637	188.40292	127.99095	166.44394	157.30901	155.28226	153.3687	178.43654	30.820389	173.26534	116.81778	146.86531	168.53789	130.48195	31.093203	28.781973	0	180.15492	115.06595	115.08726	97.375427	158.65837	85.411011	39.659401	86.524216	154.09955	127.88807	120.25085	100.43275	128.03813	121.7929	42.833977	153.73753	87.12468	57.971722	54.838753	71.374947	129.66365	140.71735	111.56805	150.03944	113.27598	139.9478	150.64384	185.50018	120.34232	126.62088	184.98012	102.01353	136.98766	103.20695	17.55757	174.33377	208.44319	219.76825	192.77921	189.79633	133.6194	140.28516	128.10193	215.30264	137.53682	171.78296	137.05536	128.19572	126.19671	123.53149	186.16748	147.76509	167.77496	202.46107	106.52538	118.84299	124.55561	208.21227	207.0531	194.77817	132.19453	59.81971	147.52748	155.27306	176.28941
120.45258	157.4427	176.96111	16.148872	104.06495	68.002151	97.233841	101.47746	63.564789	22.207914	156.12778	23.25415	136.72867	115.82471	70.283485	125.56475	196.27847	172.92592	180.15492	0	170.52568	138.30411	179.62157	36.31572	152.58983	184.40935	186.22903	33.142975	116.8194	156.78725	176.02489	130.95218	116.85138	106.26821	145.37863	93.63559	130.09435	101.78215	106.72523	72.907455	109.18594	129.00148	158.91809	171.80232	174.87151	176.40807	132.27258	179.86595	130.43262	175.69994	168.56584	201.9073	150.15933	152.88493	164.37224	154.43571	176.66386	96.675873	160.23717	214.18587	141.63995	179.27005	189.50351	143.23055	158.85347	163.77368	182.64429	156.08453	148.25874	178.75723	155.04475	189.28941	128.51031	141.19341	214.98608	205.48659	150.97067	188.08502	175.65779	145.53903	195.89577	168.43002	179.97035	190.79707
94.85305	112.09364	72.928444	147.75685	107.75116	129.00073	83.763351	116.26639	99.224228	125.0388	117.45035	176.1859	138.50801	110.0433	120.61301	26.711203	83.386154	132.23689	115.06595	170.52568	0	66.408653	37.769348	69.716545	140.22887	115.53096	81.106689	38.414215	88.063217	37.372379	161.55586	161.52701	70.589775	44.369919	138.80656	67.757385	58.443901	64.189163	73.511177	86.266884	114.37335	110.58956	133.09486	119.13989	144.74147	148.42702	146.91389	162.91159	116.3637	149.2872	141.74614	153.26639	174.29733	95.857231	192.68657	161.92714	179.5464	117.66305	193.17191	198.5831	185.54465	183.01035	169.08073	147.91853	120.12985	172.93611	201.81114	192.57317	182.56166	128.69479	84.660828	132.55072	126.64266	173.74168	185.6844	148.33255	137.43047	147.07117	131.2739	179.8707	149.04794	133.36757	146.8022	171.72287
108.25867	35.760738	91.338081	114.40334	106.23642	130.98715	109.47525	137.45174	32.24789	147.29808	104.55743	95.245811	94.500366	131.70186	76.374023	34.757576	92.041786	127.54685	115.08726	138.30411	66.408653	0	63.345036	42.590187	71.598015	105.69411	51.977303	70.790291	103.53581	76.545067	109.21825	141.98924	84.499184	92.235565	145.54784	75.153694	74.566757	79.425423	84.341446	79.318115	111.75689	89.307388	95.110168	97.57785	105.58581	99.497414	112.25124	138.94049	109.03516	109.98929	73.78463	108.45102	150.25858	55.301472	167.0477	128.77361	153.50452	57.043186	165.36378	144.26538	153.06421	138.59312	138.97386	111.09335	64.566132	129.18187	168.2471	156.67746	156.69836	88.128845	24.197443	83.732994	83.228973	120.97381	155.38382	91.536743	101.8532	111.48383	91.070831	162.02289	111.98423	98.013809	117.12109	151.078
102.3767	89.252464	39.0536	160.97084	140.35414	136.26846	97.505402	120.76637	123.6604	136.72281	109.49166	186.40114	142.22969	114.8919	137.36668	28.980429	40.028343	119.01443	97.375427	179.62157	37.769348	63.345036	0	87.547432	148.83243	82.334946	50.316761	72.551346	104.5431	69.59655	161.61993	169.88699	92.588455	44.874203	140.98671	68.26638	50.459114	62.389259	73.18586	85.748047	115.88158	129.50739	130.21509	115.23832	129.42648	135.90829	148.08665	171.84409	131.56093	171.83159	104.0497	117.28586	188.98395	103.96011	201.87759	172.32587	194.90927	144.19881	195.89528	183.5298	189.65997	187.55022	187.77034	163.90433	112.06549	145.20059	184.78021	171.15102	190.01982	133.24808	81.059425	118.10271	143.33751	167.03032	161.57014	113.92863	154.92693	173.91718	146.45267	191.47124	161.01234	156.9015	149.78484	168.27872
99.753159	85.514717	119.69808	26.900019	87.261169	89.503593	66.889938	106.49862	31.133013	76.663925	158.11543	38.478622	142.72772	115.90311	54.924023	37.856407	136.00906	173.07796	158.65837	36.31572	69.716545	42.590187	87.547432	0	120.54507	142.07329	97.358002	35.443085	102.94698	88.136948	159.92145	132.76974	84.919151	100.65718	152.50667	86.179657	91.374199	98.446571	94.474022	67.315681	108.92121	141.8981	129.27789	129.1358	140.35953	141.96022	129.47298	151.59386	156.8774	141.49126	138.87062	162.67336	131.62718	155.77126	152.27437	132.90068	156.65816	70.052528	141.96837	199.43408	131.51785	191.9493	161.46086	136.83305	115.64659	180.48784	214.0688	200.11853	130.54089	125.82863	78.114746	138.42191	108.94608	175.78258	195.05373	159.68251	124.44604	147.44128	128.12302	211.96298	187.67041	131.55109	144.71957	180.63251
102.45695	29.62405	144.01077	144.25272	149.77754	147.55984	169.7504	137.38371	108.27076	170.49605	39.832878	152.01962	26.100132	121.88555	144.48087	112.71523	120.00347	74.752853	85.411011	152.58983	140.22887	71.598015	148.83243	120.54507	0	69.7519	32.497662	150.86981	111.92527	152.42361	55.244247	94.394806	111.38602	50.933937	143.04314	103.20306	46.645908	56.890182	84.628952	133.92383	84.368408	27.461241	132.06296	66.029152	103.84061	120.89935	169.25328	59.547428	37.541901	119.5072	60.505779	137.48695	98.272568	38.02618	136.30692	196.04802	169.16937	159.33264	168.95506	73.589668	146.72775	65.081192	167.73958	136.53622	166.70912	130.77934	100.33385	108.93779	127.50193	178.29163	124.11099	166.49173	180.14958	37.534206	94.093102	86.732254	199.93005	149.34917	180.02959	92.990669	83.811287	79.291389	98.472878	161.16077
138.42566	71.059158	42.19278	183.77612	166.95821	164.73383	142.43518	153.09604	140.94197	171.33459	43.457756	178.554	78.482422	146.50339	167.24498	122.64728	46.898033	37.473534	39.659401	184.40935	115.53096	105.69411	82.334946	142.07329	69.7519	0	48.167065	142.93939	135.60013	128.17094	45.948204	124.40281	140.45801	70.729408	162.38156	88.57972	54.373173	63.574661	76.369858	131.50444	142.27365	69.048981	140.42821	103.01939	129.44217	138.48166	173.60428	168.4706	108.60481	200.7018	95.040955	123.1784	197.48283	135.79967	217.73573	200.31177	214.73946	191.27103	218.83167	111.917	210.5834	100.00797	207.97437	207.93739	169.35796	123.96873	115.76034	117.80912	206.39412	183.80014	151.01567	160.68625	195.90175	90.541946	109.43195	111.59795	202.75824	196.56961	188.03299	114.0244	165.13231	193.46284	143.00291	180.0544
149.26794	38.078232	37.678425	169.1792	168.42299	170.11012	132.21753	162.8437	111.33954	170.08461	83.357224	168.27328	37.916759	157.50917	141.24913	40.016281	76.13076	87.630219	86.524216	186.22903	81.106689	51.977303	50.316761	97.358002	32.497662	48.167065	0	88.636009	148.33656	133.58601	43.763798	146.21085	141.7845	76.119102	154.00278	79.777161	63.090488	67.384125	81.485359	102.63979	121.16454	76.936813	125.56084	105.08232	118.19403	127.16113	145.55917	163.39977	104.84999	187.92404	70.745354	106.76616	203.52965	171.69824	208.16147	178.25844	200.0829	175.09023	203.90585	119.5329	204.79826	105.54427	194.01042	192.57318	109.92422	120.14532	125.35043	124.17764	205.41525	150.0632	79.769218	115.15659	161.91655	83.667534	112.93945	103.46113	167.14044	193.56194	173.59763	119.61623	187.68144	183.0704	135.26128	171.43494
101.04115	113.33205	100.88098	24.962002	119.44742	79.329529	43.064625	106.98342	67.62085	41.58791	164.47426	62.523266	146.03825	114.49085	88.58992	43.32959	128.70052	174.155	154.09955	33.142975	38.414215	70.790291	72.551346	35.443085	150.86981	142.93939	88.636009	0	105.71911	49.674965	190.7388	147.86349	83.449425	85.398552	148.46317	81.728966	77.39566	87.391487	89.880219	93.010429	115.37665	152.73724	141.77779	132.6355	155.28998	155.89992	141.99463	165.25256	155.57936	150.66791	154.31854	170.16379	157.15744	172.86719	170.31111	145.83572	170.87587	93.244827	164.49704	212.45024	152.55923	213.16431	172.79271	153.7469	127.98918	187.7946	221.81502	206.98128	154.42789	135.08815	96.827736	151.53769	124.55112	198.8006	202.29895	164.00787	141.95486	158.08839	135.46255	224.2162	201.3501	142.12692	159.09573	185.33867
29.148348	138.55463	139.08968	118.29909	107.34269	112.28139	90.10202	89.655251	97.92012	115.15514	84.625351	117.05394	80.552055	45.160103	115.51601	126.26212	112.48209	119.99088	127.88807	116.8194	88.063217	103.53581	104.5431	102.94698	111.92527	135.60013	148.33656	105.71911	0	44.137405	118.11661	23.572397	26.063745	42.567974	141.4214	89.836281	101.69577	58.437901	78.377739	77.201515	42.784973	80.319809	159.26248	140.64034	172.71309	168.65649	167.22372	185.05721	116.20994	169.18387	170.46594	190.79155	193.55995	150.1969	197.17581	169.24635	192.69557	116.53893	196.43358	197.82349	190.22079	158.99995	191.35544	181.28726	144.66991	200.15308	200.48738	205.09076	192.23962	149.97652	115.93525	178.67415	149.87236	150.01732	196.21857	192.06265	160.7709	176.4119	154.28355	181.85559	196.88815	161.46268	174.6243	194.0936
44.455681	135.03897	100.04165	139.9993	130.32085	115.1151	36.629108	85.436783	74.665649	130.41949	132.39067	159.62111	138.59973	71.162064	112.26701	94.63311	91.791191	140.5379	120.25085	156.78725	37.372379	76.545067	69.59655	88.136948	152.42361	128.17094	133.58601	49.674965	44.137405	0	169.72874	131.72568	47.300758	43.533817	145.70508	72.416595	66.764473	66.422478	78.094994	90.960068	111.83483	121.02966	134.68327	122.92033	147.11839	148.84488	142.72597	161.64006	123.22227	148.0421	156.51361	169.56654	177.73976	117.8534	182.51472	151.31015	174.39886	94.146217	184.79221	203.19753	179.1727	191.74577	169.6564	154.16502	124.63755	183.24541	206.3009	199.45601	178.74327	131.0928	89.820549	149.08688	128.03421	170.55243	194.23572	173.25414	136.46292	151.68861	134.29504	189.43256	174.87061	137.52293	149.39211	180.66072
121.2414	75.314018	144.55524	167.15013	103.2785	158.53377	186.22351	145.12669	145.68625	188.76904	56.864166	177.40221	30.172514	132.41122	166.71236	140.38725	131.1526	70.403	100.43275	176.02489	161.55586	109.21825	161.61993	159.92145	55.244247	45.948204	43.763798	190.7388	118.11661	169.72874	0	109.05335	82.582291	78.003471	137.8136	112.34827	57.939537	69.199432	80.780167	139.82407	68.134735	63.700562	172.91534	95.745613	143.98192	157.92755	184.35942	31.337648	87.770882	93.681061	115.67323	169.71968	49.641582	35.465523	110.84599	204.18861	147.24417	195.41797	127.27152	105.3246	144.97606	95.650528	182.26523	158.1068	176.1304	167.41858	116.30536	139.82413	96.351509	184.77791	158.4039	194.76903	209.38408	83.584373	115.12379	116.15433	219.38171	172.0168	201.61899	112.67508	122.53516	43.314907	144.67273	166.69476
104.12527	123.82306	183.80319	143.38554	14.198821	51.28569	134.08109	42.776436	113.437	134.96083	78.621941	117.99255	68.58268	43.058125	54.354523	82.27803	164.47592	102.23891	128.03813	130.95218	161.52701	141.98924	169.88699	132.76974	94.394806	124.40281	146.21085	147.86349	23.572397	131.72568	109.05335	0	131.6976	22.243721	108.29933	76.278214	99.726738	44.17065	52.922966	42.719376	25.351242	68.715675	189.16855	127.50552	195.65643	149.25925	187.86563	150.54811	78.805153	136.59906	106.22935	157.49416	196.79851	28.532064	183.17363	196.32829	200.72952	152.11661	213.45973	109.72641	185.811	129.25368	201.86136	125.04931	137.57204	91.866394	67.657402	79.557915	197.37683	167.75575	131.57205	169.04938	184.95103	91.493156	170.38744	186.45428	197.04214	208.97343	187.81778	135.59259	55.3349	129.76836	185.57953	129.93501
57.902557	134.21519	130.74643	103.29349	120.91228	121.36386	88.177597	116.06284	78.874786	110.22057	121.7894	125.005	129.37355	97.278923	108.68988	102.80415	103.71288	136.9277	121.7929	116.85138	70.589775	84.499184	92.588455	84.919151	111.38602	140.45801	141.7845	83.449425	26.063745	47.300758	82.582291	131.6976	0	26.2339	150.45163	105.49294	82.738335	40.830315	79.67485	108.96415	121.67011	50.274807	144.38133	130.95439	157.1185	155.44008	152.42395	162.80736	46.97147	150.00224	146.29239	181.04462	171.12108	44.147545	180.43169	153.13647	177.29854	99.170593	180.78021	180.4082	171.66541	90.072662	175.9678	143.94989	130.0743	184.2558	133.43301	178.58893	174.0771	135.67941	99.389488	162.58215	132.62103	69.861984	197.68149	185.57445	144.67157	160.80421	139.26741	74.066338	118.09541	141.54118	158.70341	184.23166
84.913109	73.009804	80.929939	111.81332	16.63196	82.124229	98.141006	88.259583	101.91118	105.81432	31.391108	103.54525	34.900921	74.271553	90.445961	93.725845	35.986645	57.289143	42.833977	106.26821	44.369919	92.235565	44.874203	100.65718	50.933937	70.729408	76.119102	85.398552	42.567974	43.533817	78.003471	22.243721	26.2339	0	131.67825	80.044075	59.848484	21.412394	56.502857	60.385185	16.904675	24.929403	148.41837	92.997635	152.67644	146.58763	162.54276	173.31374	56.907299	168.70499	96.424095	126.09988	186.98747	113.77634	191.44547	166.78377	188.88177	121.17751	190.49283	120.26526	182.70392	106.12226	188.66017	174.03654	134.9039	140.63959	154.64157	148.64563	185.10049	145.87196	106.58871	140.76175	147.69693	93.567223	138.10292	127.99626	161.1236	175.06255	152.40875	142.05322	166.71861	159.77046	154.54146	172.13934
149.91093	148.74174	157.74597	149.96727	80.159782	142.06277	146.75537	153.89423	139.48624	149.73141	138.24751	141.42964	87.648911	147.49051	70.852592	151.4794	166.80875	145.58463	153.73753	145.37863	138.80656	145.54784	140.98671	152.50667	143.04314	162.38156	154.00278	148.46317	141.4214	145.70508	137.8136	108.29933	150.45163	131.67825	0	62.559723	93.130882	85.678276	75.999962	79.095413	77.38813	76.868767	80.876068	111.3559	112.69783	94.793022	94.646515	96.430031	93.961899	178.44374	149.82582	163.57829	194.17737	57.812996	197.94048	185.45668	204.26115	163.19183	191.01538	147.47736	185.31821	142.86288	199.33183	99.706741	170.98323	175.74496	160.70493	165.87338	189.35327	168.07364	152.15057	162.61964	182.77185	135.02328	167.09915	163.42912	182.23711	194.5757	179.67273	165.38643	80.52623	164.20331	114.66709	83.18116
102.92238	79.970222	78.97718	94.526909	78.704758	89.795509	88.588882	95.178093	75.788742	97.210266	86.970047	96.622292	48.392994	93.14473	62.470074	72.696442	91.986137	88.176765	87.12468	93.63559	67.757385	75.153694	68.26638	86.179657	103.20306	88.57972	79.777161	81.728966	89.836281	72.416595	112.34827	76.278214	105.49294	80.044075	62.559723	0	29.459896	43.767445	38.038326	27.303066	37.146267	35.920296	90.147659	117.95992	142.24561	108.66605	133.60568	110.34962	103.77221	152.83922	97.066765	125.77393	167.96126	157.10751	176.65515	151.04176	175.33755	101.35107	172.75406	182.65858	163.64081	159.14699	174.93925	132.98969	120.01289	142.91208	171.14096	153.66634	166.14037	133.68153	88.238884	129.3671	129.14363	131.88503	143.96104	127.34623	143.8383	159.12994	135.38406	173.39018	196.2366	144.06815	146.536	81.848846
114.44535	59.676785	51.599319	125.93718	124.563	131.38251	104.60162	131.44391	106.13466	128.3275	42.295517	137.2178	39.461533	125.57021	124.47788	56.699013	59.180656	50.03857	57.971722	130.09435	58.443901	74.566757	50.459114	91.374199	46.645908	54.373173	63.090488	77.39566	101.69577	66.764473	57.939537	99.726738	82.738335	59.848484	93.130882	29.459896	0	33.129948	27.992054	45.748089	48.260723	15.868344	101.77697	52.602554	115.5388	125.27114	134.14754	133.64412	25.652426	144.58324	82.526268	112.64701	174.8046	87.951584	177.53685	151.53146	170.04301	123.36616	182.06404	69.57122	178.14755	70.773376	161.0849	153.90068	104.85014	123.71873	111.99405	123.58387	175.97339	115.96282	85.785454	114.60253	122.64513	69.477066	114.69801	112.14445	130.77144	134.59424	122.293	106.44164	119.65319	124.51733	106.20557	118.1159
98.196899	66.333	68.728279	106.44446	66.609451	82.993645	96.473259	86.355888	99.251198	102.32267	44.131538	100.74861	35.663742	80.069824	86.293373	78.175392	59.466721	54.303734	54.838753	101.78215	64.189163	79.425423	62.389259	98.446571	56.890182	63.574661	67.384125	87.391487	58.437901	66.422478	69.199432	44.17065	40.830315	21.412394	85.678276	43.767445	33.129948	0	18.015512	38.889263	17.61223	18.256363	137.38536	108.07722	145.01785	124.89265	157.06485	157.12932	63.485039	167.23058	87.161079	115.66557	182.52303	174.96043	188.33156	162.30247	184.76682	118.64099	186.05257	142.43872	180.17055	119.29977	186.17963	169.98293	124.06873	131.2339	147.15276	138.44514	180.92815	145.84416	95.619789	126.92914	143.29378	99.221634	128.58342	117.32376	157.66087	174.04842	151.215	142.0842	194.22931	159.49948	154.23827	117.11275
108.24703	82.286613	93.36676	107.55749	72.692261	79.776009	99.022156	78.161652	90.03418	106.73402	58.814831	106.02987	25.268785	82.194443	72.500336	80.586098	94.044807	64.938133	71.374947	106.72523	73.511177	84.341446	73.18586	94.474022	84.628952	76.369858	81.485359	89.880219	78.377739	78.094994	80.780167	52.922966	79.67485	56.502857	75.999962	38.038326	27.992054	18.015512	0	27.357681	14.200942	13.945979	88.68055	111.49719	117.76831	82.828766	123.09682	85.168678	60.698578	161.42627	107.2039	138.75124	182.22174	79.628296	173.26787	161.42526	169.91013	115.04782	183.83205	164.07239	175.59029	129.86368	173.80655	135.35719	130.49541	154.31793	161.14374	156.1225	179.15184	148.47015	102.26442	140.86702	142.0255	114.40539	142.66399	134.89954	157.31537	167.64494	149.28401	153.13246	132.91356	156.53793	118.77946	92.675529
110.50512	111.84912	115.31798	80.994026	23.448961	38.408703	94.852707	53.047485	32.517502	93.094421	99.103645	54.750954	73.913376	69.978622	19.864305	92.163605	129.61047	118.72665	129.66365	72.907455	86.266884	79.318115	85.748047	67.315681	133.92383	131.50444	102.63979	93.010429	77.201515	90.960068	139.82407	42.719376	108.96415	60.385185	79.095413	27.303066	45.748089	38.889263	27.357681	0	23.499247	88.418007	117.24572	119.15311	154.19135	115.39379	110.39001	124.30721	90.811661	157.15883	138.64006	151.54082	132.49721	110.50176	145.1066	147.78595	170.69034	93.592827	144.39189	193.46361	117.63985	162.60689	175.65074	109.71714	132.65065	172.96667	191.46112	183.85794	128.38303	143.85222	106.89196	143.9518	128.45711	152.65482	178.02821	148.50249	140.80341	165.99939	141.93285	182.78354	178.52756	150.88986	153.77602	93.570312
105.19363	108.54443	142.90445	117.95889	15.286127	34.982731	107.29268	41.936764	87.337517	113.09098	90.037285	103.53955	21.146269	50.037151	38.775566	105.38577	152.93979	110.81471	140.71735	109.18594	114.37335	111.75689	115.88158	108.92121	84.368408	142.27365	121.16454	115.37665	42.784973	111.83483	68.134735	25.351242	121.67011	16.904675	77.38813	37.146267	48.260723	17.61223	14.200942	23.499247	0	26.569944	89.361694	110.28026	152.3438	89.785721	132.68582	84.960205	48.576569	150.90298	105.84322	157.6653	187.10162	46.806278	186.92296	171.63492	189.42221	129.87218	190.52255	133.7626	176.68884	53.438179	194.87257	131.94913	145.19246	132.65839	61.834991	103.53979	182.07324	165.37611	132.33018	168.83154	156.86127	39.060497	157.51376	165.49692	169.69615	189.70636	167.08264	34.693417	104.83156	148.65666	149.63551	94.107544
67.035812	51.493839	131.05119	121.06417	92.396935	99.065201	138.99959	82.946754	124.17274	142.97192	31.631819	133.85739	22.401415	83.737419	139.74294	107.21597	139.73369	65.180153	111.56805	129.00148	110.58956	89.307388	129.50739	141.8981	27.461241	69.048981	76.936813	152.73724	80.319809	121.02966	63.700562	68.715675	50.274807	24.929403	76.868767	35.920296	15.868344	18.256363	13.945979	88.418007	26.569944	0	84.652618	24.541069	61.40406	69.656731	114.37091	38.941078	19.428175	40.45892	68.150429	112.23238	78.590889	22.361523	87.730095	141.61993	96.707054	147.33826	131.83838	48.309139	110.57433	53.453064	102.49797	88.571312	102.38078	102.13527	98.395058	117.44095	91.588333	105.78262	109.48663	111.27441	169.41924	40.42593	111.66306	106.32369	181.30661	107.39986	123.93507	93.676567	64.906479	27.516268	59.061535	82.93277
153.3427	100.37447	125.11143	160.64017	153.24307	169.44058	153.31387	170.2291	104.19581	169.05406	174.83008	157.10115	101.22419	173.39186	122.20567	122.49643	140.95033	159.5334	150.03944	158.91809	133.09486	95.110168	130.21509	129.27789	132.06296	140.42821	125.56084	141.77779	159.26248	134.68327	172.91534	189.16855	144.38133	148.41837	80.876068	90.147659	101.77697	137.38536	88.68055	117.24572	89.361694	84.652618	0	30.76132	44.473316	39.490585	29.872946	39.442291	36.398869	105.69582	72.64756	78.717003	99.490173	78.100075	96.90715	92.091011	100.07217	82.334518	101.48273	86.835518	96.008598	110.7115	96.283226	63.139568	73.138397	99.179504	88.355843	89.528893	96.186493	70.22287	68.52005	70.599243	86.138527	103.62881	88.012016	80.480415	83.745079	96.462395	83.120987	109.57888	82.754898	107.14178	54.498768	57.763519
152.35979	83.332802	102.30731	173.71159	102.30984	171.67262	156.09753	169.94896	133.71545	179.44705	62.684673	172.95155	59.727215	161.67308	151.65103	108.60416	111.33074	98.520302	113.27598	171.80232	119.13989	97.57785	115.23832	129.1358	66.029152	103.01939	105.08232	132.6355	140.64034	122.92033	95.745613	127.50552	130.95439	92.997635	111.3559	117.95992	52.602554	108.07722	111.49719	119.15311	110.28026	24.541069	30.76132	0	36.910793	30.419699	43.369492	42.512314	15.228173	115.38721	53.659622	50.929977	128.94797	117.51516	127.73048	114.86281	128.48682	113.17354	126.91069	41.365074	130.75974	41.787777	123.25089	108.60157	57.867451	58.334042	48.862385	57.191196	123.72738	61.45013	64.12738	52.246304	89.236084	42.457218	53.344269	63.249092	81.300682	98.066238	80.97805	54.010433	94.431297	77.054863	47.116451	88.932114
164.22411	96.320129	116.59379	176.27226	179.63666	181.48549	161.91492	178.35905	119.59875	181.13432	133.80356	179.07515	108.67575	183.36595	163.89128	127.41403	131.66177	148.21411	139.9478	174.87151	144.74147	105.58581	129.42648	140.35953	103.84061	129.44217	118.19403	155.28998	172.71309	147.11839	143.98192	195.65643	157.1185	152.67644	112.69783	142.24561	115.5388	145.01785	117.76831	154.19135	152.3438	61.40406	44.473316	36.910793	0	17.862251	35.061249	16.006659	18.84413	94.816032	61.879066	70.139488	107.26634	61.530155	81.328995	95.189537	74.155678	99.15197	102.05238	42.124756	100.775	46.505367	77.850052	77.334549	78.144562	60.439285	53.083141	56.188065	100.99194	65.826004	75.365761	62.708511	95.870392	49.309307	62.264462	66.990685	88.852013	64.473076	68.198006	63.422161	44.082211	41.87365	24.57152	84.421631
162.85223	103.68954	130.33264	177.56609	90.923676	177.16507	165.04126	175.46832	118.83607	182.03687	168.41957	178.79155	97.22113	178.71486	124.65451	129.45641	145.17661	158.93571	150.64384	176.40807	148.42702	99.497414	135.90829	141.96022	120.89935	138.48166	127.16113	155.89992	168.65649	148.84488	157.92755	149.25925	155.44008	146.58763	94.793022	108.66605	125.27114	124.89265	82.828766	115.39379	89.785721	69.656731	39.490585	30.419699	17.862251	0	21.496872	19.234295	14.61615	105.70477	72.085602	83.561241	113.12959	79.323532	90.911163	103.9254	88.30455	100.52225	113.04391	62.914558	113.10741	83.366455	95.72657	76.49556	80.962021	92.137863	66.230324	74.882835	112.37419	74.579193	73.250679	72.413803	98.448227	87.701996	76.153267	78.726448	92.368736	88.495628	84.215057	82.722466	57.520531	72.655823	46.893574	73.135895
157.65535	136.27457	150.32112	135.6626	124.85468	151.90259	150.72214	168.24792	93.800102	151.41342	203.73393	123.45787	130.772	175.6012	112.34079	136.95746	170.90341	195.3958	185.50018	132.27258	146.91389	112.25124	148.08665	129.47298	169.25328	173.60428	145.55917	141.99463	167.22372	142.72597	184.35942	187.86563	152.42395	162.54276	94.646515	133.60568	134.14754	157.06485	123.09682	110.39001	132.68582	114.37091	29.872946	43.369492	35.061249	21.496872	0	23.955513	79.760742	109.86206	103.84615	112.09538	83.62558	21.774651	39.301472	91.421463	49.237579	36.616829	92.220444	97.070702	59.824913	115.02343	70.942223	19.89311	91.844643	129.7888	121.6656	133.86861	76.193298	87.234627	77.041718	86.725639	65.905319	137.04543	129.52571	102.12946	92.178825	84.552185	95.252777	133.53159	42.626965	105.41936	57.149715	82.34137
155.14844	112.68081	167.05016	182.90543	63.398251	187.10114	170.43767	186.46812	125.00003	187.33148	155.59386	179.42824	74.817917	192.69937	139.34384	153.30351	167.53339	73.858917	120.34232	179.86595	162.91159	138.94049	171.84409	151.59386	59.547428	168.4706	163.39977	165.25256	185.05721	161.64006	31.337648	150.54811	162.80736	173.31374	96.430031	110.34962	133.64412	157.12932	85.168678	124.30721	84.960205	38.941078	39.442291	42.512314	16.006659	19.234295	23.955513	0	27.867683	115.10214	114.14606	135.98206	117.28931	15.543499	32.119507	103.47018	35.721352	88.907005	112.77202	83.031555	106.64313	68.293861	50.815105	37.873711	116.82004	152.36427	122.78406	138.92909	110.00013	115.52785	110.36576	118.06195	104.62589	92.733116	135.05594	115.79018	111.27854	47.856556	113.09509	96.270584	24.575546	121.98721	11.500274	75.818687
54.716015	68.630394	134.49081	118.30939	42.705101	122.85275	142.10977	125.18191	135.88177	153.70827	45.961899	136.45624	43.32523	115.73309	109.94382	111.91491	133.9071	102.69209	126.62088	130.43262	116.3637	109.03516	131.56093	156.8774	37.541901	108.60481	104.84999	155.57936	116.20994	123.22227	87.770882	78.805153	46.97147	56.907299	93.961899	103.77221	25.652426	63.485039	60.698578	90.811661	48.576569	19.428175	36.398869	15.228173	18.84413	14.61615	79.760742	27.867683	0	93.326126	49.582809	134.35594	131.09853	106.18906	103.52336	135.78735	88.222191	126.76591	140.28525	23.519289	124.85925	26.585817	88.735153	131.00978	113.73537	128.06464	64.685814	119.34897	129.21111	121.02406	88.283279	124.08926	136.23268	23.428936	72.742775	74.02243	135.23892	79.341431	130.15814	59.550072	67.187965	66.926521	18.836416	83.581131
146.78108	153.7372	182.04527	175.25827	39.694576	182.44664	164.50191	180.72813	106.71687	186.6619	170.00558	174.49146	150.32573	182.57124	132.7619	147.44507	194.21632	136.73343	184.98012	175.69994	149.2872	109.98929	171.83159	141.49126	119.5072	200.7018	187.92404	150.66791	169.18387	148.0421	93.681061	136.59906	150.00224	168.70499	178.44374	152.83922	144.58324	167.23058	161.42627	157.15883	150.90298	40.45892	105.69582	115.38721	94.816032	105.70477	109.86206	115.10214	93.326126	0	141.87334	130.80711	115.98106	109.39055	116.5723	38.649441	75.824905	88.563148	111.35635	127.72904	133.53581	145.1938	35.947281	123.47563	114.92576	120.73386	144.496	136.09599	122.47697	100.39693	93.602791	112.32656	98.810806	119.86766	141.51465	150.37463	100.6831	32.955589	42.009865	158.54768	110.00175	57.414749	87.081146	157.42184
154.12465	31.149157	81.66288	164.15417	60.992554	187.4733	165.55559	182.36031	133.81339	188.74762	100.55186	168.76347	93.610718	175.07413	149.90677	108.58343	88.088806	117.78022	102.01353	168.56584	141.74614	73.78463	104.0497	138.87062	60.505779	95.040955	70.745354	154.31854	170.46594	156.51361	115.67323	106.22935	146.29239	96.424095	149.82582	97.066765	82.526268	87.161079	107.2039	138.64006	105.84322	68.150429	72.64756	53.659622	61.879066	72.085602	103.84615	114.14606	49.582809	141.87334	0	75.098534	141.89725	139.24403	154.1481	140.98399	159.20871	78.456505	176.54584	65.068787	134.31927	55.808872	149.15663	113.96434	66.489838	67.764908	96.166786	77.971077	157.39958	112.5032	33.979103	79.852043	85.013565	25.827864	72.47139	35.037254	114.64926	133.76581	127.35566	85.141647	119.42077	124.5455	73.715706	131.52571
184.91794	89.850204	105.85317	197.43108	122.03086	205.90508	180.80293	197.40054	164.99721	202.03221	155.04141	200.73898	167.05347	194.28188	186.34253	130.84457	119.12663	155.2953	136.98766	201.9073	153.26639	108.45102	117.28586	162.67336	137.48695	123.1784	106.76616	170.16379	190.79155	169.56654	169.71968	157.49416	181.04462	126.09988	163.57829	125.77393	112.64701	115.66557	138.75124	151.54082	157.6653	112.23238	78.717003	50.929977	70.139488	83.561241	112.09538	135.98206	134.35594	130.80711	75.098534	0	163.18102	140.66565	152.32738	108.21431	138.12537	153.68814	147.43309	135.98564	191.43562	163.61533	131.55263	163.31406	115.61993	49.56477	111.5705	80.323158	182.25345	74.557228	97.175758	39.745789	120.90767	140.09048	42.80344	36.829029	99.835106	154.9976	108.69996	139.32201	185.19009	137.08151	92.451096	139.38583
169.96292	127.47637	191.62036	149.65585	162.28976	168.07162	159.84645	180.83762	98.711739	166.38313	203.19411	146.7417	157.2576	195.30649	148.65623	146.74277	156.50453	100.94747	103.20695	150.15933	174.29733	150.25858	188.98395	131.62718	98.272568	197.48283	203.52965	157.15744	193.55995	177.73976	49.641582	196.79851	171.12108	186.98747	194.17737	167.96126	174.8046	182.52303	182.22174	132.49721	187.10162	78.590889	99.490173	128.94797	107.26634	113.12959	83.62558	117.28931	131.09853	115.98106	141.89725	163.18102	0	113.93236	82.370483	85.380829	115.79633	70.910545	27.242205	165.1644	47.015495	178.20502	125.85562	80.983093	116.69671	182.05415	182.89294	183.61008	16.183708	151.63956	125.45653	158.19287	24.929672	124.70532	189.03003	172.26059	26.17701	119.48899	144.4958	188.06181	146.12534	108.09593	111.87476	151.04919
30.11034	42.036907	98.138359	157.36754	39.677109	147.75516	160.70616	155.84972	104.55592	173.74265	62.684158	140.48222	100.42879	135.12918	83.567329	78.601341	51.515945	13.408939	17.55757	152.88493	95.857231	55.301472	103.96011	155.77126	38.02618	135.79967	171.69824	172.86719	150.1969	117.8534	35.465523	28.532064	44.147545	113.77634	57.812996	157.10751	87.951584	174.96043	79.628296	110.50176	46.806278	22.361523	78.100075	117.51516	61.530155	79.323532	21.774651	15.543499	106.18906	109.39055	139.24403	140.66565	113.93236	0	30.366161	122.36327	69.812874	61.157749	118.7382	89.777504	85.167587	109.65521	117.13897	19.838499	65.1026	139.71877	96.91555	112.78811	107.08507	87.740524	106.26682	120.53316	86.135742	146.87654	157.95503	167.14639	119.4763	119.98508	125.80819	100.53566	14.990216	102.56938	16.501932	86.308769
176.67332	172.31401	208.49602	167.13916	144.17943	174.9537	172.6796	187.65129	119.24672	177.06036	187.24536	159.36319	156.39441	198.8499	154.45302	187.68976	211.56493	120.88873	174.33377	164.37224	192.68657	167.0477	201.87759	152.27437	136.30692	217.73573	208.16147	170.31111	197.17581	182.51472	110.84599	183.17363	180.43169	191.44547	197.94048	176.65515	177.53685	188.33156	173.26787	145.1066	186.92296	87.730095	96.90715	127.73048	81.328995	90.911163	39.301472	32.119507	103.52336	116.5723	154.1481	152.32738	82.370483	30.366161	0	69.676758	37.794025	75.422142	41.172447	127.51482	38.679539	138.85254	89.692856	35.047558	155.99692	170.92171	158.3582	176.55992	66.818047	135.68816	124.14287	142.98698	86.457497	155.01115	169.90668	171.12213	78.732574	116.78289	130.01398	159.3866	52.569115	128.60095	77.02774	163.69569
161.95258	165.61832	177.23355	155.42915	169.08398	168.27988	153.52527	169.38258	101.42137	163.93376	214.79156	160.56804	183.17902	177.78766	158.255	160.78972	192.80074	219.23737	208.44319	154.43571	161.92714	128.77361	172.32587	132.90068	196.04802	200.31177	178.25844	145.83572	169.24635	151.31015	204.18861	196.32829	153.13647	166.78377	185.45668	151.04176	151.53146	162.30247	161.42526	147.78595	171.63492	141.61993	92.091011	114.86281	95.189537	103.9254	91.421463	103.47018	135.78735	38.649441	140.98399	108.21431	85.380829	122.36327	69.676758	0	69.629204	78.299843	35.313519	147.44592	108.92314	171.18835	53.555168	96.539536	124.07338	112.23922	151.3062	133.00711	109.89816	81.394882	107.21942	93.325645	71.431046	169.09319	133.87242	132.22137	42.615234	90.466576	37.920139	181.08098	134.50648	87.817535	95.229561	145.50078
183.40585	185.47632	198.59941	179.00806	160.76962	187.01854	175.60649	189.5103	129.43724	185.39792	200.21667	179.70601	159.57188	198.9693	176.46375	179.41133	211.08313	188.14027	219.76825	176.66386	179.5464	153.50452	194.90927	156.65816	169.16937	214.73946	200.0829	170.87587	192.69557	174.39886	147.24417	200.72952	177.29854	188.88177	204.26115	175.33755	170.04301	184.76682	169.91013	170.69034	189.42221	96.707054	100.07217	128.48682	74.155678	88.30455	49.237579	35.721352	88.222191	75.824905	159.20871	138.12537	115.79633	69.812874	37.794025	69.629204	0	101.39516	57.538593	105.77484	100.42428	112.63655	34.663826	65.948929	152.64229	148.43048	151.89215	162.38046	103.98003	124.3957	130.14937	128.88083	108.2122	131.92715	157.26344	165.69289	106.02461	94.471619	93.183952	139.09509	41.155365	123.03706	70.353539	171.41034
104.80835	141.92796	166.66426	92.971817	111.74651	116.71015	99.795746	121.75367	22.948591	109.10482	176.55196	96.010284	167.50446	127.89575	92.086716	113.25161	173.61632	194.47311	192.77921	96.675873	117.66305	57.043186	144.19881	70.052528	159.33264	191.27103	175.09023	93.244827	116.53893	94.146217	195.41797	152.11661	99.170593	121.17751	163.19183	101.35107	123.36616	118.64099	115.04782	93.592827	129.87218	147.33826	82.334518	113.17354	99.15197	100.52225	36.616829	88.907005	126.76591	88.563148	78.456505	153.68814	70.910545	61.157749	75.422142	78.299843	101.39516	0	82.474022	144.93761	52.041065	134.03145	108.90273	31.433811	91.515572	138.13182	166.57658	153.14818	68.03418	120.49818	33.999657	139.07434	31.964855	108.4665	146.18578	111.16805	69.000191	96.347313	75.377068	154.57875	113.69312	78.624969	99.698318	135.30125
186.62849	184.89464	204.42769	162.91074	175.68159	174.78577	166.26511	184.65413	110.80698	172.87491	216.84799	159.47879	177.3744	197.89252	158.16069	185.65904	209.29474	154.95262	189.79633	160.23717	193.17191	165.36378	195.89528	141.96837	168.95506	218.83167	203.90585	164.49704	196.43358	184.79221	127.27152	213.45973	180.78021	190.49283	191.01538	172.75406	182.06404	186.05257	183.83205	144.39189	190.52255	131.83838	101.48273	126.91069	102.05238	113.04391	92.220444	112.77202	140.28525	111.35635	176.54584	147.43309	27.242205	118.7382	41.172447	35.313519	57.538593	82.474022	0	155.62755	33.799889	174.94269	80.871658	89.32	156.27704	173.30501	174.29382	179.25122	22.096704	133.87656	143.16988	139.49474	72.876724	171.29929	176.96663	168.99887	43.150425	113.14546	140.17126	187.16649	136.72964	112.30393	105.42501	149.07179
150.02757	103.49911	159.83943	216.32535	60.157677	205.41411	212.94855	207.01077	173.49945	222.42902	83.923271	208.17332	78.764915	196.74086	179.28247	183.59158	159.47098	109.76542	133.6194	214.18587	198.5831	144.26538	183.5298	199.43408	73.589668	111.917	119.5329	212.45024	197.82349	203.19753	105.3246	109.72641	180.4082	120.26526	147.47736	182.65858	69.57122	142.43872	164.07239	193.46361	133.7626	48.309139	86.835518	41.365074	42.124756	62.914558	97.070702	83.031555	23.519289	127.72904	65.068787	135.98564	165.1644	89.777504	127.51482	147.44592	105.77484	144.93761	155.62755	0	146.81194	33.597046	94.206909	124.9835	136.04074	55.386665	29.423656	31.525158	151.90858	108.25185	105.40466	99.124886	154.65691	34.321365	41.664425	86.804405	161.41661	73.358681	118.40661	52.131416	67.616814	114.4364	30.320644	130.50468
163.63367	153.79741	195.12178	142.84744	142.98315	156.97983	158.27892	176.74883	95.459396	158.56509	202.6342	128.39746	165.68105	189.70242	130.73164	168.20271	176.78983	140.03764	140.28516	141.63995	185.54465	153.06421	189.65997	131.51785	146.72775	210.5834	204.79826	152.55923	190.22079	179.1727	144.97606	185.811	171.66541	182.70392	185.31821	163.64081	178.14755	180.17055	175.59029	117.63985	176.68884	110.57433	96.008598	130.75974	100.775	113.10741	59.824913	106.64313	124.85925	133.53581	134.31927	191.43562	47.015495	85.167587	38.679539	108.92314	100.42428	52.041065	33.799889	146.81194	0	165.10941	114.79099	37.590988	152.82626	195.37817	165.73285	177.27332	22.866285	178.14499	101.60882	183.6058	38.89341	151.79015	178.97614	170.06335	65.211395	115.99268	160.37712	177.12117	123.97253	129.67053	104.50479	146.66005
113.46568	99.501373	165.81177	163.24133	87.165009	173.77643	206.47324	175.17638	174.5529	201.34958	81.620728	194.0022	74.967232	167.11813	188.02965	178.06056	159.70932	102.50234	128.10193	179.27005	183.01035	138.59312	187.55022	191.9493	65.081192	100.00797	105.54427	213.16431	158.99995	191.74577	95.650528	129.25368	90.072662	106.12226	142.86288	159.14699	70.773376	119.29977	129.86368	162.60689	53.438179	53.453064	110.7115	41.787777	46.505367	83.366455	115.02343	68.293861	26.585817	145.1938	55.808872	163.61533	178.20502	109.65521	138.85254	171.18835	112.63655	134.03145	174.94269	33.597046	165.10941	0	104.3613	148.6955	134.47992	139.26178	77.086044	122.81698	169.86438	163.0193	93.734634	160.77319	145.68912	22.900023	85.435112	36.368031	178.06784	86.498528	165.86539	30.698256	83.895187	98.756012	46.601494	145.94455
182.71565	176.86035	191.15404	191.69835	160.34229	196.85138	181.93948	195.67619	131.47107	196.89	190.68967	191.30078	164.00911	201.31784	183.83138	168.68884	204.74983	198.17203	215.30264	189.50351	169.08073	138.97386	187.77034	161.46086	167.73958	207.97437	194.01042	172.79271	191.35544	169.6564	182.26523	201.86136	175.9678	188.66017	199.33183	174.93925	161.0849	186.17963	173.80655	175.65074	194.87257	102.49797	96.283226	123.25089	77.850052	95.72657	70.942223	50.815105	88.735153	35.947281	149.15663	131.55263	125.85562	117.13897	89.692856	53.555168	34.663826	108.90273	80.871658	94.206909	114.79099	104.3613	0	96.13369	140.08028	136.26247	139.57489	150.21019	116.80176	116.97308	119.20982	121.22462	115.93417	119.98907	147.94012	159.32637	115.69636	50.147663	74.603043	127.77469	51.469757	97.428162	70.918465	163.73634
116.86814	135.99315	181.24289	147.07068	82.752357	156.89377	162.70438	177.9865	94.002495	160.75197	182.60703	131.59071	168.08527	186.93481	104.44202	137.2523	175.68687	107.53723	137.53682	143.23055	147.91853	111.09335	163.90433	136.83305	136.53622	207.93739	192.57318	153.7469	181.28726	154.16502	158.1068	125.04931	143.94989	174.03654	99.706741	132.98969	153.90068	169.98293	135.35719	109.71714	131.94913	88.571312	63.139568	108.60157	77.334549	76.49556	19.89311	37.873711	131.00978	123.47563	113.96434	163.31406	80.983093	19.838499	35.047558	96.539536	65.948929	31.433811	89.32	124.9835	37.590988	148.6955	96.13369	0	114.29552	168.13722	148.03572	168.35867	70.695694	112.6002	78.235313	125.35992	56.117958	143.69797	162.61359	140.83319	90.746147	111.25132	115.42846	157.00465	54.083122	110.94201	78.065086	75.202156
151.71228	115.59327	135.54829	155.95964	100.00153	180.89693	157.11494	176.53058	95.461075	177.38783	175.2653	160.4968	174.00029	170.4828	137.00262	100.92368	152.64543	184.03	171.78296	158.85347	120.12985	64.566132	112.06549	115.64659	166.70912	169.35796	109.92422	127.98918	144.66991	124.63755	176.1304	137.57204	130.0743	134.9039	170.98323	120.01289	104.85014	124.06873	130.49541	132.65065	145.19246	102.38078	73.138397	57.867451	78.144562	80.962021	91.844643	116.82004	113.73537	114.92576	66.489838	115.61993	116.69671	65.1026	155.99692	124.07338	152.64229	91.515572	156.27704	136.04074	152.82626	134.47992	140.08028	114.29552	0	113.78757	146.7809	133.827	137.73637	27.0987	33.653522	29.059958	32.003582	106.8335	127.66183	40.176544	42.346024	105.77384	88.706123	143.01279	87.146729	89.185562	93.233673	138.19786
195.01273	93.465981	119.50426	166.83961	56.567051	213.07097	196.34425	210.76883	171.802	208.58328	160.13403	168.05386	165.85594	208.34615	176.39702	155.06563	127.94373	155.51927	137.05536	163.77368	172.93611	129.18187	145.20059	180.48784	130.77934	123.96873	120.14532	187.7946	200.15308	183.24541	167.41858	91.866394	184.2558	140.63959	175.74496	142.91208	123.71873	131.2339	154.31793	172.96667	132.65839	102.13527	99.179504	58.334042	60.439285	92.137863	129.7888	152.36427	128.06464	120.73386	67.764908	49.56477	182.05415	139.71877	170.92171	112.23922	148.43048	138.13182	173.30501	55.386665	195.37817	139.26178	136.26247	168.13722	113.78757	0	64.485405	33.217964	192.40959	77.767952	97.125946	38.823212	135.86557	114.88666	49.086838	75.720169	117.52004	124.57343	88.347984	125.28809	168.21652	111.88605	34.184288	154.43192
128.62903	128.69954	157.04845	177.66704	20.352125	171.57788	223.06488	203.41866	192.86723	203.55595	112.18535	176.86775	108.82182	191.16048	121.23004	188.99266	154.17596	115.34367	128.19572	182.64429	201.81114	168.2471	184.78021	214.0688	100.33385	115.76034	125.35043	221.81502	200.48738	206.3009	116.30536	67.657402	133.43301	154.64157	160.70493	171.14096	111.99405	147.15276	161.14374	191.46112	61.834991	98.395058	88.355843	48.862385	53.083141	66.230324	121.6656	122.78406	64.685814	144.496	96.166786	111.5705	182.89294	96.91555	158.3582	151.3062	151.89215	166.57658	174.29382	29.423656	165.73285	77.086044	139.57489	148.03572	146.7809	64.485405	0	31.486153	169.89023	121.07851	134.06181	109.19956	172.31476	75.380829	40.667423	91.521126	166.59068	120.51408	127.286	64.821373	101.54739	129.96199	55.237011	139.37741
187.29883	109.48969	137.44951	151.44342	34.877716	204.41899	212.46336	218.53529	187.58252	206.29005	138.79152	161.32382	137.69136	214.96803	157.39191	177.95082	135.23181	132.3311	126.19671	156.08453	192.57317	156.67746	171.15102	200.11853	108.93779	117.80912	124.17764	206.98128	205.09076	199.45601	139.82413	79.557915	178.58893	148.64563	165.87338	153.66634	123.58387	138.44514	156.1225	183.85794	103.53979	117.44095	89.528893	57.191196	56.188065	74.882835	133.86861	138.92909	119.34897	136.09599	77.971077	80.323158	183.61008	112.78811	176.55992	133.00711	162.38046	153.14818	179.25122	31.525158	177.27332	122.81698	150.21019	168.35867	133.827	33.217964	31.486153	0	180.84404	108.91766	117.57707	89.811066	156.62503	86.647919	41.098423	83.725258	144.20819	134.43752	113.82164	102.6013	142.14877	124.48088	43.051533	144.3839
169.03052	143.85931	193.98885	149.70004	157.84665	164.03902	157.7417	178.23834	99.108864	162.45998	202.72771	144.60431	159.37148	192.62109	144.23848	148.26285	164.09053	127.02123	123.53149	148.25874	182.56166	156.69836	190.01982	130.54089	127.50193	206.39412	205.41525	154.42789	192.23962	178.74327	96.351509	197.37683	174.0771	185.10049	189.35327	166.14037	175.97339	180.92815	179.15184	128.38303	182.07324	91.588333	96.186493	123.72738	100.99194	112.37419	76.193298	110.00013	129.21111	122.47697	157.39958	182.25345	16.183708	107.08507	66.818047	109.89816	103.98003	68.03418	22.096704	151.90858	22.866285	169.86438	116.80176	70.695694	137.73637	192.40959	169.89023	180.84404	0	170.01808	134.58403	178.64087	32.708851	144.31686	183.32558	181.58409	36.976776	115.33817	154.76346	181.63354	133.99989	115.75542	105.64699	146.89943
154.00101	147.44112	156.76562	173.5155	112.13895	186.34399	162.47585	178.70549	109.07594	186.43765	192.5484	176.5546	181.57312	173.31137	148.36403	120.36436	170.65193	195.61993	186.16748	178.75723	128.69479	88.128845	133.24808	125.82863	178.29163	183.80014	150.0632	135.08815	149.97652	131.0928	184.77791	167.75575	135.67941	145.87196	168.07364	133.68153	115.96282	145.84416	148.47015	143.85222	165.37611	105.78262	70.22287	61.45013	65.826004	74.579193	87.234627	115.52785	121.02406	100.39693	112.5032	74.557228	151.63956	87.740524	135.68816	81.394882	124.3957	120.49818	133.87656	108.25185	178.14499	163.0193	116.97308	112.6002	27.0987	77.767952	121.07851	108.91766	170.01808	0	65.858711	38.729393	57.088234	139.54057	116.51193	86.956398	41.272537	95.178093	37.27486	159.02635	152.31903	76.509804	52.035461	132.98927
116.14996	76.398811	103.75549	148.22072	70.747246	163.08717	128.44453	153.03015	52.084511	164.26176	141.31064	151.26443	133.75787	143.42834	106.47865	61.872845	117.42474	161.26738	147.76509	155.04475	84.660828	24.197443	81.059425	78.114746	124.11099	151.01567	79.769218	96.827736	115.93525	89.820549	158.4039	131.57205	99.389488	106.58871	152.15057	88.238884	85.785454	95.619789	102.26442	106.89196	132.33018	109.48663	68.52005	64.12738	75.365761	73.250679	77.041718	110.36576	88.283279	93.602791	33.979103	97.175758	125.45653	106.26682	124.14287	107.21942	130.14937	33.999657	143.16988	105.40466	101.60882	93.734634	119.20982	78.235313	33.653522	97.125946	134.06181	117.57707	134.58403	65.858711	0	62.279366	42.648685	68.328003	110.3849	45.987831	70.505981	90.081718	71.943085	117.44098	134.42612	74.251228	90.142899	128.9706
180.58305	107.16927	120.35087	188.45767	117.06773	199.11124	171.93492	195.81122	135.71104	193.31319	175.54752	186.12485	179.63341	193.23247	162.44763	110.97221	143.69231	182.12465	167.77496	189.28941	132.55072	83.732994	118.10271	138.42191	166.49173	160.68625	115.15659	151.53769	178.67415	149.08688	194.76903	169.04938	162.58215	140.76175	162.61964	129.3671	114.60253	126.92914	140.86702	143.9518	168.83154	111.27441	70.599243	52.246304	62.708511	72.413803	86.725639	118.06195	124.08926	112.32656	79.852043	39.745789	158.19287	120.53316	142.98698	93.325645	128.88083	139.07434	139.49474	99.124886	183.6058	160.77319	121.22462	125.35992	29.059958	38.823212	109.19956	89.811066	178.64087	38.729393	62.279366	0	83.042679	138.85161	79.303741	49.858059	75.791191	117.32153	66.573227	151.70952	165.069	97.119194	49.16803	132.36435
142.12852	148.13446	166.02615	128.02861	158.45691	148.78951	133.74596	151.7861	71.914406	140.75932	199.78526	132.41344	178.0797	160.86769	133.33434	118.79903	182.80402	214.63376	202.46107	128.51031	126.64266	83.228973	143.33751	108.94608	180.14958	195.90175	161.91655	124.55112	149.87236	128.03421	209.38408	184.95103	132.62103	147.69693	182.77185	129.14363	122.64513	143.29378	142.0255	128.45711	156.86127	169.41924	86.138527	89.236084	95.870392	98.448227	65.905319	104.62589	136.23268	98.810806	85.013565	120.90767	24.929672	86.135742	86.457497	71.431046	108.2122	31.964855	72.876724	154.65691	38.89341	145.68912	115.93417	56.117958	32.003582	135.86557	172.31476	156.62503	32.708851	57.088234	42.648685	83.042679	0	117.43085	146.12289	96.338272	32.024044	101.92467	89.220383	167.31418	130.80576	85.300674	98.059349	143.59383
82.357063	72.809212	135.73129	114.79283	32.810627	147.22055	191.25446	169.59816	154.09703	181.12054	70.961357	153.85188	57.733372	157.7907	132.7175	158.54941	131.37444	95.813408	106.52538	141.19341	173.74168	120.97381	167.03032	175.78258	37.534206	90.541946	83.667534	198.8006	150.01732	170.55243	83.584373	91.493156	69.861984	93.567223	135.02328	131.88503	69.477066	99.221634	114.40539	152.65482	39.060497	40.42593	103.62881	42.457218	49.309307	87.701996	137.04543	92.733116	23.428936	119.86766	25.827864	140.09048	124.70532	146.87654	155.01115	169.09319	131.92715	108.4665	171.29929	34.321365	151.79015	22.900023	119.98907	143.69797	106.8335	114.88666	75.380829	86.647919	144.31686	139.54057	68.328003	138.85161	117.43085	0	70.942375	32.685947	149.79463	99.104744	152.15532	60.90556	83.725525	81.08287	47.397003	147.56639
204.22794	108.07904	123.9387	210.07741	135.16373	217.04726	205.88643	215.58627	189.31593	221.36993	113.9065	214.76898	106.43281	208.67946	206.96887	169.20969	124.45522	115.42262	118.84299	214.98608	185.6844	155.38382	161.57014	195.05373	94.093102	109.43195	112.93945	202.29895	196.21857	194.23572	115.12379	170.38744	197.68149	138.10292	167.09915	143.96104	114.69801	128.58342	142.66399	178.02821	157.51376	111.66306	88.012016	53.344269	62.264462	76.153267	129.52571	135.05594	72.742775	141.51465	72.47139	42.80344	189.03003	157.95503	169.90668	133.87242	157.26344	146.18578	176.96663	41.664425	178.97614	85.435112	147.94012	162.61359	127.66183	49.086838	40.667423	41.098423	183.32558	116.51193	110.3849	79.303741	146.12289	70.942375	0	49.044861	141.51324	140.79285	124.43785	41.265747	120.50905	142.36201	75.790535	144.42076
189.79248	79.981956	106.583	201.72578	185.2274	205.74318	179.27635	199.42551	171.98863	202.80055	117.65409	207.23753	107.17052	196.13878	192.55696	111.83031	119.9885	121.96461	124.55561	205.48659	148.33255	91.536743	113.92863	159.68251	86.732254	111.59795	103.46113	164.00787	192.06265	173.25414	116.15433	186.45428	185.57445	127.99626	163.42912	127.34623	112.14445	117.32376	134.89954	148.50249	165.49692	106.32369	80.480415	63.249092	66.990685	78.726448	102.12946	115.79018	74.02243	150.37463	35.037254	36.829029	172.26059	167.14639	171.12213	132.22137	165.69289	111.16805	168.99887	86.804405	170.06335	36.368031	159.32637	140.83319	40.176544	75.720169	91.521126	83.725258	181.58409	86.956398	45.987831	49.858059	96.338272	32.685947	49.044861	0	92.56208	151.21664	132.92477	47.778214	144.16821	138.38863	81.488434	138.8092
152.36314	162.94756	173.80559	152.62093	174.85767	165.485	147.65839	165.21768	95.550316	162.15619	213.43341	153.75566	180.50867	172.22652	151.12006	131.77344	189.3141	223.03014	208.21227	150.97067	137.43047	101.8532	154.92693	124.44604	199.93005	202.75824	167.14044	141.95486	160.7709	136.46292	219.38171	197.04214	144.67157	161.1236	182.23711	143.8383	130.77144	157.66087	157.31537	140.80341	169.69615	181.30661	83.745079	81.300682	88.852013	92.368736	92.178825	111.27854	135.23892	100.6831	114.64926	99.835106	26.17701	119.4763	78.732574	42.615234	106.02461	69.000191	43.150425	161.41661	65.211395	178.06784	115.69636	90.746147	42.346024	117.52004	166.59068	144.20819	36.976776	41.272537	70.505981	75.791191	32.024044	149.79463	141.51324	92.56208	0	104.0777	53.043095	192.57152	148.59264	83.168999	88.989456	140.93471
168.4817	172.05592	191.8687	189.07187	167.80243	191.99237	170.83102	187.71191	117.59052	193.49724	179.32002	190.41512	151.08055	190.13681	177.22626	142.87619	200.15849	193.43233	207.0531	188.08502	147.07117	111.48383	173.91718	147.44128	149.34917	196.56961	193.56194	158.08839	176.4119	151.68861	172.0168	208.97343	160.80421	175.06255	194.5757	159.12994	134.59424	174.04842	167.64494	165.99939	189.70636	107.39986	96.462395	98.066238	64.473076	88.495628	84.552185	47.856556	79.341431	32.955589	133.76581	154.9976	119.48899	119.98508	116.78289	90.466576	94.471619	96.347313	113.14546	73.358681	115.99268	86.498528	50.147663	111.25132	105.77384	124.57343	120.51408	134.43752	115.33817	95.178093	90.081718	117.32153	101.92467	99.104744	140.79285	151.21664	104.0777	0	45.474304	109.3669	25.68223	23.037657	43.464699	156.51125
151.89882	156.35513	168.63141	175.60013	127.63224	177.72382	154.79576	171.52112	94.991409	180.91733	206.87695	180.1367	183.15813	171.59116	154.34312	125.19816	182.21864	207.57619	194.77817	175.65779	131.2739	91.070831	146.45267	128.12302	180.02959	188.03299	173.59763	135.46255	154.28355	134.29504	201.61899	187.81778	139.26741	152.40875	179.67273	135.38406	122.293	151.215	149.28401	141.93285	167.08264	123.93507	83.120987	80.97805	68.198006	84.215057	95.252777	113.09509	130.15814	42.009865	127.35566	108.69996	144.4958	125.80819	130.01398	37.920139	93.183952	75.377068	140.17126	118.40661	160.37712	165.86539	74.603043	115.42846	88.706123	88.347984	127.286	113.82164	154.76346	37.27486	71.943085	66.573227	89.220383	152.15532	124.43785	132.92477	53.043095	45.474304	0	166.56619	134.71223	41.955009	50.777199	140.12834
95.166466	124.4227	168.05978	117.71979	35.600922	161.13873	200.06758	176.98941	196.42517	171.58655	106.68228	186.85164	99.457954	178.87674	178.28249	180.6871	161.60156	114.07613	132.19453	145.53903	179.8707	162.02289	191.47124	211.96298	92.990669	114.0244	119.61623	224.2162	181.85559	189.43256	112.67508	135.59259	74.066338	142.05322	165.38643	173.39018	106.44164	142.0842	153.13246	182.78354	34.693417	93.676567	109.57888	54.010433	63.422161	82.722466	133.53159	96.270584	59.550072	158.54768	85.141647	139.32201	188.06181	100.53566	159.3866	181.08098	139.09509	154.57875	187.16649	52.131416	177.12117	30.698256	127.77469	157.00465	143.01279	125.28809	64.821373	102.6013	181.63354	159.02635	117.44098	151.70952	167.31418	60.90556	41.265747	47.778214	192.57152	109.3669	166.56619	0	104.43465	103.76614	76.193207	154.17197
97.54673	84.461739	141.24449	201.7702	31.081898	188.95212	196.61388	192.08565	152.76489	213.55095	110.77959	187.10443	120.16646	187.01151	114.76664	117.74971	81.228455	70.231239	59.81971	195.89577	149.04794	111.98423	161.01234	187.67041	83.811287	165.13231	187.68144	201.3501	196.88815	174.87061	122.53516	55.3349	118.09541	166.71861	80.52623	196.2366	119.65319	194.22931	132.91356	178.52756	104.83156	64.906479	82.754898	94.431297	44.082211	57.520531	42.626965	24.575546	67.187965	110.00175	119.42077	185.19009	146.12534	14.990216	52.569115	134.50648	41.155365	113.69312	136.72964	67.616814	123.97253	83.895187	51.469757	54.083122	87.146729	168.21652	101.54739	142.14877	133.99989	152.31903	134.42612	165.069	130.80576	83.725525	120.50905	144.16821	148.59264	25.68223	134.71223	104.43465	0	109.60992	20.711992	115.96924
144.0899	126.48652	175.79262	167.27837	49.447475	174.55542	155.29323	172.89226	100.85782	177.40439	162.1312	171.66904	124.2905	176.09349	134.97682	127.9094	178.04936	99.523735	147.52748	168.43002	133.36757	98.013809	156.9015	131.55109	79.291389	193.46284	183.0704	142.12692	161.46268	137.52293	43.314907	129.76836	141.54118	159.77046	164.20331	144.06815	124.51733	159.49948	156.53793	150.88986	148.65666	27.516268	107.14178	77.054863	41.87365	72.655823	105.41936	121.98721	66.926521	57.414749	124.5455	137.08151	108.09593	102.56938	128.60095	87.817535	123.03706	78.624969	112.30393	114.4364	129.67053	98.756012	97.428162	110.94201	89.185562	111.88605	129.96199	124.48088	115.75542	76.509804	74.251228	97.119194	85.300674	81.08287	142.36201	138.38863	83.168999	23.037657	41.955009	103.76614	109.60992	0	28.997366	146.42064
165.63712	109.6896	135.7406	181.47424	145.07423	184.68965	166.42593	181.75812	120.13203	186.27698	118.37533	181.93188	97.302597	186.23845	168.65042	140.05504	148.90623	159.91165	155.27306	179.97035	146.8022	117.12109	149.78484	144.71957	98.472878	143.00291	135.26128	159.09573	174.6243	149.39211	144.67273	185.57953	158.70341	154.54146	114.66709	146.536	106.20557	154.23827	118.77946	153.77602	149.63551	59.061535	54.498768	47.116451	24.57152	46.893574	57.149715	11.500274	18.836416	87.081146	73.715706	92.451096	111.87476	16.501932	77.02774	95.229561	70.353539	99.698318	105.42501	30.320644	104.50479	46.601494	70.918465	78.065086	93.233673	34.184288	55.237011	43.051533	105.64699	52.035461	90.142899	49.16803	98.059349	47.397003	75.790535	81.488434	88.989456	43.464699	50.777199	76.193207	20.711992	28.997366	0	94.758415
184.51816	152.91559	171.94405	196.00922	74.964447	195.90944	188.76842	201.66711	156.22505	194.10101	165.84354	190.26015	105.6282	200.24718	97.467171	174.27745	182.19962	168.12788	176.28941	190.79707	171.72287	151.078	168.27872	180.63251	161.16077	180.0544	171.43494	185.33867	194.0936	180.66072	166.69476	129.93501	184.23166	172.13934	83.18116	81.848846	118.1159	117.11275	92.675529	93.570312	94.107544	82.93277	57.763519	88.932114	84.421631	73.135895	82.34137	75.818687	83.581131	157.42184	131.52571	139.38583	151.04919	86.308769	163.69569	145.50078	171.41034	135.30125	149.07179	130.50468	146.66005	145.94455	163.73634	75.202156	138.19786	154.43192	139.37741	144.3839	146.89943	132.98927	128.9706	132.36435	143.59383	147.56639	144.42076	138.8092	140.93471	156.51125	140.12834	154.17197	115.96924	146.42064	94.758415	0
