0	0.19282651	0.39253664	0.32256454	0.10429209	0.38405478	0.43376952	0.37052286	0.2174855	0.3278636	0.24165383	0.34328479	0.17140464	0.52752268	0.16174355	0.32681099	0.46316651	0.29660508	0.47136623	0.27335253	0.41704071	0.24212092	0.41706032	0.31580606	0.10273799	0.2939617	0.44559947	0.3280136	0.58266258	0.42374986	0.16604663	0.17290623	0.29956684	0.30627549	0.20591532	0.1408599	0.13710608	0.13381907	0.039895061	0.20199573	0.13333972	0.012407179	0.11268528	0.11338625	0.118269	0.037132848	0.19861984	0.12464284	0.015079585	0.54025298	0.16889279	0.25851566	0.31475651	0.08554469	0.35998413	0.34063604	0.32669428	0.18899941	0.32817575	0.18117797	0.34076846	0.13390183	0.41667494	0.16702057	0.32412335	0.26226068	0.22365752	0.31385189	0.25698245	0.4044432	0.18707183	0.38125771	0.28364536	0.067122132	0.18464459	0.33857372	0.31864879	0.50321293	0.31501764	0.13678233	0.13418466	0.25953999	0.28565282	0.27737042
0.19282651	0	0.15193056	0.31688368	0.072099783	0.24580269	0.15910012	0.20392939	0.15054721	0.25912568	0.21980958	0.31884664	0.054778576	0.1062111	0.12235696	0.27629995	0.31563571	0.030605877	0.22665308	0.31907111	0.31124553	0.36633602	0.38591805	0.27158725	0.17315	0.34434739	0.32863671	0.36080334	0.28796643	0.40385121	0.0045258584	0.036852483	0.28886199	0.40614825	0.25582817	0.22803253	0.17334752	0.21717499	0.066103004	0.11231332	0.045577142	0.035795834	0.22502394	0.16450089	0.21624161	0.076102279	0.11774494	0.039147303	0.03938837	0.23846461	0.39274624	0.16406654	0.31058484	0.059702083	0.23416577	0.19498731	0.21125865	0.16096656	0.2547186	0.18806684	0.31767949	0.042959213	0.12051456	0.12787543	0.29254657	0.33976817	0.014806024	0.29447836	0.31652254	0.2984902	0.34679899	0.37304369	0.28358278	0.15328771	0.29464698	0.33496878	0.34770346	0.28218466	0.4260107	-0.013124452	0.028516009	0.26974002	0.39511541	0.25492749
0.39253664	0.15193056	0	0.19924788	0.11825804	0.32242587	0.72977304	0.49621004	0.35923311	0.26064694	0.33588895	0.27976915	0.2339561	0.58828831	0.24148251	0.22686262	0.47789779	0.48343471	0.44597054	0.28934669	0.28462198	0.30938202	0.32249755	0.48689011	0.18113847	0.61329174	0.62299222	0.33350518	0.3329249	0.47092101	0.20636804	0.12960266	0.25408244	0.22748269	0.37130052	0.24346595	0.26428023	0.17309134	0.050198797	0.22662738	0.07396552	0.021020291	0.20465498	0.23156194	0.149266	0.044948637	0.21348064	0.063951291	0.021418419	0.27475184	0.13304037	0.56458741	0.19725558	0.095152736	0.28364328	0.55508476	0.35787886	0.30568728	0.25386477	0.25323221	0.26439005	0.19779558	0.46366271	0.21146332	0.21227124	0.24467136	0.37706712	0.25664359	0.28268307	0.2805765	0.22403781	0.25684035	0.4005903	0.11087015	0.40088636	0.45797101	0.27674872	0.29189783	0.25938043	0.18841951	0.091716774	0.23412681	0.19638325	0.48481452
0.32256454	0.31688368	0.19924788	0	0.089953259	0.48633331	0.31139639	0.26368815	0.26255548	0.51779675	0.19064136	0.77805197	0.10877215	0.20203933	0.2130295	0.41034213	0.27175617	0.061035257	0.20576476	0.71310747	0.49255505	0.33665994	0.48863697	0.4257555	0.12190787	0.29591435	0.30189812	0.61720961	0.42443946	0.39524916	0.058776308	0.082289949	0.35194096	0.39734983	0.24524601	0.19167002	0.10756864	0.12908179	0.047315817	0.1822107	0.077054232	0.018793393	0.1930425	0.099895217	0.13679083	0.062925771	0.19922978	0.080129951	0.023861704	0.36405155	0.30860373	0.20863025	0.84054643	0.080703251	0.48516187	0.34466761	0.29781044	0.27625388	0.50859714	0.1771165	0.77692533	0.094375581	0.22144096	0.24571458	0.42841932	0.28812367	0.055739999	0.24529339	0.68981826	0.49681544	0.32495481	0.50988925	0.45823127	0.10606248	0.27671573	0.32658207	0.62412214	0.4125461	0.44664928	0.04983338	0.070093878	0.32443643	0.40143192	0.24346234
0.10429209	0.072099783	0.11825804	0.089953259	0	0.16704181	0.14282474	0.15255772	0.098234273	0.10244694	0.10706346	0.10601128	0.088739559	0.13679494	0.12161674	0.098034076	0.10244983	0.097785622	0.10192265	0.091315739	0.11909113	0.095668815	0.12078331	0.11854985	0.068715245	0.10822316	0.13313705	0.12126365	0.1344059	0.12469658	0.049027111	0.12542708	0.094473273	0.12020981	0.079813153	0.064297654	0.047353767	0.05173352	0.01654988	0.12558584	0.072235107	0.01201612	0.059626356	0.044771772	0.041257158	0.014043659	0.1059975	0.050992955	0.013180975	0.097579829	0.067900032	0.090911925	0.089539602	0.057727236	0.13650912	0.12109667	0.13156725	0.089379437	0.098294377	0.081320129	0.10261233	0.077861927	0.12128905	0.089465246	0.095027454	0.071805835	0.072813548	0.083828218	0.089203738	0.11523521	0.080608636	0.10948615	0.11107099	0.051395215	0.072593868	0.11200552	0.11275172	0.12073012	0.10439897	0.047138114	0.05340378	0.084359191	0.10533907	0.09301123
0.38405478	0.24580269	0.32242587	0.48633331	0.16704181	0	0.460163	0.49297893	0.26900101	0.56964028	0.23509441	0.56142479	0.18541993	0.34747434	0.32541898	0.36034378	0.31298429	0.18934147	0.27480131	0.44522202	0.42246717	0.28689572	0.45059553	0.39341992	0.12734714	0.30486277	0.34927976	0.5958035	0.45583105	0.42130408	0.11189532	0.15612738	0.312264	0.36024156	0.27687666	0.17874947	0.12209337	0.14555183	0.041527543	0.25492439	0.13357157	0.023007827	0.17371559	0.1132554	0.14220876	0.049544267	0.26018363	0.12723362	0.024399456	0.37734601	0.23800516	0.3080993	0.4828338	0.12405144	0.65780097	0.45012328	0.46084818	0.27384207	0.53945422	0.22062598	0.54653132	0.17168996	0.3484447	0.32225195	0.36557662	0.28947595	0.16447461	0.28514057	0.43370074	0.41998452	0.25961792	0.45262384	0.41686314	0.098051026	0.26398528	0.34770915	0.58796853	0.42610076	0.4178226	0.11234628	0.1252217	0.27490917	0.34923032	0.27703577
0.43376952	0.15910012	0.72977304	0.31139639	0.14282474	0.460163	0	0.54860491	0.51903552	0.38040259	0.3222526	0.39570388	0.32311702	0.70304555	0.34112644	0.28382614	0.35856423	0.44478834	0.35194933	0.36460146	0.34050766	0.39690074	0.30716014	0.71026778	0.25837964	0.55677032	0.6093657	0.44134295	0.39648327	0.48250774	0.2657828	0.1778094	0.29376304	0.24874255	0.43392727	0.26357502	0.23247008	0.15157719	0.047306534	0.30469081	0.089350037	0.02997588	0.23565347	0.21066168	0.13961323	0.047798235	0.3015883	0.082969189	0.031376991	0.32834521	0.14881141	0.56534368	0.30959278	0.12462627	0.4175663	0.74052715	0.44186652	0.47119033	0.36726055	0.26941586	0.37863943	0.30874819	0.60985237	0.31463653	0.26821175	0.19796877	0.38117585	0.23112169	0.35949519	0.33616403	0.32039177	0.27589339	0.62989801	0.1866869	0.41442734	0.50874925	0.39106283	0.35933271	0.2920337	0.26221594	0.13989531	0.26746726	0.23303629	0.51674408
0.37052286	0.20392939	0.49621004	0.26368815	0.15255772	0.49297893	0.54860491	0	0.22258648	0.3596459	0.30550984	0.31939611	0.15521337	0.46947289	0.21731214	0.26642668	0.40476033	0.37300658	0.37424752	0.28007734	0.32566956	0.29601896	0.39320558	0.32592434	0.09269353	0.46412653	0.40427616	0.51329124	0.35854077	0.55771255	0.10944148	0.14365718	0.24888304	0.30691481	0.34189099	0.20978338	0.18234833	0.16644683	0.045888275	0.21473731	0.11107727	0.01988316	0.18375579	0.16358092	0.14943165	0.045442756	0.20605546	0.09733849	0.019396283	0.2922217	0.1848906	0.38622975	0.26230595	0.11860904	0.41323948	0.45701087	0.51372892	0.20447756	0.33452567	0.25217459	0.31086847	0.12292755	0.37724003	0.20609978	0.26206726	0.296655	0.2819511	0.29533586	0.27358994	0.31259313	0.2421623	0.34326103	0.30339304	0.053617444	0.33176193	0.32545936	0.45698234	0.31384203	0.41625401	0.10368793	0.094563089	0.2161286	0.27579379	0.39663509
0.2174855	0.15054721	0.35923311	0.26255548	0.098234273	0.26900101	0.51903552	0.22258648	0	0.25999546	0.20370319	0.32680368	0.33041906	0.40203661	0.30603346	0.22410902	0.11969989	0.17628044	0.12674883	0.30716768	0.26489288	0.34645024	0.18477368	0.62230885	0.31830224	0.28597343	0.42163906	0.21326065	0.28284979	0.18812653	0.20841867	0.12787113	0.25034627	0.1963409	0.2728202	0.21822628	0.16492371	0.11090595	0.037338778	0.28604332	0.061918855	0.048443254	0.20532034	0.15447158	0.106594	0.041999228	0.28198066	0.058448154	0.050907739	0.20185348	0.14793035	0.28770387	0.26116148	0.092386112	0.25639382	0.43768191	0.21084711	0.49033356	0.26018322	0.17386656	0.29855067	0.32956043	0.3861469	0.26762864	0.21230273	0.048898689	0.15453108	0.087712102	0.30720407	0.26531675	0.29550517	0.18340819	0.54740578	0.25722274	0.22393169	0.37611926	0.20687155	0.27369967	0.1412493	0.20064195	0.11146781	0.23554818	0.19088343	0.32463765
0.3278636	0.25912568	0.26064694	0.51779675	0.10244694	0.56964028	0.38040259	0.3596459	0.25999546	0	0.22167549	0.54868209	0.14709087	0.28339162	0.18972453	0.33863059	0.27019268	0.15662892	0.24532044	0.53021312	0.40020263	0.31933275	0.40525258	0.35660234	0.150304	0.32125136	0.31463081	0.55613929	0.3975592	0.36365971	0.093109146	0.10314399	0.32240111	0.34013444	0.37485209	0.23571016	0.17896882	0.17979297	0.052098181	0.19886275	0.076745331	0.035563756	0.24142353	0.17865007	0.18765683	0.066236697	0.20985194	0.074978054	0.038545839	0.3371982	0.26292896	0.28325555	0.52265483	0.093408898	0.53740752	0.41110045	0.39167112	0.26552531	0.86638129	0.22596174	0.53502768	0.13901047	0.30840772	0.21107438	0.3412787	0.29400438	0.16733724	0.29152557	0.5329541	0.40145481	0.31099039	0.42892784	0.38284186	0.13617437	0.33079019	0.34851119	0.57866132	0.37514874	0.40394723	0.10253114	0.080901481	0.29027006	0.34616312	0.35350484
0.24165383	0.21980958	0.33588895	0.19064136	0.10706346	0.23509441	0.3222526	0.30550984	0.20370319	0.22167549	0	0.22494677	0.23528682	0.30598605	0.14436698	0.17847027	0.37592062	0.32052383	0.38602325	0.23978724	0.20448337	0.28315467	0.24734218	0.26672339	0.20154427	0.40204659	0.38275349	0.23776244	0.26808792	0.34731922	0.11406817	0.10422286	0.22520477	0.30315951	0.23978011	0.19465725	0.1997747	0.17738748	0.052404143	0.15552317	0.067929089	0.033617053	0.17205711	0.18117388	0.15502994	0.047593839	0.13865291	0.05084059	0.033609886	0.21557707	0.21343978	0.23503266	0.18741612	0.073884904	0.2054836	0.25064886	0.23461464	0.16962828	0.21728152	0.27391383	0.21753368	0.12431724	0.23791802	0.12353918	0.17761303	0.26924661	0.22149836	0.31482822	0.23721497	0.19920099	0.23232044	0.2180579	0.22466804	0.15083747	0.26345873	0.30156809	0.21348441	0.23296027	0.26048651	0.083659314	0.052330147	0.20642729	0.2557942	0.28501478
0.34328479	0.31884664	0.27976915	0.77805197	0.10601128	0.56142479	0.39570388	0.31939611	0.32680368	0.54868209	0.22494677	0	0.14453624	0.26422003	0.27974463	0.40268943	0.30690888	0.11335886	0.24341114	0.74903005	0.48466143	0.35450727	0.48624346	0.4706043	0.15169357	0.33741495	0.3596881	0.62467134	0.44290864	0.42712057	0.082208328	0.099787392	0.37797624	0.40977684	0.29267514	0.2219861	0.13882744	0.15215652	0.052909352	0.21471649	0.083308309	0.022959767	0.22047502	0.13108887	0.1552017	0.068016611	0.22885942	0.083430812	0.02695553	0.37456223	0.31326509	0.28906679	0.76467496	0.094599292	0.5398742	0.42344925	0.34261036	0.32386607	0.52773374	0.2159618	0.80339593	0.13659462	0.28583273	0.29835019	0.41763952	0.31028402	0.11694063	0.27999833	0.72540283	0.48594099	0.33863592	0.49914551	0.50199121	0.12976873	0.31738606	0.38516608	0.62335646	0.42703968	0.45788714	0.081516229	0.084204495	0.34740269	0.40928683	0.29241994
0.17140464	0.054778576	0.2339561	0.10877215	0.088739559	0.18541993	0.32311702	0.15521337	0.33041906	0.14709087	0.23528682	0.14453624	0	0.33900335	0.20166703	0.1536479	0.070754804	0.20174536	0.12231701	0.13172263	0.19371164	0.14211662	0.12334166	0.32089645	0.30680525	0.09529721	0.33841571	0.073120467	0.21895665	0.048395891	0.23974805	0.15229745	0.14524001	0.11507951	0.087807104	0.10144033	0.094762057	0.065665103	0.018510547	0.23523174	0.096162014	0.053060241	0.083919451	0.07738211	0.052876223	0.015155816	0.23163161	0.092090994	0.044772029	0.13717957	0.039666548	0.10846468	0.10767741	0.07454665	0.18078282	0.20070145	0.12921269	0.2762464	0.15333922	0.11278447	0.1374002	0.3516033	0.27137345	0.17677462	0.14068565	-0.04821907	0.11741766	0.020244954	0.12958434	0.19829865	0.086863257	0.11824565	0.253335	0.19825508	-0.004332582	0.21965331	0.073931597	0.20523097	0.006819047	0.19503701	0.12565096	0.13506091	0.096835703	0.17050064
0.52752268	0.1062111	0.58828831	0.20203933	0.13679494	0.34747434	0.70304555	0.46947289	0.40203661	0.28339162	0.30598605	0.26422003	0.33900335	0	0.23929018	0.23788629	0.3698366	0.51551616	0.44350892	0.23240153	0.31742454	0.28474531	0.26172969	0.48035511	0.24024409	0.37535384	0.60264093	0.22493151	0.45617312	0.37514284	0.32068807	0.25788465	0.25000465	0.21500558	0.29987663	0.1957095	0.18850698	0.12740989	0.041453741	0.27548656	0.12705749	0.021749645	0.1568079	0.15753201	0.10392492	0.032844245	0.25770199	0.11071795	0.020520961	0.36956987	0.086426504	0.36667183	0.19934307	0.11179287	0.31384805	0.49723825	0.36299324	0.33331645	0.28428343	0.21765515	0.25410134	0.29539186	0.6396842	0.206232	0.22189015	0.1262532	0.40101951	0.23242564	0.22474913	0.30604553	0.20329374	0.22609577	0.38637936	0.15881607	0.20708904	0.44219452	0.20716469	0.37165776	0.19307691	0.28379056	0.18624409	0.21904901	0.18344329	0.41079181
0.16174355	0.12235696	0.24148251	0.2130295	0.12161674	0.32541898	0.34112644	0.21731214	0.30603346	0.18972453	0.14436698	0.27974463	0.20166703	0.23929018	0	0.19172186	0.1210383	0.1117104	0.10611916	0.22796524	0.21550877	0.18947826	0.18996495	0.37214926	0.17020111	0.18453267	0.26129773	0.23477872	0.23483139	0.17771825	0.10361011	0.10489704	0.18685859	0.18116741	0.16388114	0.12786832	0.085417598	0.079053953	0.025990434	0.24499546	0.075681858	0.0270332	0.12262853	0.079600513	0.070882581	0.029107327	0.22560848	0.071341038	0.028338529	0.17039301	0.11636284	0.22182186	0.21139006	0.081175268	0.27931136	0.31442162	0.20394927	0.28840458	0.18230753	0.13404118	0.2570715	0.20712361	0.24559379	0.28607902	0.18767832	0.087317891	0.10049222	0.10305726	0.22400317	0.21407966	0.16529648	0.18351555	0.36248839	0.13360988	0.15068538	0.24737433	0.21985197	0.22833207	0.15400085	0.10631099	0.093430296	0.16940393	0.16941021	0.18074244
0.32681099	0.27629995	0.22686262	0.41034213	0.098034076	0.36034378	0.28382614	0.26642668	0.22410902	0.33863059	0.17847027	0.40268943	0.1536479	0.23788629	0.19172186	0	0.26662016	0.11092944	0.21145906	0.32496202	0.61252356	0.33578882	0.59986573	0.34393007	0.12487134	0.25327829	0.3840166	0.46642315	0.44939172	0.41728812	0.085809298	0.099481054	0.35367149	0.40603727	0.19612984	0.21303366	0.10409468	0.15389349	0.041386396	0.22285093	0.12365127	0.022482814	0.18978469	0.094892591	0.1526788	0.052720238	0.24239433	0.12544803	0.026386263	0.35191408	0.24957417	0.20810413	0.40460896	0.088103883	0.36483693	0.29062301	0.28732878	0.22435077	0.33570826	0.16240755	0.41160619	0.13671601	0.24772231	0.20978734	0.60644984	0.24699278	0.091778249	0.21625511	0.31545928	0.60167432	0.2929765	0.59073794	0.35413131	0.098735154	0.21201955	0.36260778	0.46546954	0.4449982	0.44459441	0.077514283	0.090494536	0.32735789	0.39945379	0.22675668
0.46316651	0.31563571	0.47789779	0.27175617	0.10244983	0.31298429	0.35856423	0.40476033	0.11969989	0.27019268	0.37592062	0.30690888	0.070754804	0.3698366	0.1210383	0.26662016	0	0.36034703	0.6366452	0.3054907	0.32318407	0.30658907	0.47096628	0.23201494	0.075375065	0.5238778	0.49558508	0.37093842	0.40970841	0.57756609	0.08194112	0.094916835	0.28842512	0.42181921	0.27077416	0.2166466	0.23317289	0.23943149	0.066787906	0.12165199	0.085782379	0.0094137443	0.17919454	0.19975737	0.21084441	0.062926531	0.10414445	0.067504361	0.011471643	0.37156042	0.29068547	0.31790465	0.26409712	0.06802693	0.2736055	0.27862296	0.30470368	0.093896203	0.26613888	0.26680675	0.30022275	0.014552537	0.25345236	0.1143435	0.27849898	0.4847734	0.23624364	0.47717056	0.29383907	0.31129533	0.24738729	0.39855632	0.19967812	0.039067082	0.32508013	0.3758373	0.33358005	0.34775606	0.439347	0.041502051	0.051099729	0.26096928	0.3600136	0.33479795
0.29660508	0.030605877	0.48343471	0.061035257	0.097785622	0.18934147	0.44478834	0.37300658	0.17628044	0.15662892	0.32052383	0.11335886	0.20174536	0.51551616	0.1117104	0.11092944	0.36034703	0	0.46098202	0.11683893	0.14538611	0.15408199	0.14516768	0.15698129	0.09852352	0.33426404	0.41691792	0.09715309	0.21767952	0.26354104	0.19328409	0.14761421	0.13292384	0.11852918	0.17464493	0.12604295	0.14960167	0.093982242	0.029777434	0.14671282	0.076336831	0.0003226109	0.084004797	0.11777159	0.070131347	0.016905364	0.12315632	0.061043456	-0.0019246223	0.18625253	0.011422879	0.24199244	0.062195234	0.069065936	0.1627264	0.2510086	0.23491092	0.11396023	0.16463678	0.19409461	0.10767406	0.14131047	0.33760655	0.083576001	0.1009841	0.1151548	0.43180636	0.21176563	0.1144278	0.15057433	0.068563148	0.11132033	0.076500803	0.027715757	0.12475955	0.2228377	0.075153857	0.17749521	0.092182331	0.15482025	0.088610195	0.12302786	0.085745141	0.28785753
0.47136623	0.22665308	0.44597054	0.20576476	0.10192265	0.27480131	0.35194933	0.37424752	0.12674883	0.24532044	0.38602325	0.24341114	0.12231701	0.44350892	0.10611916	0.21145906	0.6366452	0.46098202	0	0.24583276	0.25697991	0.24650325	0.34169412	0.18621875	0.088015161	0.42079228	0.47762227	0.25596395	0.37796608	0.4467288	0.13880743	0.13335611	0.23664607	0.32247138	0.2115375	0.18045096	0.20314609	0.18866658	0.055231776	0.12336583	0.090810515	0.0071532605	0.13899578	0.16410746	0.16014881	0.046688501	0.10185963	0.073076122	0.0071490854	0.35140172	0.20044382	0.23814681	0.20146032	0.066667244	0.23911697	0.2189112	0.268828	0.083607592	0.25083405	0.24891935	0.23858845	0.053590361	0.28564751	0.093080036	0.21799089	0.35496107	0.29623875	0.46026805	0.2379037	0.25300455	0.17099173	0.29058757	0.13166945	0.036952596	0.20053871	0.3047998	0.23376393	0.31371647	0.29944959	0.084310934	0.077176236	0.21735083	0.27243125	0.30248436
0.27335253	0.31907111	0.28934669	0.71310747	0.091315739	0.44522202	0.36460146	0.28007734	0.30716768	0.53021312	0.23978724	0.74903005	0.13172263	0.23240153	0.22796524	0.32496202	0.3054907	0.11683893	0.24583276	0	0.39975935	0.3579959	0.41320577	0.45080164	0.17321788	0.35572362	0.3543117	0.52516681	0.3588959	0.39250034	0.072293147	0.075548492	0.36987081	0.3801913	0.34120637	0.26465228	0.187913	0.18205363	0.063886225	0.17261368	0.045333393	0.02982972	0.26509005	0.18058597	0.18501826	0.079724327	0.18425024	0.042743593	0.034188271	0.29948911	0.31922814	0.29799226	0.69357741	0.081310511	0.42279053	0.38907439	0.28679088	0.31642127	0.50159407	0.23078874	0.71766722	0.12662604	0.25155827	0.24411616	0.33645838	0.30769467	0.12684582	0.28598306	0.82093555	0.39658466	0.34391454	0.41562805	0.47225872	0.15465018	0.33787093	0.38260847	0.51863754	0.34315395	0.40652499	0.074730508	0.059939746	0.34627101	0.37876055	0.34481129
0.41704071	0.31124553	0.28462198	0.49255505	0.11909113	0.42246717	0.34050766	0.32566956	0.26489288	0.40020263	0.20448337	0.48466143	0.19371164	0.31742454	0.21550877	0.61252356	0.32318407	0.14538611	0.25697991	0.39975935	0	0.33775771	0.78488553	0.37196615	0.13939545	0.29026759	0.45358273	0.54704809	0.57383305	0.52053732	0.11457454	0.13160709	0.44657806	0.51212943	0.22627343	0.22060908	0.12056855	0.17764075	0.053331912	0.27310055	0.14826216	0.023172373	0.20543353	0.10770785	0.16345431	0.059287526	0.29123405	0.14902021	0.026468415	0.42353618	0.27801672	0.24026534	0.48397288	0.10429467	0.42239034	0.33035347	0.33206397	0.2606566	0.39176324	0.18042317	0.49237299	0.16853531	0.30402461	0.23328327	0.60286611	0.26652133	0.11680488	0.22848374	0.38425916	0.83671033	0.3082619	0.73397934	0.38509834	0.10534395	0.22889425	0.41811401	0.52959824	0.54346544	0.52875084	0.10490138	0.11359481	0.40053231	0.48053586	0.27393556
0.24212092	0.36633602	0.30938202	0.33665994	0.095668815	0.28689572	0.39690074	0.29601896	0.34645024	0.31933275	0.28315467	0.35450727	0.14211662	0.28474531	0.18947826	0.33578882	0.30658907	0.15408199	0.24650325	0.3579959	0.33775771	0	0.35922238	0.49207345	0.24868304	0.4619168	0.41624346	0.38195425	0.33136481	0.45964196	0.078220554	0.068194285	0.332699	0.38958377	0.36614946	0.289222	0.21227802	0.21280587	0.065274425	0.18120185	0.04341856	0.043256704	0.28333452	0.20521115	0.21664666	0.078487664	0.18651885	0.038131777	0.04718801	0.2715826	0.34443155	0.29600769	0.3347857	0.087929755	0.26912329	0.39060387	0.28108314	0.33248088	0.31519878	0.2497955	0.35042733	0.14152968	0.29429477	0.18000963	0.32390466	0.31286499	0.14013031	0.29934567	0.36102509	0.32913777	0.49081197	0.34969842	0.47240975	0.22126129	0.40379432	0.42816898	0.36343375	0.32836455	0.42676911	0.076668613	0.054334149	0.31323719	0.3813051	0.37434575
0.41706032	0.38591805	0.32249755	0.48863697	0.12078331	0.45059553	0.30716014	0.39320558	0.18477368	0.40525258	0.24734218	0.48624346	0.12334166	0.26172969	0.18996495	0.59986573	0.47096628	0.14516768	0.34169412	0.41320577	0.78488553	0.35922238	0	0.31440297	0.090016812	0.38497701	0.47613132	0.63516724	0.55067283	0.64231485	0.062302522	0.10267796	0.4288505	0.5615083	0.27102461	0.24018098	0.16559021	0.25789952	0.070189059	0.22496322	0.14386122	0.021577612	0.2216422	0.15116695	0.23919053	0.074471846	0.2372922	0.13880803	0.02496041	0.42335397	0.34997213	0.27202165	0.47694156	0.097896829	0.43631521	0.30822742	0.37153983	0.18670863	0.39116517	0.20847413	0.49121276	0.088778563	0.23678593	0.21082965	0.60147375	0.41268665	0.09651199	0.32854381	0.39580038	0.72575229	0.33102748	0.80042768	0.33552074	0.064490147	0.29310989	0.43976787	0.60227185	0.51493061	0.63800591	0.044569273	0.083266273	0.38317168	0.52152216	0.30759728
0.31580606	0.27158725	0.48689011	0.4257555	0.11854985	0.39341992	0.71026778	0.32592434	0.62230885	0.35660234	0.26672339	0.4706043	0.32089645	0.48035511	0.37214926	0.34393007	0.23201494	0.15698129	0.18621875	0.45080164	0.37196615	0.49207345	0.31440297	0	0.35127494	0.48551726	0.54115295	0.4298898	0.39340296	0.39102969	0.2250337	0.13510503	0.34647122	0.32064059	0.4228209	0.29688701	0.21986242	0.16965044	0.054919586	0.30215746	0.067036547	0.053371519	0.28661793	0.20785192	0.16756289	0.066130683	0.31091541	0.064890996	0.057543326	0.31568813	0.26725239	0.43808335	0.4163152	0.11009134	0.37232727	0.64520454	0.32072729	0.58311641	0.35245702	0.23556127	0.45201135	0.33207634	0.49045807	0.35136348	0.33354887	0.18057486	0.15707961	0.19508636	0.44659233	0.36883512	0.44883096	0.30929425	0.820701	0.2934171	0.40612826	0.53252119	0.40419185	0.3837243	0.32237351	0.22168639	0.12041824	0.323172	0.31433558	0.46042928
0.10273799	0.17315	0.18113847	0.12190787	0.068715245	0.12734714	0.25837964	0.09269353	0.31830224	0.150304	0.20154427	0.15169357	0.30680525	0.24024409	0.17020111	0.12487134	0.075375065	0.09852352	0.088015161	0.17321788	0.13939545	0.24868304	0.090016812	0.35127494	0	0.20933761	0.35817745	0.069913067	0.18229796	0.088494524	0.14051832	0.093639284	0.18124403	0.16028047	0.18682985	0.16694164	0.16115648	0.12024906	0.035590835	0.18895109	0.039082874	0.065267727	0.16178559	0.15191741	0.11848164	0.038836654	0.18685155	0.035045747	0.066003077	0.11144683	0.17132284	0.14068973	0.12085242	0.064187191	0.12330549	0.21387932	0.10106849	0.28767395	0.15378353	0.16466357	0.14262073	0.28149068	0.23188227	0.14353907	0.11694498	0.035526156	0.078425571	0.084301554	0.17568539	0.13786489	0.2220947	0.090078004	0.30425677	0.33710515	0.15632577	0.31263086	0.072140165	0.17612518	0.067422375	0.12413644	0.081305936	0.17126164	0.15434031	0.22065784
0.2939617	0.34434739	0.61329174	0.29591435	0.10822316	0.30486277	0.55677032	0.46412653	0.28597343	0.32125136	0.40204659	0.33741495	0.09529721	0.37535384	0.18453267	0.25327829	0.5238778	0.33426404	0.42079228	0.35572362	0.29026759	0.4619168	0.38497701	0.48551726	0.20933761	0	0.56484395	0.44536847	0.32153571	0.6195609	0.097304061	0.050460473	0.30524519	0.38424435	0.48717076	0.3105793	0.31797382	0.26556459	0.07488317	0.15712312	0.034203418	0.038674708	0.28132331	0.29015937	0.24327599	0.077832527	0.1415638	0.019487174	0.037850175	0.26703304	0.33231971	0.4948599	0.29158223	0.082737021	0.26317039	0.49594858	0.35088581	0.26170999	0.30883923	0.29831946	0.32419747	0.071762927	0.31601515	0.16020972	0.25670403	0.41136622	0.24825563	0.36458999	0.35301265	0.27529994	0.41102418	0.32495883	0.43201178	0.15831	0.64229971	0.49533701	0.3781487	0.28286031	0.46181223	0.067774579	0.018699022	0.27691603	0.33848047	0.54128301
0.44559947	0.32863671	0.62299222	0.30189812	0.13313705	0.34927976	0.6093657	0.40427616	0.42163906	0.31463081	0.38275349	0.3596881	0.33841571	0.60264093	0.26129773	0.3840166	0.49558508	0.41691792	0.47762227	0.3543117	0.45358273	0.41624346	0.47613132	0.54115295	0.35817745	0.56484395	0	0.35694525	0.45020148	0.48154444	0.26649708	0.1807965	0.34654033	0.36447877	0.35293922	0.29383656	0.29557848	0.24088956	0.070098005	0.28546265	0.10983725	0.043960974	0.24953513	0.25306687	0.21945412	0.068218522	0.27757892	0.10439599	0.047282219	0.36661714	0.27971718	0.38490444	0.29646766	0.11007235	0.33483282	0.43057865	0.33405069	0.35093284	0.32675561	0.25615141	0.35144106	0.28022185	0.46277422	0.23571536	0.37218952	0.25316781	0.27044687	0.29931942	0.34619409	0.44504046	0.31607717	0.42854097	0.43784031	0.24316756	0.3181763	0.62297332	0.32696274	0.41819972	0.33752269	0.19621257	0.1391807	0.32645136	0.33565229	0.49341619
0.3280136	0.36080334	0.33350518	0.61720961	0.12126365	0.5958035	0.44134295	0.51329124	0.21326065	0.55613929	0.23776244	0.62467134	0.073120467	0.22493151	0.23477872	0.46642315	0.37093842	0.09715309	0.25596395	0.52516681	0.54704809	0.38195425	0.63516724	0.4298898	0.069913067	0.44536847	0.35694525	0	0.42259178	0.6628027	0.03354137	0.074198164	0.35134584	0.45794186	0.3627578	0.2376529	0.14859374	0.19100596	0.055407386	0.19444109	0.093833759	0.018204631	0.23213668	0.143591	0.19034255	0.069899	0.21013518	0.091945007	0.021889174	0.35523039	0.34412348	0.35528177	0.60729134	0.1026911	0.56962597	0.47564822	0.50123531	0.23574513	0.52904844	0.22806334	0.62393445	0.057384443	0.25115797	0.26712933	0.47805417	0.40719396	0.086910114	0.32381803	0.51750952	0.52345401	0.36896718	0.61586052	0.47581387	0.059545022	0.40047091	0.3818424	0.87845576	0.40929469	0.66875333	0.034500889	0.061229963	0.31672949	0.44939795	0.36175796
0.58266258	0.28796643	0.3329249	0.42443946	0.1344059	0.45583105	0.39648327	0.35854077	0.28284979	0.3975592	0.26808792	0.44290864	0.21895665	0.45617312	0.23483139	0.44939172	0.40970841	0.21767952	0.37796608	0.3588959	0.57383305	0.33136481	0.55067283	0.39340296	0.18229796	0.32153571	0.45020148	0.42259178	0	0.47411948	0.14771061	0.19606566	0.51488388	0.47910759	0.25304863	0.19258532	0.15057281	0.18821126	0.053166434	0.27449504	0.1661635	0.034673527	0.1810607	0.13529678	0.17320132	0.055660654	0.27855808	0.15251073	0.035591882	0.5476684	0.27109349	0.27968338	0.41361147	0.11092559	0.43362653	0.37685803	0.35338527	0.27374211	0.38752884	0.22920255	0.44065681	0.19667107	0.40781018	0.24401256	0.44887018	0.31525913	0.18160336	0.32479745	0.34279385	0.54842812	0.30201814	0.52482671	0.39527482	0.14832628	0.25930065	0.42273316	0.42241535	0.68993324	0.44351903	0.13361758	0.14934567	0.42496216	0.43690893	0.27522939
0.42374986	0.40385121	0.47092101	0.39524916	0.12469658	0.42130408	0.48250774	0.55771255	0.18812653	0.36365971	0.34731922	0.42712057	0.048395891	0.37514284	0.17771825	0.41728812	0.57756609	0.26354104	0.4467288	0.39250034	0.52053732	0.45964196	0.64231485	0.39102969	0.088494524	0.6195609	0.48154444	0.6628027	0.47411948	0	0.049400251	0.074988566	0.3982884	0.5440743	0.41301689	0.28636596	0.21544597	0.25684619	0.073813297	0.16361748	0.084458828	0.012841843	0.26713732	0.20117436	0.24457625	0.080790229	0.16527666	0.075539283	0.016128026	0.39853895	0.38005254	0.42883021	0.38711169	0.1004053	0.37802207	0.46753153	0.4679901	0.18992652	0.33855775	0.30100805	0.42195755	0.025323076	0.33508751	0.17972998	0.4296397	0.53790206	0.22837265	0.47234508	0.38044971	0.47417298	0.42991176	0.57203025	0.39325187	0.071926929	0.50889456	0.47804284	0.59131044	0.42943767	0.75570107	0.043627124	0.054866739	0.35132113	0.50404441	0.42798951
0.16604663	0.0045258584	0.20636804	0.058776308	0.049027111	0.11189532	0.2657828	0.10944148	0.20841867	0.093109146	0.11406817	0.082208328	0.23974805	0.32068807	0.10361011	0.085809298	0.08194112	0.19328409	0.13880743	0.072293147	0.11457454	0.078220554	0.062302522	0.2250337	0.14051832	0.097304061	0.26649708	0.03354137	0.14771061	0.049400251	0	0.11577597	0.078319125	0.041385792	0.069020607	0.064382218	0.059915554	0.024621358	0.01122946	0.12161813	0.055616885	0.013055059	0.044804059	0.043402754	0.016881941	0.0077599501	0.11729921	0.053288173	0.013696131	0.11111268	-0.0058505768	0.087068394	0.056809258	0.041608766	0.10930548	0.15041637	0.089645058	0.16095394	0.10025179	0.061586045	0.079118937	0.19319473	0.23585145	0.086925916	0.07635019	-0.035476182	0.12913287	0.030426946	0.06981384	0.11876111	0.035033304	0.059433158	0.16238844	0.091003031	-0.00052218093	0.1668328	0.036007725	0.12759019	-0.0069622728	0.22034927	0.094155073	0.073934622	0.036237855	0.14013368
0.17290623	0.036852483	0.12960266	0.082289949	0.12542708	0.15612738	0.1778094	0.14365718	0.12787113	0.10314399	0.10422286	0.099787392	0.15229745	0.25788465	0.10489704	0.099481054	0.094916835	0.14761421	0.13335611	0.075548492	0.13160709	0.068194285	0.10267796	0.13510503	0.093639284	0.050460473	0.1807965	0.074198164	0.19606566	0.074988566	0.11577597	0	0.088193439	0.097424835	0.055201296	0.044956468	0.032964248	0.035600591	0.014012284	0.13807452	0.087722689	0.011251292	0.035052393	0.027853284	0.01730649	0.0065665436	0.12947994	0.072992057	0.012134155	0.13996844	0.028500685	0.072144985	0.08224339	0.054438017	0.142196	0.12659709	0.12846191	0.11058977	0.104224	0.058307335	0.098461539	0.13608149	0.21043377	0.096011981	0.092621319	0.0185012	0.10496333	0.064248681	0.072165474	0.12871893	0.044058077	0.094718352	0.11718415	0.067010134	0.0045781136	0.13596611	0.077212632	0.16207649	0.048189458	0.10525019	0.11158993	0.077376306	0.077753574	0.084729061
0.29956684	0.28886199	0.25408244	0.35194096	0.094473273	0.312264	0.29376304	0.24888304	0.25034627	0.32240111	0.22520477	0.37797624	0.14524001	0.25000465	0.18685859	0.35367149	0.28842512	0.13292384	0.23664607	0.36987081	0.44657806	0.332699	0.4288505	0.34647122	0.18124403	0.30524519	0.34654033	0.35134584	0.51488388	0.3982884	0.078319125	0.088193439	0	0.43475771	0.25832331	0.23848988	0.16036473	0.18912984	0.057245042	0.1885543	0.078448914	0.033629008	0.234707	0.15312357	0.18440269	0.066616707	0.20025603	0.071446963	0.036107548	0.32226768	0.28337863	0.25581139	0.34541181	0.082465559	0.29592726	0.31085452	0.24938962	0.25241542	0.30843154	0.21720159	0.37106532	0.14155406	0.25942814	0.18980135	0.3571156	0.28497893	0.1434952	0.26850557	0.36357948	0.42629203	0.32250535	0.4156903	0.35734269	0.16247992	0.2859475	0.37077144	0.34584793	0.46637979	0.39889786	0.081917599	0.071298897	0.44168839	0.39393854	0.25946796
0.30627549	0.40614825	0.22748269	0.39734983	0.12020981	0.36024156	0.24874255	0.30691481	0.1963409	0.34013444	0.30315951	0.40977684	0.11507951	0.21500558	0.18116741	0.40603727	0.42181921	0.11852918	0.32247138	0.3801913	0.51212943	0.38958377	0.5615083	0.32064059	0.16028047	0.38424435	0.36447877	0.45794186	0.47910759	0.5440743	0.041385792	0.097424835	0.43475771	0	0.27366006	0.25220755	0.16844167	0.24891412	0.072654843	0.19318245	0.10754181	0.034487706	0.24302156	0.15729761	0.22845355	0.080510862	0.19591489	0.090191931	0.036360245	0.34044051	0.38985056	0.23084602	0.38982683	0.094379462	0.33829743	0.27998546	0.29855567	0.20314144	0.3262876	0.25443834	0.40812725	0.086968668	0.21377377	0.18617617	0.41948652	0.41056669	0.097574271	0.3641668	0.37265363	0.48245624	0.38089019	0.52650267	0.33993387	0.14578392	0.3263135	0.38943785	0.44232345	0.43431592	0.55387002	0.031579088	0.068914004	0.37142667	0.5237239	0.26770183
0.20591532	0.25582817	0.37130052	0.24524601	0.079813153	0.27687666	0.43392727	0.34189099	0.2728202	0.37485209	0.23978011	0.29267514	0.087807104	0.29987663	0.16388114	0.19612984	0.27077416	0.17464493	0.2115375	0.34120637	0.22627343	0.36614946	0.27102461	0.4228209	0.18682985	0.48717076	0.35293922	0.3627578	0.25304863	0.41301689	0.069020607	0.055201296	0.25832331	0.27366006	0	0.34415463	0.32663178	0.28036916	0.076553136	0.14348823	0.021175414	0.056404267	0.36611328	0.34881535	0.29344472	0.093510903	0.14930628	0.01742609	0.058132257	0.23219113	0.27834031	0.47866943	0.2462724	0.079633646	0.24305813	0.52698386	0.35903794	0.29636937	0.34759474	0.28289846	0.27605295	0.12846088	0.38969636	0.15268251	0.20185713	0.34535086	0.28294525	0.32807571	0.34830818	0.22004478	0.38914984	0.27741376	0.45008993	0.19395736	0.56261098	0.49588418	0.3602896	0.23711354	0.39875725	0.12461508	0.0450937	0.23158351	0.27980337	0.69768077
0.1408599	0.22803253	0.24346595	0.19167002	0.064297654	0.17874947	0.26357502	0.20978338	0.21822628	0.23571016	0.19465725	0.2219861	0.10144033	0.1957095	0.12786832	0.21303366	0.2166466	0.12604295	0.18045096	0.26465228	0.22060908	0.289222	0.24018098	0.29688701	0.16694164	0.3105793	0.29383656	0.2376529	0.19258532	0.28636596	0.064382218	0.044956468	0.23848988	0.25220755	0.34415463	0	0.23823746	0.21416786	0.063456535	0.12838276	0.023572052	0.042576458	0.32839653	0.22543304	0.20765962	0.070455052	0.11932703	0.016470401	0.045017961	0.14107621	0.22036031	0.22390804	0.19265267	0.057182722	0.15786341	0.25503263	0.18672889	0.20952362	0.22923838	0.17356206	0.21313785	0.096294738	0.19107698	0.11076933	0.19563521	0.19898739	0.11831654	0.19371848	0.27190271	0.20951179	0.27409694	0.22082491	0.28065041	0.14643298	0.26573312	0.29259717	0.22248432	0.18045142	0.26574665	0.061766639	0.029618293	0.22333825	0.23927568	0.36094883
0.13710608	0.17334752	0.26428023	0.10756864	0.047353767	0.12209337	0.23247008	0.18234833	0.16492371	0.17896882	0.1997747	0.13882744	0.094762057	0.18850698	0.085417598	0.10409468	0.23317289	0.14960167	0.20314609	0.187913	0.12056855	0.21227802	0.16559021	0.21986242	0.16115648	0.31797382	0.29557848	0.14859374	0.15057281	0.21544597	0.059915554	0.032964248	0.16036473	0.16844167	0.32663178	0.23823746	0	0.27449188	0.058705755	0.10158029	0.029012168	0.078826323	0.22521023	0.3791897	0.26605111	0.059426688	0.096492551	0.021550985	0.065489396	0.12426117	0.17133492	0.23012525	0.1068348	0.042796321	0.10445227	0.21425991	0.15408733	0.15201585	0.1740478	0.1719922	0.12993072	0.084659763	0.17407177	0.07058017	0.10372756	0.18895568	0.13428466	0.18959031	0.19141126	0.11799277	0.19374688	0.1506476	0.19547923	0.13436317	0.25824827	0.27406034	0.13512389	0.13506663	0.1733828	0.054204825	0.020820808	0.14792761	0.15832217	0.34818542
0.13381907	0.21717499	0.17309134	0.12908179	0.05173352	0.14555183	0.15157719	0.16644683	0.11090595	0.17979297	0.17738748	0.15215652	0.065665103	0.12740989	0.079053953	0.15389349	0.23943149	0.093982242	0.18866658	0.18205363	0.17764075	0.21280587	0.25789952	0.16965044	0.12024906	0.26556459	0.24088956	0.19100596	0.18821126	0.25684619	0.024621358	0.035600591	0.18912984	0.24891412	0.28036916	0.21416786	0.27449188	0	0.084181547	0.083965726	0.045243762	0.059182242	0.20714147	0.26707453	0.38060573	0.070165992	0.078475691	0.035016254	0.055159383	0.14058256	0.21137939	0.16659866	0.12577082	0.035668392	0.12504396	0.16051742	0.14720941	0.10993396	0.16958651	0.1477875	0.14406937	0.052380726	0.11957777	0.069419533	0.15461348	0.22618392	0.078534983	0.20602112	0.18253508	0.15722142	0.20775717	0.22968258	0.16706835	0.10735022	0.22281921	0.24647316	0.17573988	0.16396485	0.24327572	0.020642737	0.014051512	0.16750897	0.21975479	0.2815299
0.039895061	0.066103004	0.050198797	0.047315817	0.01654988	0.041527543	0.047306534	0.045888275	0.037338778	0.052098181	0.052404143	0.052909352	0.018510547	0.041453741	0.025990434	0.041386396	0.066787906	0.029777434	0.055231776	0.063886225	0.053331912	0.065274425	0.070189059	0.054919586	0.035590835	0.07488317	0.070098005	0.055407386	0.053166434	0.073813297	0.01122946	0.014012284	0.057245042	0.072654843	0.076553136	0.063456535	0.058705755	0.084181547	0	0.024787934	0.0086272797	0.010392311	0.059798311	0.057329018	0.06561625	0.022732953	0.021359036	0.0027415636	0.010204713	0.04003302	0.063108094	0.044465225	0.04642402	0.011156088	0.035636872	0.045816716	0.040057369	0.036475204	0.049721669	0.041415684	0.050431486	0.015342212	0.036108062	0.022084869	0.041981649	0.05983641	0.023998693	0.05700874	0.063949659	0.048457492	0.062070407	0.060616042	0.052073222	0.031591512	0.06086826	0.068746328	0.05107617	0.046287578	0.068823516	0.0079245782	0.0051374021	0.053438354	0.066200919	0.079392426
0.20199573	0.11231332	0.22662738	0.1822107	0.12558584	0.25492439	0.30469081	0.21473731	0.28604332	0.19886275	0.15552317	0.21471649	0.23523174	0.27548656	0.24499546	0.22285093	0.12165199	0.14671282	0.12336583	0.17261368	0.27310055	0.18120185	0.22496322	0.30215746	0.18895109	0.15712312	0.28546265	0.19444109	0.27449504	0.16361748	0.12161813	0.13807452	0.1885543	0.19318245	0.14348823	0.12838276	0.10158029	0.083965726	0.024787934	0	0.13139601	0.038146351	0.11279771	0.092281021	0.073430367	0.024063649	0.3027035	0.11442029	0.038620993	0.18828668	0.10156317	0.17706765	0.1809652	0.096845604	0.24195665	0.25868559	0.20048745	0.25660399	0.19585282	0.13301376	0.20694493	0.2268251	0.25933802	0.20805335	0.21460339	0.06082052	0.1150822	0.080297068	0.16798827	0.2704207	0.15111563	0.21689485	0.27982333	0.14679238	0.10783108	0.24080916	0.18726765	0.25935099	0.14105989	0.11865143	0.11527003	0.17268948	0.17952226	0.17828423
0.13333972	0.045577142	0.07396552	0.077054232	0.072235107	0.13357157	0.089350037	0.11107727	0.061918855	0.076745331	0.067929089	0.083308309	0.096162014	0.12705749	0.075681858	0.12365127	0.085782379	0.076336831	0.090810515	0.045333393	0.14826216	0.04341856	0.14386122	0.067036547	0.039082874	0.034203418	0.10983725	0.093833759	0.1661635	0.084458828	0.055616885	0.087722689	0.078448914	0.10754181	0.021175414	0.023572052	0.029012168	0.045243762	0.0086272797	0.13139601	0	0.014238455	0.016367488	0.021192307	0.036537334	0.0024929598	0.11889102	0.12404688	0.013863272	0.12444267	0.034825135	0.039123878	0.074311048	0.04402123	0.12874489	0.06545233	0.10312028	0.053402402	0.075480081	0.046204746	0.08397118	0.080431357	0.10559497	0.074803218	0.12053471	0.043972448	0.041331559	0.056639794	0.039220549	0.14728934	0.026990991	0.13823915	0.063207768	0.021182925	-0.0042090751	0.077362746	0.091737725	0.15256853	0.076197185	0.047550932	0.06909956	0.066423282	0.095277756	0.040673673
0.012407179	0.035795834	0.021020291	0.018793393	0.01201612	0.023007827	0.02997588	0.01988316	0.048443254	0.035563756	0.033617053	0.022959767	0.053060241	0.021749645	0.0270332	0.022482814	0.0094137443	0.0003226109	0.0071532605	0.02982972	0.023172373	0.043256704	0.021577612	0.053371519	0.065267727	0.038674708	0.043960974	0.018204631	0.034673527	0.012841843	0.013055059	0.011251292	0.033629008	0.034487706	0.056404267	0.042576458	0.078826323	0.059182242	0.010392311	0.038146351	0.014238455	0	0.045019202	0.067245118	0.055506065	0.011558597	0.038599424	0.013030261	0.043564484	0.018948387	0.036551807	0.024336239	0.019007271	0.012347128	0.020861901	0.032865867	0.021943329	0.04723525	0.034059074	0.033893667	0.020727722	0.045116898	0.028059358	0.021878297	0.021688458	0.013643151	0.0024930725	0.014893887	0.031387817	0.022502434	0.043025304	0.022131365	0.049841195	0.058579743	0.036276434	0.047290187	0.018243641	0.032922719	0.016511384	0.015163584	0.01057038	0.030573897	0.032892071	0.056798268
0.11268528	0.22502394	0.20465498	0.1930425	0.059626356	0.17371559	0.23565347	0.18375579	0.20532034	0.24142353	0.17205711	0.22047502	0.083919451	0.1568079	0.12262853	0.18978469	0.17919454	0.084004797	0.13899578	0.26509005	0.20543353	0.28333452	0.2216422	0.28661793	0.16178559	0.28132331	0.24953513	0.23213668	0.1810607	0.26713732	0.044804059	0.035052393	0.234707	0.24302156	0.36611328	0.32839653	0.22521023	0.20714147	0.059798311	0.11279771	0.016367488	0.045019202	0	0.23527505	0.21912308	0.075999416	0.12965545	0.01672609	0.046464477	0.14248174	0.22961003	0.25071317	0.19727308	0.060714927	0.16209024	0.28362972	0.19673792	0.22237982	0.23336418	0.18896791	0.21652313	0.099003009	0.20767669	0.11850367	0.20726547	0.22317244	0.13187765	0.21195048	0.27458474	0.2051913	0.29229307	0.22569649	0.3025116	0.15883113	0.30506316	0.31527463	0.23310064	0.18193224	0.27445582	0.066214487	0.030204734	0.22504987	0.250328	0.3387129
0.11338625	0.16450089	0.23156194	0.099895217	0.044771772	0.1132554	0.21066168	0.16358092	0.15447158	0.17865007	0.18117388	0.13108887	0.07738211	0.15753201	0.079600513	0.094892591	0.19975737	0.11777159	0.16410746	0.18058597	0.10770785	0.20521115	0.15116695	0.20785192	0.15191741	0.29015937	0.25306687	0.143591	0.13529678	0.20117436	0.043402754	0.027853284	0.15312357	0.15729761	0.34881535	0.22543304	0.3791897	0.26707453	0.057329018	0.092281021	0.021192307	0.067245118	0.23527505	0	0.27849784	0.061326254	0.095859751	0.021489231	0.07770475	0.12338516	0.17638068	0.25500906	0.10003091	0.041161992	0.099474631	0.23757525	0.16201478	0.15241539	0.16974823	0.18749338	0.12108736	0.088121802	0.18929717	0.06887795	0.096328355	0.20944805	0.1562673	0.2077038	0.18472593	0.10511122	0.20527999	0.14529988	0.20384017	0.14687726	0.29912001	0.29486781	0.13485441	0.13401477	0.18429461	0.061322734	0.017206192	0.14419879	0.1622192	0.33503804
0.118269	0.21624161	0.149266	0.13679083	0.041257158	0.14220876	0.13961323	0.14943165	0.106594	0.18765683	0.15502994	0.1552017	0.052876223	0.10392492	0.070882581	0.1526788	0.21084441	0.070131347	0.16014881	0.18501826	0.16345431	0.21664666	0.23919053	0.16756289	0.11848164	0.24327599	0.21945412	0.19034255	0.17320132	0.24457625	0.016881941	0.01730649	0.18440269	0.22845355	0.29344472	0.20765962	0.26605111	0.38060573	0.06561625	0.073430367	0.036537334	0.055506065	0.21912308	0.27849784	0	0.089993149	0.084946193	0.040100206	0.063123032	0.15557414	0.22332263	0.18304521	0.13515049	0.044598971	0.13753296	0.1795052	0.16526547	0.11396601	0.1823311	0.17884663	0.15151928	0.056638192	0.13847448	0.073981211	0.16302858	0.2563757	0.095582888	0.23187239	0.18883248	0.16902934	0.22303589	0.24941845	0.17694326	0.1171815	0.257346	0.26667568	0.19259763	0.18378244	0.2692591	0.025829012	0.024991317	0.17909339	0.2517997	0.27626866
0.037132848	0.076102279	0.044948637	0.062925771	0.014043659	0.049544267	0.047798235	0.045442756	0.041999228	0.066236697	0.047593839	0.068016611	0.015155816	0.032844245	0.029107327	0.052720238	0.062926531	0.016905364	0.046688501	0.079724327	0.059287526	0.078487664	0.074471846	0.066130683	0.038836654	0.077832527	0.068218522	0.069899	0.055660654	0.080790229	0.0077599501	0.0065665436	0.066616707	0.080510862	0.093510903	0.070455052	0.059426688	0.070165992	0.022732953	0.024063649	0.0024929598	0.011558597	0.075999416	0.061326254	0.089993149	0	0.029664377	0.006342161	0.012782698	0.049167965	0.078388952	0.056794353	0.063380018	0.016889481	0.049266592	0.062003929	0.053046223	0.046093475	0.065446526	0.054850727	0.067192264	0.017164392	0.045092218	0.030220369	0.057066891	0.078245886	0.027507588	0.071148157	0.081627809	0.061043844	0.080519162	0.078141712	0.070922777	0.039435949	0.084010512	0.087167233	0.071208492	0.059090186	0.091136269	0.010068306	0.0099351667	0.065918393	0.086181223	0.087060377
0.19861984	0.11774494	0.21348064	0.19922978	0.1059975	0.26018363	0.3015883	0.20605546	0.28198066	0.20985194	0.13865291	0.22885942	0.23163161	0.25770199	0.22560848	0.24239433	0.10414445	0.12315632	0.10185963	0.18425024	0.29123405	0.18651885	0.2372922	0.31091541	0.18685155	0.1415638	0.27757892	0.21013518	0.27855808	0.16527666	0.11729921	0.12947994	0.20025603	0.19591489	0.14930628	0.11932703	0.096492551	0.078475691	0.021359036	0.3027035	0.11889102	0.038599424	0.12965545	0.095859751	0.084946193	0.029664377	0	0.13970481	0.041888319	0.20960763	0.11241748	0.20445366	0.20094939	0.12435149	0.27083665	0.2953324	0.23034386	0.28700987	0.21061936	0.15095803	0.22961135	0.24109876	0.29330331	0.25399402	0.2367723	0.081592992	0.13155651	0.09580528	0.1812764	0.29830873	0.16820899	0.24437296	0.31202599	0.15749229	0.13713501	0.26907367	0.21607389	0.29109702	0.16796046	0.12788421	0.13127612	0.18677741	0.20835206	0.18154334
0.12464284	0.039147303	0.063951291	0.080129951	0.050992955	0.12723362	0.082969189	0.09733849	0.058448154	0.074978054	0.05084059	0.083430812	0.092090994	0.11071795	0.071341038	0.12544803	0.067504361	0.061043456	0.073076122	0.042743593	0.14902021	0.038131777	0.13880803	0.064890996	0.035045747	0.019487174	0.10439599	0.091945007	0.15251073	0.075539283	0.053288173	0.072992057	0.071446963	0.090191931	0.01742609	0.016470401	0.021550985	0.035016254	0.0027415636	0.11442029	0.12404688	0.013030261	0.01672609	0.021489231	0.040100206	0.006342161	0.13970481	0	0.015572883	0.13479893	0.033197273	0.047558941	0.078682162	0.060128871	0.13747342	0.074308679	0.11437328	0.055807382	0.077837706	0.055630114	0.087149747	0.086944699	0.11880343	0.081427142	0.12786067	0.048979841	0.05406934	0.06350711	0.038542345	0.15502514	0.025888519	0.14629775	0.067438424	0.022749789	0.0084208669	0.087112397	0.0961117	0.16593836	0.081711464	0.054547064	0.085720196	0.066936642	0.10208903	0.035716612
0.015079585	0.03938837	0.021418419	0.023861704	0.013180975	0.024399456	0.031376991	0.019396283	0.050907739	0.038545839	0.033609886	0.02695553	0.044772029	0.020520961	0.028338529	0.026386263	0.011471643	-0.0019246223	0.0071490854	0.034188271	0.026468415	0.04718801	0.02496041	0.057543326	0.066003077	0.037850175	0.047282219	0.021889174	0.035591882	0.016128026	0.013696131	0.012134155	0.036107548	0.036360245	0.058132257	0.045017961	0.065489396	0.055159383	0.010204713	0.038620993	0.013863272	0.043564484	0.046464477	0.07770475	0.063123032	0.012782698	0.041888319	0.015572883	0	0.020463344	0.041572113	0.025103701	0.02375228	0.01211739	0.024096064	0.033501722	0.023831906	0.049257025	0.03737545	0.038119305	0.025036635	0.056225982	0.02886536	0.024947764	0.025706276	0.015883682	0.0011968067	0.017420068	0.0351521	0.026507216	0.045467865	0.025981991	0.053838298	0.06523145	0.040809408	0.049815159	0.0223957	0.037775483	0.021290332	0.016016848	0.012098888	0.034577474	0.041313473	0.059037995
0.54025298	0.23846461	0.27475184	0.36405155	0.097579829	0.37734601	0.32834521	0.2922217	0.20185348	0.3371982	0.21557707	0.37456223	0.13717957	0.36956987	0.17039301	0.35191408	0.37156042	0.18625253	0.35140172	0.29948911	0.42353618	0.2715826	0.42335397	0.31568813	0.11144683	0.26703304	0.36661714	0.35523039	0.5476684	0.39853895	0.11111268	0.13996844	0.32226768	0.34044051	0.23219113	0.14107621	0.12426117	0.14058256	0.04003302	0.18828668	0.12444267	0.018948387	0.14248174	0.12338516	0.15557414	0.049167965	0.20960763	0.13479893	0.020463344	0	0.23518373	0.2962862	0.3623299	0.09363468	0.39684951	0.39963076	0.37119544	0.20333432	0.34838235	0.21540405	0.38174444	0.13339762	0.46004659	0.1864869	0.3586072	0.36933824	0.21499386	0.40907413	0.29157177	0.439197	0.25169465	0.44914588	0.340895	0.098488167	0.26580134	0.40873486	0.37152514	0.59711963	0.42206547	0.12135996	0.13636965	0.30745417	0.36149406	0.23773539
0.16889279	0.39274624	0.13304037	0.30860373	0.067900032	0.23800516	0.14881141	0.1848906	0.14793035	0.26292896	0.21343978	0.31326509	0.039666548	0.086426504	0.11636284	0.24957417	0.29068547	0.011422879	0.20044382	0.31922814	0.27801672	0.34443155	0.34997213	0.26725239	0.17132284	0.33231971	0.27971718	0.34412348	0.27109349	0.38005254	-0.0058505768	0.028500685	0.28337863	0.38985056	0.27834031	0.22036031	0.17133492	0.21137939	0.063108094	0.10156317	0.034825135	0.036551807	0.22961003	0.17638068	0.22332263	0.078388952	0.11241748	0.033197273	0.041572113	0.23518373	0	0.19576497	0.30376533	0.060824759	0.23093499	0.22118431	0.21659696	0.16682616	0.25541443	0.21235357	0.31187299	0.044046029	0.13483059	0.12625784	0.27253339	0.36813521	0.036697697	0.32067195	0.31801829	0.2723954	0.3766318	0.35775369	0.29554838	0.18590096	0.34486383	0.37733772	0.34452355	0.27475554	0.43146366	-0.0092126867	0.024865178	0.26855707	0.39231199	0.24170049
0.25851566	0.16406654	0.56458741	0.20863025	0.090911925	0.3080993	0.56534368	0.38622975	0.28770387	0.28325555	0.23503266	0.28906679	0.10846468	0.36667183	0.22182186	0.20810413	0.31790465	0.24199244	0.23814681	0.29799226	0.24026534	0.29600769	0.27202165	0.43808335	0.14068973	0.4948599	0.38490444	0.35528177	0.27968338	0.42883021	0.087068394	0.072144985	0.25581139	0.23084602	0.47866943	0.22390804	0.23012525	0.16659866	0.044465225	0.17706765	0.039123878	0.024336239	0.25071317	0.25500906	0.18304521	0.056794353	0.20445366	0.047558941	0.025103701	0.2962862	0.19576497	0	0.21401702	0.10507713	0.29652256	0.74953425	0.42824697	0.33186719	0.25458604	0.34075624	0.27673176	0.18019703	0.55007964	0.23176292	0.20144816	0.42213771	0.46049136	0.38563779	0.29883179	0.24505067	0.32610789	0.28418937	0.51567376	0.1569501	0.66417778	0.59775275	0.3475956	0.29552492	0.40138716	0.19110614	0.08264564	0.23906651	0.24998321	0.39688045
0.31475651	0.31058484	0.19725558	0.84054643	0.089539602	0.4828338	0.30959278	0.26230595	0.26116148	0.52265483	0.18741612	0.76467496	0.10767741	0.19934307	0.21139006	0.40460896	0.26409712	0.062195234	0.20146032	0.69357741	0.48397288	0.3347857	0.47694156	0.4163152	0.12085242	0.29158223	0.29646766	0.60729134	0.41361147	0.38711169	0.056809258	0.08224339	0.34541181	0.38982683	0.2462724	0.19265267	0.1068348	0.12577082	0.04642402	0.1809652	0.074311048	0.019007271	0.19727308	0.10003091	0.13515049	0.063380018	0.20094939	0.078682162	0.02375228	0.3623299	0.30376533	0.21401702	0	0.082086734	0.49064642	0.35466194	0.3030017	0.28203699	0.5266341	0.17976904	0.78254539	0.097579733	0.22846372	0.24646516	0.42585823	0.28490955	0.061650753	0.24488504	0.71108043	0.49386951	0.32698387	0.50460458	0.46625844	0.10718593	0.28116393	0.32564747	0.63008893	0.41136405	0.44479918	0.050992209	0.071373008	0.32346058	0.39774737	0.24542838
0.08554469	0.059702083	0.095152736	0.080703251	0.057727236	0.12405144	0.12462627	0.11860904	0.092386112	0.093408898	0.073884904	0.094599292	0.07454665	0.11179287	0.081175268	0.088103883	0.06802693	0.069065936	0.066667244	0.081310511	0.10429467	0.087929755	0.097896829	0.11009134	0.064187191	0.082737021	0.11007235	0.1026911	0.11092559	0.1004053	0.041608766	0.054438017	0.082465559	0.094379462	0.079633646	0.057182722	0.042796321	0.035668392	0.011156088	0.096845604	0.04402123	0.012347128	0.060714927	0.041161992	0.044598971	0.016889481	0.12435149	0.060128871	0.01211739	0.09363468	0.060824759	0.10507713	0.082086734	0	0.14651006	0.1345709	0.13455315	0.096640915	0.090999439	0.094792143	0.094497167	0.083612464	0.13592285	0.1116387	0.088271856	0.072888173	0.08746516	0.080935709	0.080899008	0.10737602	0.085499845	0.10094545	0.11504379	0.058397349	0.093272954	0.12228992	0.10297751	0.11886435	0.099327378	0.053847689	0.10785488	0.080718689	0.10174169	0.082933947
0.35998413	0.23416577	0.28364328	0.48516187	0.13650912	0.65780097	0.4175663	0.41323948	0.25639382	0.53740752	0.2054836	0.5398742	0.18078282	0.31384805	0.27931136	0.36483693	0.2736055	0.1627264	0.23911697	0.42279053	0.42239034	0.26912329	0.43631521	0.37232727	0.12330549	0.26317039	0.33483282	0.56962597	0.43362653	0.37802207	0.10930548	0.142196	0.29592726	0.33829743	0.24305813	0.15786341	0.10445227	0.12504396	0.035636872	0.24195665	0.12874489	0.020861901	0.16209024	0.099474631	0.13753296	0.049266592	0.27083665	0.13747342	0.024096064	0.39684951	0.23093499	0.29652256	0.49064642	0.14651006	0	0.45283473	0.50310379	0.26913974	0.56239027	0.21241176	0.56220973	0.17487982	0.36191866	0.35510239	0.37520355	0.28199959	0.1599136	0.27454507	0.42590106	0.43873733	0.2496559	0.46872285	0.41055894	0.09722206	0.25407726	0.34617856	0.60250002	0.44800761	0.42199978	0.11445941	0.13789333	0.27662984	0.35374001	0.25567096
0.34063604	0.19498731	0.55508476	0.34466761	0.12109667	0.45012328	0.74052715	0.45701087	0.43768191	0.41110045	0.25064886	0.42344925	0.20070145	0.49723825	0.31442162	0.29062301	0.27862296	0.2510086	0.2189112	0.38907439	0.33035347	0.39060387	0.30822742	0.64520454	0.21387932	0.49594858	0.43057865	0.47564822	0.37685803	0.46753153	0.15041637	0.12659709	0.31085452	0.27998546	0.52698386	0.25503263	0.21425991	0.16051742	0.045816716	0.25868559	0.06545233	0.032865867	0.28362972	0.23757525	0.1795052	0.062003929	0.2953324	0.074308679	0.033501722	0.39963076	0.22118431	0.74953425	0.35466194	0.1345709	0.45283473	0	0.53378868	0.48441976	0.3950519	0.34907496	0.4162088	0.27916172	0.70400536	0.33342397	0.28316319	0.37584925	0.45153475	0.36151376	0.39468381	0.33903933	0.41698304	0.32887089	0.73160213	0.21798578	0.65303892	0.63444322	0.4900398	0.40123239	0.45621014	0.25479016	0.13097328	0.29301882	0.30465192	0.45642158
0.32669428	0.21125865	0.35787886	0.29781044	0.13156725	0.46084818	0.44186652	0.51372892	0.21084711	0.39167112	0.23461464	0.34261036	0.12921269	0.36299324	0.20394927	0.28732878	0.30470368	0.23491092	0.268828	0.28679088	0.33206397	0.28108314	0.37153983	0.32072729	0.10106849	0.35088581	0.33405069	0.50123531	0.35338527	0.4679901	0.089645058	0.12846191	0.24938962	0.29855567	0.35903794	0.18672889	0.15408733	0.14720941	0.040057369	0.20048745	0.10312028	0.021943329	0.19673792	0.16201478	0.16526547	0.053046223	0.23034386	0.11437328	0.023831906	0.37119544	0.21659696	0.42824697	0.3030017	0.13455315	0.50310379	0.53378868	0	0.23122436	0.39136216	0.27957785	0.34757891	0.14433314	0.48605743	0.23062481	0.2915079	0.35659465	0.30300152	0.35380971	0.28882301	0.34850854	0.28038248	0.39518815	0.36552799	0.094046921	0.40020996	0.40562662	0.52123344	0.38239381	0.48870841	0.12586741	0.13795593	0.23644179	0.32253426	0.3400524
0.18899941	0.16096656	0.30568728	0.27625388	0.089379437	0.27384207	0.47119033	0.20447756	0.49033356	0.26552531	0.16962828	0.32386607	0.2762464	0.33331645	0.28840458	0.22435077	0.093896203	0.11396023	0.083607592	0.31642127	0.2606566	0.33248088	0.18670863	0.58311641	0.28767395	0.26170999	0.35093284	0.23574513	0.27374211	0.18992652	0.16095394	0.11058977	0.25241542	0.20314144	0.29636937	0.20952362	0.15201585	0.10993396	0.036475204	0.25660399	0.053402402	0.04723525	0.22237982	0.15241539	0.11396601	0.046093475	0.28700987	0.055807382	0.049257025	0.20333432	0.16682616	0.33186719	0.28203699	0.096640915	0.26913974	0.48441976	0.23122436	0	0.2597706	0.19108322	0.33189583	0.3175838	0.39398861	0.29829285	0.21900517	0.088821098	0.16338803	0.11167586	0.32114732	0.26066875	0.33744413	0.19339518	0.60253245	0.25811484	0.28365651	0.3970437	0.24107277	0.27583152	0.17695653	0.19482265	0.10697277	0.23983437	0.20927311	0.29984811
0.32817575	0.2547186	0.25386477	0.50859714	0.098294377	0.53945422	0.36726055	0.33452567	0.26018322	0.86638129	0.21728152	0.52773374	0.15333922	0.28428343	0.18230753	0.33570826	0.26613888	0.16463678	0.25083405	0.50159407	0.39176324	0.31519878	0.39116517	0.35245702	0.15378353	0.30883923	0.32675561	0.52904844	0.38752884	0.33855775	0.10025179	0.104224	0.30843154	0.3262876	0.34759474	0.22923838	0.1740478	0.16958651	0.049721669	0.19585282	0.075480081	0.034059074	0.23336418	0.16974823	0.1823311	0.065446526	0.21061936	0.077837706	0.03737545	0.34838235	0.25541443	0.25458604	0.5266341	0.090999439	0.56239027	0.3950519	0.39136216	0.2597706	0	0.21204992	0.54303575	0.1378393	0.30920789	0.2071417	0.34327596	0.27405697	0.15470129	0.27727526	0.53804439	0.40879282	0.29931355	0.43218473	0.36893743	0.13234867	0.30422533	0.3333278	0.58184057	0.38722503	0.39384839	0.099602558	0.083372109	0.29061925	0.34225884	0.3500936
0.18117797	0.18806684	0.25323221	0.1771165	0.081320129	0.22062598	0.26941586	0.25217459	0.17386656	0.22596174	0.27391383	0.2159618	0.11278447	0.21765515	0.13404118	0.16240755	0.26680675	0.19409461	0.24891935	0.23078874	0.18042317	0.2497955	0.20847413	0.23556127	0.16466357	0.29831946	0.25615141	0.22806334	0.22920255	0.30100805	0.061586045	0.058307335	0.21720159	0.25443834	0.28289846	0.17356206	0.1719922	0.1477875	0.041415684	0.13301376	0.046204746	0.033893667	0.18896791	0.18749338	0.17884663	0.054850727	0.15095803	0.055630114	0.038119305	0.21540405	0.21235357	0.34075624	0.17976904	0.094792143	0.21241176	0.34907496	0.27957785	0.19108322	0.21204992	0	0.20916474	0.21066843	0.31065568	0.13632339	0.16528645	0.33842409	0.34435967	0.37828466	0.23224622	0.18422459	0.26224735	0.21770214	0.26452076	0.17548648	0.39428967	0.36439976	0.22615398	0.24565798	0.30104011	0.12805955	0.0802074	0.20829394	0.29814696	0.23844022
0.34076846	0.31767949	0.26439005	0.77692533	0.10261233	0.54653132	0.37863943	0.31086847	0.29855067	0.53502768	0.21753368	0.80339593	0.1374002	0.25410134	0.2570715	0.41160619	0.30022275	0.10767406	0.23858845	0.71766722	0.49237299	0.35042733	0.49121276	0.45201135	0.14262073	0.32419747	0.35144106	0.62393445	0.44065681	0.42195755	0.079118937	0.098461539	0.37106532	0.40812725	0.27605295	0.21313785	0.12993072	0.14406937	0.050431486	0.20694493	0.08397118	0.020727722	0.21652313	0.12108736	0.15151928	0.067192264	0.22961135	0.087149747	0.025036635	0.38174444	0.31187299	0.27673176	0.78254539	0.094497167	0.56220973	0.4162088	0.34757891	0.33189583	0.54303575	0.20916474	0	0.12839662	0.28256381	0.30769962	0.42947328	0.30927229	0.10978596	0.27580464	0.73553771	0.50034529	0.33583248	0.51372617	0.4980236	0.12248097	0.3082673	0.37588984	0.64503026	0.43626565	0.46614221	0.077554643	0.084872507	0.34739506	0.41412428	0.28378382
0.13390183	0.042959213	0.19779558	0.094375581	0.077861927	0.17168996	0.30874819	0.12292755	0.32956043	0.13901047	0.12431724	0.13659462	0.3516033	0.29539186	0.20712361	0.13671601	0.014552537	0.14131047	0.053590361	0.12662604	0.16853531	0.14152968	0.088778563	0.33207634	0.28149068	0.071762927	0.28022185	0.057384443	0.19667107	0.025323076	0.19319473	0.13608149	0.14155406	0.086968668	0.12846088	0.096294738	0.084659763	0.052380726	0.015342212	0.2268251	0.080431357	0.045116898	0.099003009	0.088121802	0.056638192	0.017164392	0.24109876	0.086944699	0.056225982	0.13339762	0.044046029	0.18019703	0.097579733	0.083612464	0.17487982	0.27916172	0.14433314	0.3175838	0.1378393	0.21066843	0.12839662	0	0.32894132	0.19415556	0.12380332	-0.027526874	0.16808605	0.039451711	0.12606901	0.17273358	0.12359277	0.09423507	0.31522393	0.28428084	0.08184842	0.28343311	0.062587604	0.20491312	0.010943876	0.24220257	0.1385618	0.13458593	0.096692689	0.15487847
0.41667494	0.12051456	0.46366271	0.22144096	0.12128905	0.3484447	0.60985237	0.37724003	0.3861469	0.30840772	0.23791802	0.28583273	0.27137345	0.6396842	0.24559379	0.24772231	0.25345236	0.33760655	0.28564751	0.25155827	0.30402461	0.29429477	0.23678593	0.49045807	0.23188227	0.31601515	0.46277422	0.25115797	0.40781018	0.33508751	0.23585145	0.21043377	0.25942814	0.21377377	0.38969636	0.19107698	0.17407177	0.11957777	0.036108062	0.25933802	0.10559497	0.028059358	0.20767669	0.18929717	0.13847448	0.045092218	0.29330331	0.11880343	0.02886536	0.46004659	0.13483059	0.55007964	0.22846372	0.13592285	0.36191866	0.70400536	0.48605743	0.39398861	0.30920789	0.31065568	0.28256381	0.32894132	0	0.25044084	0.23641597	0.26341709	0.50483739	0.35381293	0.25287533	0.31889445	0.29253873	0.26149267	0.51754749	0.22081549	0.41907433	0.5903669	0.26916051	0.45568308	0.30343947	0.32044762	0.21288949	0.25067124	0.24425805	0.3743158
0.16702057	0.12787543	0.21146332	0.24571458	0.089465246	0.32225195	0.31463653	0.20609978	0.26762864	0.21107438	0.12353918	0.29835019	0.17677462	0.206232	0.28607902	0.20978734	0.1143435	0.083576001	0.093080036	0.24411616	0.23328327	0.18000963	0.21082965	0.35136348	0.14353907	0.16020972	0.23571536	0.26712933	0.24401256	0.17972998	0.086925916	0.096011981	0.18980135	0.18617617	0.15268251	0.11076933	0.07058017	0.069419533	0.022084869	0.20805335	0.074803218	0.021878297	0.11850367	0.06887795	0.073981211	0.030220369	0.25399402	0.081427142	0.024947764	0.1864869	0.12625784	0.23176292	0.24646516	0.1116387	0.35510239	0.33342397	0.23062481	0.29829285	0.2071417	0.13632339	0.30769962	0.19415556	0.25044084	0	0.21077448	0.11437599	0.10067263	0.11682592	0.24152014	0.23854521	0.1681696	0.21857545	0.37653068	0.11953554	0.16556969	0.25177565	0.26959783	0.25334123	0.18524593	0.10018467	0.096674062	0.17875032	0.19267499	0.16343698
0.32412335	0.29254657	0.21227124	0.42841932	0.095027454	0.36557662	0.26821175	0.26206726	0.21230273	0.3412787	0.17761303	0.41763952	0.14068565	0.22189015	0.18767832	0.60644984	0.27849898	0.1009841	0.21799089	0.33645838	0.60286611	0.32390466	0.60147375	0.33354887	0.11694498	0.25670403	0.37218952	0.47805417	0.44887018	0.4296397	0.07635019	0.092621319	0.3571156	0.41948652	0.20185713	0.19563521	0.10372756	0.15461348	0.041981649	0.21460339	0.12053471	0.021688458	0.20726547	0.096328355	0.16302858	0.057066891	0.2367723	0.12786067	0.025706276	0.3586072	0.27253339	0.20144816	0.42585823	0.088271856	0.37520355	0.28316319	0.2915079	0.21900517	0.34327596	0.16528645	0.42947328	0.12380332	0.23641597	0.21077448	0	0.26986349	0.078705698	0.23125473	0.32899794	0.62227702	0.33443841	0.62764347	0.36211246	0.094232947	0.22160557	0.37345001	0.49520007	0.45493418	0.48067078	0.066249162	0.087282166	0.33614415	0.42376044	0.21895897
0.26226068	0.33976817	0.24467136	0.28812367	0.071805835	0.28947595	0.19796877	0.296655	0.048898689	0.29400438	0.26924661	0.31028402	-0.04821907	0.1262532	0.087317891	0.24699278	0.4847734	0.1151548	0.35496107	0.30769467	0.26652133	0.31286499	0.41268665	0.18057486	0.035526156	0.41136622	0.25316781	0.40719396	0.31525913	0.53790206	-0.035476182	0.0185012	0.28497893	0.41056669	0.34535086	0.19898739	0.18895568	0.22618392	0.05983641	0.06082052	0.043972448	0.013643151	0.22317244	0.20944805	0.2563757	0.078245886	0.081592992	0.048979841	0.015883682	0.36933824	0.36813521	0.42213771	0.28490955	0.072888173	0.28199959	0.37584925	0.35659465	0.088821098	0.27405697	0.33842409	0.30927229	-0.027526874	0.26341709	0.11437599	0.26986349	0	0.25841856	0.61248904	0.30468798	0.27193213	0.34714407	0.44497699	0.25802588	0.070259131	0.53456795	0.44887999	0.41099694	0.34244543	0.60491687	0.0073972926	0.026948718	0.26997128	0.4498606	0.25305253
0.22365752	0.014806024	0.37706712	0.055739999	0.072813548	0.16447461	0.38117585	0.2819511	0.15453108	0.16733724	0.22149836	0.11694063	0.11741766	0.40101951	0.10049222	0.091778249	0.23624364	0.43180636	0.29623875	0.12684582	0.11680488	0.14013031	0.09651199	0.15707961	0.078425571	0.24825563	0.27044687	0.086910114	0.18160336	0.22837265	0.12913287	0.10496333	0.1434952	0.097574271	0.28294525	0.11831654	0.13428466	0.078534983	0.023998693	0.1150822	0.041331559	0.0024930725	0.13187765	0.1562673	0.095582888	0.027507588	0.13155651	0.05406934	0.0011968067	0.21499386	0.036697697	0.46049136	0.061650753	0.08746516	0.1599136	0.45153475	0.30300152	0.16338803	0.15470129	0.34435967	0.10978596	0.16808605	0.50483739	0.10067263	0.078705698	0.25841856	0	0.36201188	0.12899007	0.1260228	0.14251736	0.10390756	0.18170683	0.091294415	0.38393649	0.38962057	0.088479996	0.19641863	0.16768095	0.23418008	0.10888193	0.13941267	0.12376216	0.24595337
0.31385189	0.29447836	0.25664359	0.24529339	0.083828218	0.28514057	0.23112169	0.29533586	0.087712102	0.29152557	0.31482822	0.27999833	0.020244954	0.23242564	0.10305726	0.21625511	0.47717056	0.21176563	0.46026805	0.28598306	0.22848374	0.29934567	0.32854381	0.19508636	0.084301554	0.36458999	0.29931942	0.32381803	0.32479745	0.47234508	0.030426946	0.064248681	0.26850557	0.3641668	0.32807571	0.19371848	0.18959031	0.20602112	0.05700874	0.080297068	0.056639794	0.014893887	0.21195048	0.2077038	0.23187239	0.071148157	0.09580528	0.06350711	0.017420068	0.40907413	0.32067195	0.38563779	0.24488504	0.080935709	0.27454507	0.36151376	0.35380971	0.11167586	0.27727526	0.37828466	0.27580464	0.039451711	0.35381293	0.11682592	0.23125473	0.61248904	0.36201188	0	0.28555852	0.23456249	0.31341204	0.3525508	0.24826595	0.10407104	0.45780003	0.45785066	0.32517055	0.35341039	0.49506879	0.075079978	0.070543513	0.25547433	0.3946428	0.25896549
0.25698245	0.31652254	0.28268307	0.68981826	0.089203738	0.43370074	0.35949519	0.27358994	0.30720407	0.5329541	0.23721497	0.72540283	0.12958434	0.22474913	0.22400317	0.31545928	0.29383907	0.1144278	0.2379037	0.82093555	0.38425916	0.36102509	0.39580038	0.44659233	0.17568539	0.35301265	0.34619409	0.51750952	0.34279385	0.38044971	0.06981384	0.072165474	0.36357948	0.37265363	0.34830818	0.27190271	0.19141126	0.18253508	0.063949659	0.16798827	0.039220549	0.031387817	0.27458474	0.18472593	0.18883248	0.081627809	0.1812764	0.038542345	0.0351521	0.29157177	0.31801829	0.29883179	0.71108043	0.080899008	0.42590106	0.39468381	0.28882301	0.32114732	0.53804439	0.23224622	0.73553771	0.12606901	0.25287533	0.24152014	0.32899794	0.30468798	0.12899007	0.28555852	0	0.38657156	0.34850061	0.40618911	0.47683224	0.15899305	0.34251699	0.37952012	0.52502847	0.33563963	0.40459433	0.074417613	0.057440229	0.34526858	0.3755376	0.35230452
0.4044432	0.2984902	0.2805765	0.49681544	0.11523521	0.41998452	0.33616403	0.31259313	0.26531675	0.40145481	0.19920099	0.48594099	0.19829865	0.30604553	0.21407966	0.60167432	0.31129533	0.15057433	0.25300455	0.39658466	0.83671033	0.32913777	0.72575229	0.36883512	0.13786489	0.27529994	0.44504046	0.52345401	0.54842812	0.47417298	0.11876111	0.12871893	0.42629203	0.48245624	0.22004478	0.20951179	0.11799277	0.15722142	0.048457492	0.2704207	0.14728934	0.022502434	0.2051913	0.10511122	0.16902934	0.061043844	0.29830873	0.15502514	0.026507216	0.439197	0.2723954	0.24505067	0.49386951	0.10737602	0.43873733	0.33903933	0.34850854	0.26066875	0.40879282	0.18422459	0.50034529	0.17273358	0.31889445	0.23854521	0.62227702	0.27193213	0.1260228	0.23456249	0.38657156	0	0.30168954	0.78537381	0.38337561	0.10265324	0.23041722	0.418742	0.55399764	0.56698674	0.550327	0.10778854	0.12020967	0.41001853	0.49670854	0.26059493
0.18707183	0.34679899	0.22403781	0.32495481	0.080608636	0.25961792	0.32039177	0.2421623	0.29550517	0.31099039	0.23232044	0.33863592	0.086863257	0.20329374	0.16529648	0.2929765	0.24738729	0.068563148	0.17099173	0.34391454	0.3082619	0.49081197	0.33102748	0.44883096	0.2220947	0.41102418	0.31607717	0.36896718	0.30201814	0.42991176	0.035033304	0.044058077	0.32250535	0.38089019	0.38914984	0.27409694	0.19374688	0.20775717	0.062070407	0.15111563	0.026990991	0.043025304	0.29229307	0.20527999	0.22303589	0.080519162	0.16820899	0.025888519	0.045467865	0.25169465	0.3766318	0.32610789	0.32698387	0.085499845	0.2496559	0.41698304	0.28038248	0.33744413	0.29931355	0.26224735	0.33583248	0.12359277	0.29253873	0.1681696	0.33443841	0.34714407	0.14251736	0.31341204	0.34850061	0.30168954	0	0.34304065	0.49003553	0.23011792	0.46991944	0.45403397	0.37066588	0.30908915	0.46158707	0.068453118	0.043941241	0.30353844	0.38932684	0.33287814
0.38125771	0.37304369	0.25684035	0.50988925	0.10948615	0.45262384	0.27589339	0.34326103	0.18340819	0.42892784	0.2180579	0.49914551	0.11824565	0.22609577	0.18351555	0.59073794	0.39855632	0.11132033	0.29058757	0.41562805	0.73397934	0.34969842	0.80042768	0.30929425	0.090078004	0.32495883	0.42854097	0.61586052	0.52482671	0.57203025	0.059433158	0.094718352	0.4156903	0.52650267	0.27741376	0.22082491	0.1506476	0.22968258	0.060616042	0.21689485	0.13823915	0.022131365	0.22569649	0.14529988	0.24941845	0.078141712	0.24437296	0.14629775	0.025981991	0.44914588	0.35775369	0.28418937	0.50460458	0.10094545	0.46872285	0.32887089	0.39518815	0.19339518	0.43218473	0.21770214	0.51372617	0.09423507	0.26149267	0.21857545	0.62764347	0.44497699	0.10390756	0.3525508	0.40618911	0.78537381	0.34304065	0	0.34939417	0.073473066	0.31474859	0.46140957	0.6516571	0.54711467	0.68391126	0.049175501	0.091238253	0.3955479	0.54843712	0.27354494
0.28364536	0.28358278	0.4005903	0.45823127	0.11107099	0.41686314	0.62989801	0.30339304	0.54740578	0.38284186	0.22466804	0.50199121	0.253335	0.38637936	0.36248839	0.35413131	0.19967812	0.076500803	0.13166945	0.47225872	0.38509834	0.47240975	0.33552074	0.820701	0.30425677	0.43201178	0.43784031	0.47581387	0.39527482	0.39325187	0.16238844	0.11718415	0.35734269	0.33993387	0.45008993	0.28065041	0.19547923	0.16706835	0.052073222	0.27982333	0.063207768	0.049841195	0.3025116	0.20384017	0.17694326	0.070922777	0.31202599	0.067438424	0.053838298	0.340895	0.29554838	0.51567376	0.46625844	0.11504379	0.41055894	0.73160213	0.36552799	0.60253245	0.36893743	0.26452076	0.4980236	0.31522393	0.51754749	0.37653068	0.36211246	0.25802588	0.18170683	0.24826595	0.47683224	0.38337561	0.49003553	0.34939417	0	0.28924617	0.49743822	0.57667369	0.47976619	0.40529323	0.39808577	0.2157369	0.119017	0.33497095	0.35003975	0.41376427
0.067122132	0.15328771	0.11087015	0.10606248	0.051395215	0.098051026	0.1866869	0.053617444	0.25722274	0.13617437	0.15083747	0.12976873	0.19825508	0.15881607	0.13360988	0.098735154	0.039067082	0.027715757	0.036952596	0.15465018	0.10534395	0.22126129	0.064490147	0.2934171	0.33710515	0.15831	0.24316756	0.059545022	0.14832628	0.071926929	0.091003031	0.067010134	0.16247992	0.14578392	0.19395736	0.14643298	0.13436317	0.10735022	0.031591512	0.14679238	0.021182925	0.058579743	0.15883113	0.14687726	0.1171815	0.039435949	0.15749229	0.022749789	0.06523145	0.098488167	0.18590096	0.1569501	0.10718593	0.058397349	0.09722206	0.21798578	0.094046921	0.25811484	0.13234867	0.17548648	0.12248097	0.28428084	0.22081549	0.11953554	0.094232947	0.070259131	0.091294415	0.10407104	0.15899305	0.10265324	0.23011792	0.073473066	0.28924617	0	0.20424002	0.31317672	0.065933205	0.15634611	0.084496342	0.1179912	0.070435792	0.15649706	0.15451084	0.17808805
0.18464459	0.29464698	0.40088636	0.27671573	0.072593868	0.26398528	0.41442734	0.33176193	0.22393169	0.33079019	0.26345873	0.31738606	-0.004332582	0.20708904	0.15068538	0.21201955	0.32508013	0.12475955	0.20053871	0.33787093	0.22889425	0.40379432	0.29310989	0.40612826	0.15632577	0.64229971	0.3181763	0.40047091	0.25930065	0.50889456	-0.00052218093	0.0045781136	0.2859475	0.3263135	0.56261098	0.26573312	0.25824827	0.22281921	0.06086826	0.10783108	-0.0042090751	0.036276434	0.30506316	0.29912001	0.257346	0.084010512	0.13713501	0.0084208669	0.040809408	0.26580134	0.34486383	0.66417778	0.28116393	0.093272954	0.25407726	0.65303892	0.40020996	0.28365651	0.30422533	0.39428967	0.3082673	0.08184842	0.41907433	0.16556969	0.22160557	0.53456795	0.38393649	0.45780003	0.34251699	0.23041722	0.46991944	0.31474859	0.49743822	0.20424002	0	0.60200077	0.39785159	0.28700283	0.53851181	0.11509752	0.025169495	0.27331641	0.36469558	0.42657477
0.33857372	0.33496878	0.45797101	0.32658207	0.11200552	0.34770915	0.50874925	0.32545936	0.37611926	0.34851119	0.30156809	0.38516608	0.21965331	0.44219452	0.24737433	0.36260778	0.3758373	0.2228377	0.3047998	0.38260847	0.41811401	0.42816898	0.43976787	0.53252119	0.31263086	0.49533701	0.62297332	0.3818424	0.42273316	0.47804284	0.1668328	0.13596611	0.37077144	0.38943785	0.49588418	0.29259717	0.27406034	0.24647316	0.068746328	0.24080916	0.077362746	0.047290187	0.31527463	0.29486781	0.26667568	0.087167233	0.26907367	0.087112397	0.049815159	0.40873486	0.37733772	0.59775275	0.32564747	0.12228992	0.34617856	0.63444322	0.40562662	0.3970437	0.3333278	0.36439976	0.37588984	0.28343311	0.5903669	0.25177565	0.37345001	0.44887999	0.38962057	0.45785066	0.37952012	0.418742	0.45403397	0.46140957	0.57667369	0.31317672	0.60200077	0	0.3872354	0.43715522	0.48949394	0.23629659	0.14083838	0.34774318	0.40821099	0.43709034
0.31864879	0.34770346	0.27674872	0.62412214	0.11275172	0.58796853	0.39106283	0.45698234	0.20687155	0.57866132	0.21348441	0.62335646	0.073931597	0.20716469	0.21985197	0.46546954	0.33358005	0.075153857	0.23376393	0.51863754	0.52959824	0.36343375	0.60227185	0.40419185	0.072140165	0.3781487	0.32696274	0.87845576	0.42241535	0.59131044	0.036007725	0.077212632	0.34584793	0.44232345	0.3602896	0.22248432	0.13512389	0.17573988	0.05107617	0.18726765	0.091737725	0.018243641	0.23310064	0.13485441	0.19259763	0.071208492	0.21607389	0.0961117	0.0223957	0.37152514	0.34452355	0.3475956	0.63008893	0.10297751	0.60250002	0.4900398	0.52123344	0.24107277	0.58184057	0.22615398	0.64503026	0.062587604	0.26916051	0.26959783	0.49520007	0.41099694	0.088479996	0.32517055	0.52502847	0.55399764	0.37066588	0.6516571	0.47976619	0.065933205	0.39785159	0.3872354	0	0.43038765	0.6977886	0.039045077	0.066897906	0.32365561	0.4613255	0.32591289
0.50321293	0.28218466	0.29189783	0.4125461	0.12073012	0.42610076	0.35933271	0.31384203	0.27369967	0.37514874	0.23296027	0.42703968	0.20523097	0.37165776	0.22833207	0.4449982	0.34775606	0.17749521	0.31371647	0.34315395	0.54346544	0.32836455	0.51493061	0.3837243	0.17612518	0.28286031	0.41819972	0.40929469	0.68993324	0.42943767	0.12759019	0.16207649	0.46637979	0.43431592	0.23711354	0.18045142	0.13506663	0.16396485	0.046287578	0.25935099	0.15256853	0.032922719	0.18193224	0.13401477	0.18378244	0.059090186	0.29109702	0.16593836	0.037775483	0.59711963	0.27475554	0.29552492	0.41136405	0.11886435	0.44800761	0.40123239	0.38239381	0.27583152	0.38722503	0.24565798	0.43626565	0.20491312	0.45568308	0.25334123	0.45493418	0.34244543	0.19641863	0.35341039	0.33563963	0.56698674	0.30908915	0.54711467	0.40529323	0.15634611	0.28700283	0.43715522	0.43038765	0	0.4745954	0.13599731	0.17145927	0.47546551	0.47464183	0.26399457
0.31501764	0.4260107	0.25938043	0.44664928	0.10439897	0.4178226	0.2920337	0.41625401	0.1412493	0.40394723	0.26048651	0.45788714	0.006819047	0.19307691	0.15400085	0.44459441	0.439347	0.092182331	0.29944959	0.40652499	0.52875084	0.42676911	0.63800591	0.32237351	0.067422375	0.46181223	0.33752269	0.66875333	0.44351903	0.75570107	-0.0069622728	0.048189458	0.39889786	0.55387002	0.39875725	0.26574665	0.1733828	0.24327572	0.068823516	0.14105989	0.076197185	0.016511384	0.27445582	0.18429461	0.2692591	0.091136269	0.16796046	0.081711464	0.021290332	0.42206547	0.43146366	0.40138716	0.44479918	0.099327378	0.42199978	0.45621014	0.48870841	0.17695653	0.39384839	0.30104011	0.46614221	0.010943876	0.30343947	0.18524593	0.48067078	0.60491687	0.16768095	0.49506879	0.40459433	0.550327	0.46158707	0.68391126	0.39808577	0.084496342	0.53851181	0.48949394	0.6977886	0.4745954	0	0.011167028	0.048804581	0.38244385	0.5836761	0.32963637
0.13678233	-0.013124452	0.18841951	0.04983338	0.047138114	0.11234628	0.26221594	0.10368793	0.20064195	0.10253114	0.083659314	0.081516229	0.19503701	0.28379056	0.10631099	0.077514283	0.041502051	0.15482025	0.084310934	0.074730508	0.10490138	0.076668613	0.044569273	0.22168639	0.12413644	0.067774579	0.19621257	0.034500889	0.13361758	0.043627124	0.22034927	0.10525019	0.081917599	0.031579088	0.12461508	0.061766639	0.054204825	0.020642737	0.0079245782	0.11865143	0.047550932	0.015163584	0.066214487	0.061322734	0.025829012	0.010068306	0.12788421	0.054547064	0.016016848	0.12135996	-0.0092126867	0.19110614	0.050992209	0.053847689	0.11445941	0.25479016	0.12586741	0.19482265	0.099602558	0.12805955	0.077554643	0.24220257	0.32044762	0.10018467	0.066249162	0.0073972926	0.23418008	0.075079978	0.074417613	0.10778854	0.068453118	0.049175501	0.2157369	0.1179912	0.11509752	0.23629659	0.039045077	0.13599731	0.011167028	0	0.10723118	0.078193046	0.041868962	0.12913668
0.13418466	0.028516009	0.091716774	0.070093878	0.05340378	0.1252217	0.13989531	0.094563089	0.11146781	0.080901481	0.052330147	0.084204495	0.12565096	0.18624409	0.093430296	0.090494536	0.051099729	0.088610195	0.077176236	0.059939746	0.11359481	0.054334149	0.083266273	0.12041824	0.081305936	0.018699022	0.1391807	0.061229963	0.14934567	0.054866739	0.094155073	0.11158993	0.071298897	0.068914004	0.0450937	0.029618293	0.020820808	0.014051512	0.0051374021	0.11527003	0.06909956	0.01057038	0.030204734	0.017206192	0.024991317	0.0099351667	0.13127612	0.085720196	0.012098888	0.13636965	0.024865178	0.08264564	0.071373008	0.10785488	0.13789333	0.13097328	0.13795593	0.10697277	0.083372109	0.0802074	0.084872507	0.1385618	0.21288949	0.096674062	0.087282166	0.026948718	0.10888193	0.070543513	0.057440229	0.12020967	0.043941241	0.091238253	0.119017	0.070435792	0.025169495	0.14083838	0.066897906	0.17145927	0.048804581	0.10723118	0	0.069818974	0.092177823	0.061940011
0.25953999	0.26974002	0.23412681	0.32443643	0.084359191	0.27490917	0.26746726	0.2161286	0.23554818	0.29027006	0.20642729	0.34740269	0.13506091	0.21904901	0.16940393	0.32735789	0.26096928	0.12302786	0.21735083	0.34627101	0.40053231	0.31323719	0.38317168	0.323172	0.17126164	0.27691603	0.32645136	0.31672949	0.42496216	0.35132113	0.073934622	0.077376306	0.44168839	0.37142667	0.23158351	0.22333825	0.14792761	0.16750897	0.053438354	0.17268948	0.066423282	0.030573897	0.22504987	0.14419879	0.17909339	0.065918393	0.18677741	0.066936642	0.034577474	0.30745417	0.26855707	0.23906651	0.32346058	0.080718689	0.27662984	0.29301882	0.23644179	0.23983437	0.29061925	0.20829394	0.34739506	0.13458593	0.25067124	0.17875032	0.33614415	0.26997128	0.13941267	0.25547433	0.34526858	0.41001853	0.30353844	0.3955479	0.33497095	0.15649706	0.27331641	0.34774318	0.32365561	0.47546551	0.38244385	0.078193046	0.069818974	0	0.39977598	0.24563333
0.28565282	0.39511541	0.19638325	0.40143192	0.10533907	0.34923032	0.23303629	0.27579379	0.19088343	0.34616312	0.2557942	0.40928683	0.096835703	0.18344329	0.16941021	0.39945379	0.3600136	0.085745141	0.27243125	0.37876055	0.48053586	0.3813051	0.52152216	0.31433558	0.15434031	0.33848047	0.33565229	0.44939795	0.43690893	0.50404441	0.036237855	0.077753574	0.39393854	0.5237239	0.27980337	0.23927568	0.15832217	0.21975479	0.066200919	0.17952226	0.095277756	0.032892071	0.250328	0.1622192	0.2517997	0.086181223	0.20835206	0.10208903	0.041313473	0.36149406	0.39231199	0.24998321	0.39774737	0.10174169	0.35374001	0.30465192	0.32253426	0.20927311	0.34225884	0.29814696	0.41412428	0.096692689	0.24425805	0.19267499	0.42376044	0.4498606	0.12376216	0.3946428	0.3755376	0.49670854	0.38932684	0.54843712	0.35003975	0.15451084	0.36469558	0.40821099	0.4613255	0.47464183	0.5836761	0.041868962	0.092177823	0.39977598	0	0.26223189
0.27737042	0.25492749	0.48481452	0.24346234	0.09301123	0.27703577	0.51674408	0.39663509	0.32463765	0.35350484	0.28501478	0.29241994	0.17050064	0.41079181	0.18074244	0.22675668	0.33479795	0.28785753	0.30248436	0.34481129	0.27393556	0.37434575	0.30759728	0.46042928	0.22065784	0.54128301	0.49341619	0.36175796	0.27522939	0.42798951	0.14013368	0.084729061	0.25946796	0.26770183	0.69768077	0.36094883	0.34818542	0.2815299	0.079392426	0.17828423	0.040673673	0.056798268	0.3387129	0.33503804	0.27626866	0.087060377	0.18154334	0.035716612	0.059037995	0.23773539	0.24170049	0.39688045	0.24542838	0.082933947	0.25567096	0.45642158	0.3400524	0.29984811	0.3500936	0.23844022	0.28378382	0.15487847	0.3743158	0.16343698	0.21895897	0.25305253	0.24595337	0.25896549	0.35230452	0.26059493	0.33287814	0.27354494	0.41376427	0.17808805	0.42657477	0.43709034	0.32591289	0.26399457	0.32963637	0.12913668	0.061940011	0.24563333	0.26223189	0
