0,84.3228838227012,117.395492553711,112.635034029601,90.0503286654062,56.856290471254,81.1452232418638,106.46477355957,0,72.1865115391914,119.846855936681,209.472459291157,180.052398681641,148.210413524083,99.7022273663393,223.228925069173,0,0,86.0912932815552,0,0,159.271365825947,161.413579668318,0,67.6766368563813,140.776969392421,129.996107638461,145.958780403597,102.471142683554,157.866076262101,41.222913243355,0,122.230752288318,69.4900095803397,151.296263094302,164.787841796875,187.240809631348,138.381214141846,155.214726147351,155.718471472268,0,149.840815178253,150.470014825331,0,181.111578507857,168.999030049642,149.88923912885,127.559609130189,134.602781931559,190.607666015625,0,0,114.545362281799,0,0,171.689244951521,219.77853012085,0,128.052914937337,194.523284912109,0,160.654000715776,185.933803013393,0,198.628370496962,0,280.159698486328,0,0,0,173.573003133138,167.804481506348,195.936571756999,189.316555023193,0,178.637600920921,201.46187953949,0,160.717254638672,176.204050361766,205.397587754991,0,0,0,0,0,0
84.3228838227012,0,30.5509475169048,30.9842635650008,15.0160762599078,74.5675853849377,24.711293696704,43.9424002906963,20.4716441290719,26.1904182286272,219.198269195557,128.810880667988,92.9146810340881,154.089062224203,149.667607665438,129.637198448181,175.502976342071,198.481450398763,150.819619915258,63.6817970275879,62.0061892676599,59.7844094393546,78.104365875671,53.6340652316224,73.495140108891,68.9429376180852,60.5235702931702,61.7177504364852,85.5138399731011,81.4750834794478,79.6373491575133,111.941032756459,66.3810361660593,91.4931591225777,71.0127096756846,71.2404328268849,74.6946859401912,72.2561408163508,80.6436086364601,73.1612386714501,42.6001981751258,62.9737595844546,67.0674567426647,88.2670378434031,71.5795643966782,73.8847087418428,68.23036169474,76.0292781473516,60.9565910066877,91.3551444360765,68.2632627840395,19.5709438323975,55.9840733774247,119.94036429269,77.1053819229354,112.552959627575,146.142905906395,77.3036193847656,195.973184091074,139.752560307429,162.238841636508,70.1162470402852,150.646064267521,137.855850219727,116.29930820724,52.0031560579936,171.850451487415,104.978268178304,93.8908045361466,127.438318803575,0,124.977973451006,101.005333814156,100.635748990377,52.5849239874859,89.0636794268766,121.07235483543,87.2304061889648,125.621816337883,120.215391134464,127.607465149704,159.906340500404,88.6322396596273,178.778944227431,0,150.614209747314,129.797871740241
117.395492553711,30.5509475169048,0,32.5708810979483,29.8831438217163,75.1382617745837,66.3714227676392,0,17.62644516338,53.1396406373296,151.059362792969,81.7239564614218,38.297966780402,78.3217907298695,99.7777159554618,0,0,21.1021313030367,98.212886941844,93.4336918422154,46.3642140452067,37.6965275696114,0,0,119.86832215356,91.8408862726012,115.291868053309,114.949745418308,119.581145035593,31.265472265306,128.430918855487,36.49155290264,109.851242460054,0,55.3840514399368,41.6016377008407,47.476298120655,49.8487790081107,146.921431801536,59.9977111337303,70.7528248755019,44.5705665867756,105.241253453632,21.0040011129209,43.6483753949831,48.5634373146132,62.6740975239007,77.9158156394958,91.7150115966797,42.7467356517854,72.3562486821955,0,25.4496653605587,0,82.99845606486,62.3872745272479,0,0,172.495513916016,125.425699407404,153.969909667969,139.312522888184,0,41.6568178885324,0,50.8929226371524,172.968217468262,0,106.16074504023,74.1200047462217,102.945082924583,82.3053187202005,0,118.51389096578,54.105309844017,85.7730660412193,129.462583624798,24.2153699448768,68.3464031651725,72.8278952814489,131.047968438331,125.932846069336,107.23880259196,68.0931252192784,0,0,57.0538534684615
112.635034029601,30.9842635650008,32.5708810979483,0,16.8436113367018,66.6090917442037,29.0521738726019,59.1723114181967,16.7740190381835,30.8420718878873,125.315801396863,155.925401747265,88.6489318847656,169.541780863194,132.451570088627,162.978057127478,147.108039815375,37.8762397766113,149.502697288339,71.965260231849,48.2311176983815,45.737838602974,85.5044555414736,63.6472784042358,92.9554528778788,79.608378229133,99.2101112091497,79.2628280596422,93.5091479598796,39.3959250003894,88.3898211949871,47.867165997751,86.5612087495941,102.957153302894,70.2963047107393,39.2629625176245,46.5615149915179,44.5860625796003,88.4332494750322,65.2587507903685,50.262145895707,56.9442577803213,74.2940726787305,46.9967746734619,48.0806864044172,55.2286491542009,69.5874415676065,86.8431280008745,51.0707401133406,52.8091893139628,51.3370438893636,53.8132993754219,35.8366799631784,0,58.3283527515553,99.8273423512777,185.506861913772,155.513137817383,179.596268335978,158.751861572266,185.551052766688,96.1209105329904,196.80197007921,75.0627737045288,143.704258388943,135.199528694153,176.186894098918,0,126.085262298584,110.026154227879,137.931957244873,108.339872506949,181.739683928313,134.914993286133,59.8897717793783,122.30803044637,145.86833437881,71.2954374949137,123.241628085866,108.332055866194,157.922112609361,172.801943571671,164.521774291992,149.600032527272,104.425539652507,158.78098042806,114.179619291554
90.0503286654062,15.0160762599078,29.8831438217163,16.8436113367018,0,49.0190630227251,30.6867609644324,18.350838454994,13.9001516342163,17.3045485047129,104.14198044997,152.265416359079,113.974416097005,151.527045038011,83.5705471296568,157.998714848569,104.296906607492,0,106.507054237323,79.9862925211589,0,61.4748838598078,89.4115600144932,45.4863395690918,104.74816608429,89.27528044998,99.3356152811358,81.5087947845459,95.2943664468078,56.6527293812145,88.7225317246843,12.0037386417389,74.7881185130069,110.709935506185,78.3902633336477,55.1058293297177,66.4542364120483,60.8489712801847,88.6479447701791,75.730204182973,45.9801736371271,67.7405328716195,78.305121755842,0,63.4297140264787,73.5441292314927,79.4416361461047,97.8653363483708,74.2905253360146,83.5888481140137,76.5903908865792,0,50.890759340922,0,0,118.22314453125,194.468021392822,0,208.512336730957,167.327631632487,81.9227981567383,90.4816701979864,179.238645765516,0,138.381479899089,0,87.7627334594727,95.1869979858398,115.63066649437,129.065734863281,0,0,193.101812362671,143.882171630859,60.9815788269043,119.349382961498,138.312385269816,0,138.831303914388,125.861143805764,150.755510952383,179.894457499186,0,0,0,0,85.8814065115792
56.856290471254,74.5675853849377,75.1382617745837,66.6090917442037,49.0190630227251,0,102.035609976154,93.680257693204,0,36.4119609541781,57.5775994463314,56.9367558286349,69.521325672352,74.8995727954484,50.9351365552519,87.7615101059757,99.2268288930257,43.4694862365723,39.0802179416122,115.341284318404,99.9092295964559,111.962627956952,119.664159711901,104.329241943359,146.481611219134,121.335444855763,151.550340031469,108.654961137742,118.4754041551,110.205620356968,111.678540434432,173.474733988444,189.032884216309,139.068035361208,119.225137396704,114.749264017741,107.529932226838,106.578215004194,112.560876574737,120.506183860758,82.5503878873937,122.599674297774,125.331016120513,100.978286743164,109.308147188142,121.892432821463,114.521252936097,192.724782435099,108.140964724801,150.361742655436,82.8894500732422,196.399185180664,141.063929955165,139.15404510498,96.3895825195312,113.682287551136,125.402430035078,182.15364074707,155.401866807609,135.600147095233,178.045491419566,108.503915207641,122.461699689635,213.881217956543,106.115491274088,154.224394798279,164.077257357853,141.100719894188,118.750191382188,130.142967224121,115.969488909864,110.264766186739,114.456058348296,120.850211102141,93.1617271126091,127.878883876367,118.67204523409,120.526584625244,114.392426680352,121.323908173404,119.094161533474,183.560712014475,131.798302307129,151.909516554612,237.869659423828,197.653040568034,166.525594620478
81.1452232418638,24.711293696704,66.3714227676392,29.0521738726019,30.6867609644324,102.035609976154,0,30.7405085706532,45.3845731835616,24.5954940799874,176.590702257658,139.012089647157,0,157.334334963844,138.109156513214,71.5989793753139,136.079781426324,53.9989280700684,151.051538596631,219.830902099609,93.2077233450753,127.34559306392,70.2622923316025,23.8337996276044,35.3032888182058,87.2595869098189,38.0127044300527,31.685581184718,89.3438142789722,79.9030458550704,48.0940467830568,53.281317392985,46.9929665947749,24.4212972573361,91.5376320605008,126.850517272949,104.972474416097,0,70.8992199939815,91.0884059813608,57.1878357964593,85.9809286873391,53.4822475736915,0,117.622892379761,110.240401167896,84.2763817196383,69.4199484857646,77.7847007751465,0,41.7629378738403,142.879898071289,46.783465941747,0,0,176.240894317627,103.789291945981,96.4223304748535,135.551377516526,138.874755859375,155.779845555623,38.6839613994982,117.400088500977,0,61.5511493017507,0,198.861232757568,73.460959785863,157.87915802002,0,182.477447509766,0,88.1480805049978,130.764144897461,70.7462272644043,0,121.170465776886,0,0,189.875640869141,138.974498216706,195.121934890747,0,0,0,0,146.865738974677
106.46477355957,43.9424002906963,0,59.1723114181967,18.350838454994,93.680257693204,30.7405085706532,0,19.485773563385,26.0515258079832,244.866409301758,167.85170826159,0,179.495048141479,89.5260223388672,167.232424457621,160.150517940521,0,163.872643548089,57.2992706298828,0,177.869171142578,109.991478970176,15.2522533535449,45.9710027524501,103.228864082923,26.6943767597118,100.918616612752,103.431640992421,120.726519266764,75.6455603323427,20.9703346165744,34.582320168418,59.4684832231054,0,0,0,0,94.9242846324598,87.4036827087402,0,83.5786700778537,106.927831745148,0,73.9409027099609,0,112.467037794325,50.2679179633536,169.541641235352,0,23.318182253627,176.327911376953,98.1886016300746,0,0,0,210.519073486328,0,104.57487487793,0,146.439844767253,109.105201721191,215.911895751953,0,149.215450580303,0,167.019962310791,109.329126993815,153.018981933594,0,0,0,196.65784072876,0,0,0,161.168192664613,0,0,0,166.920568485071,223.152038574219,0,0,0,0,121.535424319181
0,20.4716441290719,17.62644516338,16.7740190381835,13.9001516342163,0,45.3845731835616,19.485773563385,0,16.5904959269932,0,0,23.2214198562334,33.2947890758514,0,176.41682434082,0,19.7848178796601,14.029109954834,0,49.0027892626249,0,0,0,68.1319274902344,0,51.741870880127,118.296209607806,130.558692932129,19.9890086193277,86.507448832194,23.2311036025777,62.0718097686768,0,0,0,0,0,114.354530334473,0,86.8901890545357,0,140.317340532939,21.5873788054489,46.1414375305176,77.211549282074,123.132629394531,0,0,66.9486885070801,0,0,15.9884211308247,0,0,0,0,0,0,0,88.4677810668945,126.705421447754,0,33.1164211594915,93.0376815795898,40.1544408758315,0,0,0,0,0,0,0,0,0,0,0,19.5443196932475,64.5051307678223,119.172343444824,0,0,0,66.6683622996012,0,0,39.221263885498
72.1865115391914,26.1904182286272,53.1396406373296,30.8420718878873,17.3045485047129,36.4119609541781,24.5954940799874,26.0515258079832,16.5904959269932,0,102.674306703349,154.830050994268,104.86881716498,166.732070700227,126.687936423605,157.744807809791,161.069141057821,82.5024757385254,161.449489529594,84.6912409464518,76.2566428750248,74.0716086295581,93.7162941105788,50.6223175742409,85.0180854741809,93.0491093704473,68.6724262773963,83.1438149915603,96.2911559943275,78.4504999433245,86.045065761402,57.5098184585571,68.2983411012764,110.047390569158,89.5831253672099,82.2698065492622,84.5877750227528,82.1537087786765,87.0261191673326,87.8995192278364,71.8505644218001,83.1076877674519,84.2065980638443,106.188683509827,81.722213944895,87.5019489427981,84.9955628207026,87.4730597740965,75.7937789595271,103.595473925273,67.3511121273041,0,58.1867759967672,0,91.0084463155494,127.134597563408,186.025676727295,0,162.182356198629,165.334202357701,160.105163574219,94.9215473712691,190.911388206482,0,143.13757251871,185.811605181013,201.458336679559,109.548406427557,131.77109670639,135.465400839752,112.9326171875,142.333572115217,171.413404398951,147.033505902972,81.4067906346814,132.050022484274,142.892195445413,89.255729675293,145.826459092914,134.008657812902,153.260772790654,185.815371268136,145.376861572266,198.388128800826,0,168.273956298828,158.124997711182
119.846855936681,219.198269195557,151.059362792969,125.315801396863,104.14198044997,57.5775994463314,176.590702257658,244.866409301758,0,102.674306703349,0,96.075204031808,107.904861958822,107.204594439409,100.752705817527,95.7600077220372,157.131813049316,0,73.4594854050302,0,0,163.090389251709,244.441841125488,0,0,211.294967651367,260.975463867188,177.537503051758,245.801031748454,0,124.463844299316,0,0,46.5904312133789,186.668212890625,163.994438171387,175.847766876221,171.620043073382,259.096215384347,188.145351063121,0,178.949716421274,208.287728068034,0,176.549201011658,177.058119501386,209.035547892253,259.340215047201,0,0,0,243.778945922852,225.192982673645,158.076072692871,0,176.524494934082,169.361571553548,0,126.447735463159,153.820893814315,195.165137396918,146.080218477733,145.235353317737,179.90867805481,103.725311069165,0,183.573164463043,84.9062665303548,157.73497794331,156.205749511719,0,0,157.438661791615,163.600091890524,0,165.446697091698,153.127647107627,0,171.589965820312,173.604239592681,159.822592303241,177.939811706543,156.311889648438,0,140.514083862305,0,145.101048787435
209.472459291157,128.810880667988,81.7239564614218,155.925401747265,152.265416359079,56.9367558286349,139.012089647157,167.85170826159,0,154.830050994268,96.075204031808,0,24.0887351289047,31.1493211914014,31.7387790857195,22.4611397096885,42.2647914194292,49.0338614781698,24.1443213798641,131.550659179688,109.651227315267,109.995531377658,151.488507164849,0,175.976563887163,142.218405766274,161.295003915762,59.1569620694982,164.531922901168,214.447613143921,167.989976671007,184.650530497233,169.624132733012,135.784216562907,102.037279503197,114.404857928936,206.295675104315,120.464693437543,162.132409698334,116.9932438512,86.3468852572971,109.110988575253,119.189852042772,0,123.463831237655,120.459108383849,124.284506999551,157.89690154638,109.634460449219,172.262535095215,0,152.839614868164,165.658741454751,139.41833559672,58.9066094736899,61.809249997139,83.2820220939659,59.0313078897041,68.8109591937887,69.7846920043945,65.0029991867894,56.2050973487659,83.9408589345726,94.2372993186668,56.0117736949671,44.9374805405026,67.9263922334449,71.8383784145117,70.5016358108046,77.6416966052766,77.0235258292218,74.2390319799168,75.6584579964675,74.5315804570722,42.6847518026967,66.0007902769866,66.3619371227364,73.1005299886068,73.6922188127387,72.9526167705074,69.7614919885256,87.7918207563203,74.3898801069993,94.6285693471025,67.282935528045,0,60.5328692357252
180.052398681641,92.9146810340881,38.297966780402,88.6489318847656,113.974416097005,69.521325672352,0,0,23.2214198562334,104.86881716498,107.904861958822,24.0887351289047,0,43.7390317666562,30.5822582518002,145.135467529297,29.4322860717773,14.3881776207372,43.562504409732,0,76.9072841297496,67.9634178493334,0,0,0,137.29177347819,0,158.330627441406,0,52.591916004304,0,62.6627011262654,93.8673629760742,0,96.9752092570284,81.7367018531351,96.0480136871338,85.7838671067182,0,103.552432813142,79.1131922623207,93.2022428636427,136.495465914408,28.8543665320785,80.4890736998414,89.3799758168045,103.190169247714,0,0,95.2716636593059,105.736633300781,0,51.6778899828593,102.354956490653,48.3472797130716,38.6600051901896,0,0,128.544675350189,90.1765151803785,118.64267298972,115.932600402832,105.095982985063,30.825207393174,120.846380445692,36.4335905363373,108.126244909113,142.440017700195,55.4642558125111,42.3901586159166,41.1486156725091,45.0561673642298,0,58.4884542013379,22.8549651743096,44.2896326317316,61.6732728539444,27.0292827138361,40.3517885632221,47.4690991086966,76.7338808645116,97.0138318198068,85.0574529127641,41.2911405696809,0,0,29.7454395922986
148.210413524083,154.089062224203,78.3217907298695,169.541780863194,151.527045038011,74.8995727954484,157.334334963844,179.495048141479,33.2947890758514,166.732070700227,107.204594439409,31.1493211914014,43.7390317666562,0,23.6834691126422,34.3637574147835,112.866846446333,18.8939520904208,35.9801381880765,0,141.485904693604,94.2087942672102,158.827979010505,0,139.971829341008,151.73337208141,151.219341430664,98.1555593830265,178.3753809611,159.558728380901,164.089168749358,101.546452331543,191.543240865072,0,134.852617263794,106.283397381122,241.064437866211,115.886381149292,180.605014554916,161.787139892578,131.279708862305,117.947866916656,139.813718239289,126.274050712585,123.482736466423,119.534387858032,150.556950626868,171.540387471517,98.0984624226888,162.111644287109,0,150.684921264648,176.055566267534,71.5988699151428,44.9054640100357,50.394181948492,91.335773340861,136.799306869507,91.0943470041591,77.4966657451198,106.748919590769,74.6356295364348,91.3194814358447,33.7721350578918,82.1229401962883,44.0867222692051,94.2287853292558,70.2476649451089,69.7180892527373,35.0814409359642,44.6992473581197,42.662795750933,83.2344491709218,65.7260118050369,46.8294172286987,57.104139704902,76.0435423398578,20.5949284235636,47.3604669452744,54.8602683730376,75.0467519202676,73.1965375031371,57.0706480022039,50.7594358983262,71.4857641458511,38.1364353465385,29.2152937375366
99.7022273663393,149.667607665438,99.7777159554618,132.451570088627,83.5705471296568,50.9351365552519,138.109156513214,89.5260223388672,0,126.687936423605,100.752705817527,31.7387790857195,30.5822582518002,23.6834691126422,0,51.0785120790655,66.4543628779325,17.7224015067605,18.7203128677568,131.287979125977,107.90699005127,119.070533752441,169.165500934307,0,119.848374502999,151.587760925293,113.949382781982,93.9216702779134,178.320168188063,0,137.126397450765,131.251412391663,97.594539642334,139.467315673828,130.800133841378,111.415350777762,143.593673706055,128.272903442383,190.373365319293,181.903598022461,0,133.739284091526,140.315861995404,132.521697998047,141.666260681152,133.122071447669,146.665257471009,184.149598185221,0,171.841690063477,0,153.560745239258,162.468371436709,81.0338482051701,54.0165523182262,60.8712627862089,96.1688069817479,173.854614257812,122.820259085428,87.7765090117408,117.392798725145,76.4776956002543,93.9964091717976,128.888946533203,78.3790011080031,86.8692290264627,106.478056008268,97.6840064639137,77.8669259646504,53.8913799986547,60.0278019169879,57.9958198059179,85.4496033205623,78.1579225489437,52.3184547424316,68.403115527605,80.1801902589584,0,60.7622486977101,66.4194089225027,81.5905250105481,105.248057133943,69.3390267972593,84.6263198852539,123.76133455549,0,118.024008627062
223.228925069173,129.637198448181,0,162.978057127478,157.998714848569,87.7615101059757,71.5989793753139,167.232424457621,176.41682434082,157.744807809791,95.7600077220372,22.4611397096885,145.135467529297,34.3637574147835,51.0785120790655,0,29.0652721416907,53.0099059104919,24.2598130792729,0,0,172.485061645508,124.663447172745,0,164.161229705811,132.945440812544,165.370981895317,28.8048958924352,163.604665358861,223.206841412713,69.0635491029464,167.909085591634,172.727419878985,70.1283170700073,0,0,232.240875244141,0,146.910021972656,0,0,221.139053344727,122.203268368173,0,230.955289055319,0,128.596045293895,169.970491790771,0,0,0,169.628021240234,171.709705955104,81.069206237793,0,149.722584228516,85.4000856746327,26.3121507323071,30.4703548419091,80.978457230788,34.3512937270292,34.7709396784218,83.7866716249294,73.5527097913954,37.9749982522729,0,38.7915890414475,24.3074916006438,98.8336072649275,114.630088806152,94.5759887695312,173.781227111816,71.7223599060355,98.1295840853737,58.120532989502,88.6107579234944,59.3278336193668,143.06282043457,161.339934639309,134.614516973495,82.3323976293997,48.6576885269277,0,113.829584121704,41.0901876611913,98.7709426879883,40.4005303696365
0,175.502976342071,0,147.108039815375,104.296906607492,99.2268288930257,136.079781426324,160.150517940521,0,161.069141057821,157.131813049316,42.2647914194292,29.4322860717773,112.866846446333,66.4543628779325,29.0652721416907,0,24.4761458279794,30.4465912385808,0,0,0,202.774505615234,0,123.711944580078,161.681629180908,109.892064412435,102.835925292969,189.660046047635,242.581115722656,138.872856140137,47.9278884887695,140.447699652778,0,0,0,0,0,178.969740125868,0,0,0,158.084299954501,0,195.338569641113,0,171.079333882936,205.545222691127,0,276.791931152344,0,0,210.474236904046,60.8866081237793,0,177.576013183594,116.788510756059,15.2274195102703,43.7596524936459,104.635458139273,24.2318719729716,85.4456284351838,102.686466992661,40.0056958671745,70.046422463182,55.7200787862142,31.7668326508099,43.3740419589574,0,0,220.76496887207,0,94.2348249134022,97.6724741318647,0,128.380870310465,111.453017741442,0,127.927907503568,187.908792495728,115.233518107791,37.4382320486199,119.65874786377,0,21.4689989736052,163.544861857096,61.6868189959459
0,198.481450398763,21.1021313030367,37.8762397766113,0,43.4694862365723,53.9989280700684,0,19.7848178796601,82.5024757385254,0,49.0338614781698,14.3881776207372,18.8939520904208,17.7224015067605,53.0099059104919,24.4761458279794,0,41.0885681509972,0,69.122244153704,0,0,0,91.5156707763672,0,0,152.956578572591,0,38.629850639694,140.1708984375,46.8750385588883,0,0,0,0,0,0,140.737106323242,0,124.954753875732,0,156.784062703451,24.8544317829993,63.1000497000558,80.6872423345392,0,210.433319091797,0,76.8275205172025,0,0,81.3331554412842,0,47.2677249908447,0,132.10969543457,0,72.098727833141,0,57.5705787113735,116.378527323405,127.641345214844,22.2501025075664,92.9678592681885,28.7141097125947,63.1775135993958,69.4879709879557,0,0,0,0,120.120220184326,0,0,0,127.76335144043,18.7185004098075,45.2175715310233,0,145.336448669434,60.2688407897949,0,46.4630433945429,62.2663841247559,0,17.7481503486633
86.0912932815552,150.819619915258,98.212886941844,149.502697288339,106.507054237323,39.0802179416122,151.051538596631,163.872643548089,14.029109954834,161.449489529594,73.4594854050302,24.1443213798641,43.562504409732,35.9801381880765,18.7203128677568,24.2598130792729,30.4465912385808,41.0885681509972,0,0,111.361455281576,126.629024857977,168.267408931957,0,148.498896889065,158.88632861988,121.255516733442,91.043829834577,177.249265212421,236.841213407971,143.777575683594,148.327487945557,126.956473495021,94.8679814338684,137.017289040305,130.35710589091,194.525814480252,135.969390732901,177.229472631141,152.519123713175,130.422409057617,133.987162907918,138.75888647602,0,147.415956311441,138.158381251343,146.278478906721,181.921656507127,131.75944519043,202.960695349652,0,144.677734375,167.933411810948,83.404628223843,73.1944981763989,77.4957230477848,97.5865115809441,53.9286231994629,92.8356843378352,99.1167989424717,99.6605341109972,76.7595072556932,95.7396578392487,118.929186503092,71.3985313912081,113.873790067785,94.6411653460878,86.8204099736507,89.1166694396687,90.0315627014529,83.4559704609511,82.4251699042456,84.0320182973572,90.8378813866342,69.7667472384392,86.8264083877046,83.7471293677013,72.7705815633138,83.5085936093563,87.0264732697841,87.4277655924066,95.4143783505223,86.5162497758865,104.157581638645,64.6309657096863,152.577860514323,73.1913581567969
0,63.6817970275879,93.4336918422154,71.965260231849,79.9862925211589,115.341284318404,219.830902099609,57.2992706298828,0,84.6912409464518,0,131.550659179688,0,0,131.287979125977,0,0,0,0,0,0,78.2381393969899,81.0274907892401,142.08695602417,104.609304965121,31.7101834029113,37.485348009351,68.5339660644531,55.1090325240063,82.8903274536133,133.583955128988,0,29.6957963665061,95.5217094421387,0,91.5724584642243,131.996710459391,115.518512335883,87.3492524283273,69.1629842219462,0,82.1487764568086,73.5100997718605,0,104.820822108206,121.89662399292,70.4603436802918,27.0081751210811,37.8118558989708,0,0,30.4686768213908,60.6563133527447,0,0,0,0,0,0,0,0,0,0,0,0,0,0,0,0,0,0,0,0,0,0,207.3447265625,127.380773544312,0,0,0,137.213299221463,0,0,0,0,0,0
0,62.0061892676599,46.3642140452067,48.2311176983815,0,99.9092295964559,93.2077233450753,0,49.0027892626249,76.2566428750248,0,109.651227315267,76.9072841297496,141.485904693604,107.90699005127,0,0,69.122244153704,111.361455281576,0,0,49.3516845703125,0,0,0,0,0,75.4935080404694,0,51.7727155685425,97.1734371185303,51.6872682727213,0,111.096645095973,56.9481206373735,55.6183414459229,52.7955379486084,43.9885619481405,0,142.086227416992,39.5928125693531,0,82.7390415712387,34.7585955285651,72.6648461478097,37.8648427390672,105.913768768311,0,0,76.0504104826185,0,0,52.7168890635173,0,25.8344532939104,0,0,0,0,0,0,160.331481933594,0,90.3595835033216,0,91.0767732368146,0,0,0,0,0,0,0,0,39.6904194831848,0,110.955677032471,60.674188366184,138.858641488212,79.4208730277369,0,0,0,132.020535902544,0,0,75.055046081543
159.271365825947,59.7844094393546,37.6965275696114,45.737838602974,61.4748838598078,111.962627956952,127.34559306392,177.869171142578,0,74.0716086295581,163.090389251709,109.995531377658,67.9634178493334,94.2087942672102,119.070533752441,172.485061645508,0,0,126.629024857977,78.2381393969899,49.3516845703125,0,131.020374298096,0,126.378734748401,90.6575337013496,112.790360036225,107.528396606445,97.8241786863746,235.319137573242,0,0,101.755832395925,149.049291610718,81.9639930725098,49.8112324131366,86.0453781305358,64.5442892254649,118.673702663845,69.5822716136361,0,43.8436606882616,102.130431835468,0,43.3564828954944,36.3700436959443,66.5555139797912,134.250255749549,80.2347475527911,0,0,97.9580408732096,45.327956431008,0,57.1294326782227,101.125916498121,0,0,220.203430175781,160.981575012207,218.046325683594,0,0,0,0,0,180.692548116048,0,110.007295047536,110.362449476454,125.137699890137,113.435259819031,0,166.17628326416,50.3522796630859,105.527057174809,165.820491790771,0,107.2556416063,102.380346080959,164.697313096788,0,206.35498046875,0,0,0,91.9461288452148
161.413579668318,78.104365875671,0,85.5044555414736,89.4115600144932,119.664159711901,70.2622923316025,109.991478970176,0,93.7162941105788,244.441841125488,151.488507164849,0,158.827979010505,169.165500934307,124.663447172745,202.774505615234,0,168.267408931957,81.0274907892401,0,131.020374298096,0,105.04426574707,62.8732209136521,35.2022747771684,118.156267015558,61.0946590747739,25.5402822875477,181.797340393066,40.4127444122438,197.843460083008,111.900896627007,83.2047132562708,0,0,189.856559753418,0,20.4442729838267,84.8303146362305,59.0994606018066,119.45170211792,27.8956225697226,0,188.272354125977,125.245176042829,21.7504827974589,104.100989042778,94.1995468139648,0,128.021224975586,84.8439200265067,90.2326844533284,0,0,0,152.180835050104,216.203666687012,178.497793579102,134.099349975586,188.081783294678,79.6619220129423,155.156281039367,0,117.814901387033,0,0,0,0,0,0,0,142.654652198488,0,0,0,114.206614561944,0,0,0,147.548306984477,186.888224283854,0,0,0,160.394317626953,159.078328450521
0,53.6340652316224,0,63.6472784042358,45.4863395690918,104.329241943359,23.8337996276044,15.2522533535449,0,50.6223175742409,0,0,0,0,0,0,0,0,0,142.08695602417,0,0,105.04426574707,0,23.9984292494945,109.446687062581,19.8816400833011,51.9690636528863,109.643292772009,0,78.2100784409214,0,57.6828101873398,20.6282447703944,0,160.33576965332,0,0,116.837309265137,0,0,0,91.2188293703141,0,0,172.746406555176,115.741207709679,122.710144129666,0,0,15.1583976022821,0,15.4893168188204,0,0,0,0,0,0,0,0,114.185913085938,0,0,0,0,0,0,0,0,0,0,144.712997436523,0,0,0,178.923110961914,0,0,0,0,0,0,0,0,0,0
67.6766368563813,73.495140108891,119.86832215356,92.9554528778788,104.74816608429,146.481611219134,35.3032888182058,45.9710027524501,68.1319274902344,85.0180854741809,0,175.976563887163,0,139.971829341008,119.848374502999,164.161229705811,123.711944580078,91.5156707763672,148.498896889065,104.609304965121,0,126.378734748401,62.8732209136521,23.9984292494945,0,55.7637335713245,55.7294597748123,92.2702693939209,38.8316531704703,129.580496843358,30.7225807401536,103.952882289886,106.630993313508,31.5399472831386,0,136.040681882836,149.607643464032,160.688909819632,59.2258836760189,110.219153943644,0,116.712875753953,68.0911500618675,0,148.109151408738,152.37637424469,65.6097141584055,115.05155462039,83.9975952342817,148.958953094482,36.7756496763229,118.696340707632,85.6638908136904,0,0,186.566886901855,179.776066589355,0,155.983749389648,167.493698120117,143.82343510219,113.618728637695,182.084857940674,0,138.468055180141,0,0,173.251825968424,0,0,0,0,177.135134887695,0,0,182.635162353516,150.00020417713,0,0,193.785364786784,169.92998157848,0,0,0,0,0,0
140.776969392421,68.9429376180852,91.8408862726012,79.608378229133,89.27528044998,121.335444855763,87.2595869098189,103.228864082923,0,93.0491093704473,211.294967651367,142.218405766274,137.29177347819,151.73337208141,151.587760925293,132.945440812544,161.681629180908,0,158.88632861988,31.7101834029113,0,90.6575337013496,35.2022747771684,109.446687062581,55.7637335713245,0,64.0721216807283,58.3503875107062,28.7969001060018,150.757731119792,49.1044930978255,0,63.0120587084888,85.6023042385395,68.6924781799316,96.5650954322923,159.365971156529,125.57704697794,62.0430827736855,71.5764319097563,97.2281723022461,78.9828684068305,46.3464416143715,0,116.85770073555,112.19089841171,46.3667949027191,86.4442504965865,27.8240299108902,174.232299804688,132.659786224365,82.1125992797441,80.8531565275701,0,0,167.563232421875,152.820893859863,0,173.069249471029,133.743872506278,161.832794189453,71.5869494846889,147.087508307563,0,109.873219612317,0,161.26203918457,0,148.986032613118,0,0,0,134.377227334415,150.355104619806,105.513771057129,159.079658390925,125.457449535773,0,0,164.981227065578,136.082213103959,147.455177307129,135.544425964355,0,0,0,192.882553100586
129.996107638461,60.5235702931702,115.291868053309,99.2101112091497,99.3356152811358,151.550340031469,38.0127044300527,26.6943767597118,51.741870880127,68.6724262773963,260.975463867188,161.295003915762,0,151.219341430664,113.949382781982,165.370981895317,109.892064412435,0,121.255516733442,37.485348009351,0,112.790360036225,118.156267015558,19.8816400833011,55.7294597748123,64.0721216807283,0,105.964836678854,86.4655482718433,92.7470434321914,97.7562986012849,55.8460494677226,35.9533120158749,42.566680350489,0,126.139255514023,142.978615327315,148.226678880384,108.218822142834,100.128271061739,0,109.57817282734,105.901211263509,0,136.754929812537,147.22072756373,101.903482610002,108.950512302958,73.677335418705,102.858840942383,16.8508536856515,105.260067949797,68.8699043258491,0,0,192.010359764099,253.770988464355,0,135.074544634138,0,167.11072201199,129.17784576416,213.472915649414,0,112.393865966797,0,0,141.375066121419,180.660579681396,195.757125854492,0,0,195.004192005504,199.950390625,0,211.995614624023,159.484085769653,0,192.457565307617,188.49674987793,158.251338164012,0,148.891716003418,0,0,0,103.226535503681
145.958780403597,61.7177504364852,114.949745418308,79.2628280596422,81.5087947845459,108.654961137742,31.685581184718,100.918616612752,118.296209607806,83.1438149915603,177.537503051758,59.1569620694982,158.330627441406,98.1555593830265,93.9216702779134,28.8048958924352,102.835925292969,152.956578572591,91.043829834577,68.5339660644531,75.4935080404694,107.528396606445,61.0946590747739,51.9690636528863,92.2702693939209,58.3503875107062,105.964836678854,0,74.65748125952,119.320950087681,22.8990855295746,115.72384762581,106.200047695276,30.5872039852407,49.924264428275,119.856076558431,0,133.032247690054,65.0075615746819,65.3956380571638,34.6410578407695,61.8607402128332,39.6385718910815,102.408442197527,167.150774383545,110.202054418374,61.2423320837373,92.3473626007905,54.5809955596924,154.802313827887,0,88.1514726526597,86.200399376043,0,146.71676381429,193.161376953125,85.9341342091345,76.776618370643,81.7970993041992,70.670565923055,117.005897521973,25.5405439245243,84.9545112664554,172.227667914497,44.856552750055,163.730011731729,113.616199493408,64.1215709104376,56.8237311874611,234.157348632812,0,0,75.8408580329091,76.5023136138916,36.9013325471144,69.3331069946289,51.3261894256033,135.726577012435,210.946061028375,199.109523820581,75.583491092476,98.0704816182454,0,195.121820576986,0,0,125.70175075531
102.471142683554,85.5138399731011,119.581145035593,93.5091479598796,95.2943664468078,118.4754041551,89.3438142789722,103.431640992421,130.558692932129,96.2911559943275,245.801031748454,164.531922901168,0,178.3753809611,178.320168188063,163.604665358861,189.660046047635,0,177.249265212421,55.1090325240063,0,97.8241786863746,25.5402822875477,109.643292772009,38.8316531704703,28.7969001060018,86.4655482718433,74.65748125952,0,153.739942163275,31.6251830785729,163.647434234619,107.276396901244,85.3540689995948,0,132.449601806036,170.357284886877,163.635426044464,22.1643998232411,79.415947668014,0,94.0715686006022,46.2407165428118,0,144.216349020044,139.410352325439,40.1112984444861,106.087027397321,63.584397761027,180.550360543387,125.076502058241,87.9316362432531,96.0796493801318,0,0,0,161.264523074885,0,181.279285685221,152.404047648112,212.519026536208,92.1163561412266,165.858905638227,292.610107421875,131.17754298093,0,229.834419250488,0,170.734588623047,0,0,0,149.358552039275,0,0,166.82487487793,125.495535591029,0,0,145.138046264648,159.914360887651,187.749284443102,0,0,0,177.787368774414,216.283510843913
157.866076262101,81.4750834794478,31.265472265306,39.3959250003894,56.6527293812145,110.205620356968,79.9030458550704,120.726519266764,19.9890086193277,78.4504999433245,0,214.447613143921,52.591916004304,159.558728380901,0,223.206841412713,242.581115722656,38.629850639694,236.841213407971,82.8903274536133,51.7727155685425,235.319137573242,181.797340393066,0,129.580496843358,150.757731119792,92.7470434321914,119.320950087681,153.739942163275,0,142.210841391398,22.1586049972079,81.8804471914134,134.179393344455,0,129.951500320435,26.2140903006318,21.5318277503609,150.05948193868,0,86.5348103449895,111.417264938354,140.92034407223,21.6159944358779,29.0941884488547,69.2159931130731,175.492055257161,77.1030746012186,0,31.593922782015,77.3072654724121,0,33.3322419467337,0,82.2326733515813,0,0,0,281.393890380859,0,0,159.209702435662,0,61.2787725788977,212.938949584961,69.7983131421225,0,0,0,0,103.039151000977,166.342295328776,271.853098551432,0,139.512100219727,0,209.944233703613,34.8946242395036,97.9726136349841,110.076845348803,224.581483023507,112.87508392334,0,95.7686194815287,116.736450195312,0,71.1075011662075
41.222913243355,79.6373491575133,128.430918855487,88.3898211949871,88.7225317246843,111.678540434432,48.0940467830568,75.6455603323427,86.507448832194,86.045065761402,124.463844299316,167.989976671007,0,164.089168749358,137.126397450765,69.0635491029464,138.872856140137,140.1708984375,143.777575683594,133.583955128988,97.1734371185303,0,40.4127444122438,78.2100784409214,30.7225807401536,49.1044930978255,97.7562986012849,22.8990855295746,31.6251830785729,142.210841391398,0,126.385358276367,106.34732009095,31.3787842526689,0,183.687896728516,158.20283280071,158.929878234863,25.0314910334078,0,61.2530514110218,0,34.816693859815,0,160.396310565303,128.81475760142,54.2188487203076,103.682078697783,0,157.944173177083,104.334316855983,109.94766998291,94.2818311741369,0,0,0,113.276288204506,104.726700415978,132.276852077908,173.597869873047,179.441887749566,48.1289401732503,120.13586807251,184.599543253581,74.6457769615123,183.22282409668,135.663528442383,90.1269869123186,0,0,0,0,103.560753348095,0,0,0,82.8805031577309,0,0,221.418807983398,120.748347244263,308.437927246094,0,0,0,0,126.074151611328
0,111.941032756459,36.49155290264,47.867165997751,12.0037386417389,173.474733988444,53.281317392985,20.9703346165744,23.2311036025777,57.5098184585571,0,184.650530497233,62.6627011262654,101.546452331543,131.251412391663,167.909085591634,47.9278884887695,46.8750385588883,148.327487945557,0,51.6872682727213,0,197.843460083008,0,103.952882289886,0,55.8460494677226,115.72384762581,163.647434234619,22.1586049972079,126.385358276367,0,86.4569734845843,61.7983436584473,0,0,0,0,152.935040560636,113.455078125,85.4159710596951,0,135.450902255461,23.9569784068984,80.4773265341054,41.2306422045822,152.536796569824,0,0,31.5720299257551,0,0,37.2346533703139,0,84.5206043685692,0,0,0,0,0,92.7517776489258,167.216913435194,0,71.914098310215,0,77.9004377727553,0,0,178.425170898438,0,132.321839650472,124.885082244873,0,0,133.601901160346,0,178.992683693215,42.5386831689732,100.39537647881,98.6650037236274,0,98.6492462158203,0,100.800776342561,0,0,80.4785373394306
122.230752288318,66.3810361660593,109.851242460054,86.5612087495941,74.7881185130069,189.032884216309,46.9929665947749,34.582320168418,62.0718097686768,68.2983411012764,0,169.624132733012,93.8673629760742,191.543240865072,97.594539642334,172.727419878985,140.447699652778,0,126.956473495021,29.6957963665061,0,101.755832395925,111.900896627007,57.6828101873398,106.630993313508,63.0120587084888,35.9533120158749,106.200047695276,107.276396901244,81.8804471914134,106.34732009095,86.4569734845843,0,94.2380370330811,0,119.333531718509,113.889671844186,142.140919094066,112.971859581518,96.0832451265411,0,104.690773640793,105.492259202342,65.6591033935547,127.093682954092,141.652821754923,106.200722606065,49.9793466732213,65.099862262337,112.257904052734,16.440466097423,119.883675893148,58.2096642203313,0,0,183.12841796875,210.280776977539,0,167.557235717773,0,169.549558003743,115.211967468262,0,0,183.589582443237,0,227.010037231445,0,153.558559417725,198.854919433594,0,0,207.451892852783,163.96842956543,113.254898071289,168.516983032227,176.712220489002,0,196.457015991211,178.850433349609,170.277955969986,227.170425415039,0,0,0,0,152.098659515381
69.4900095803397,91.4931591225777,0,102.957153302894,110.709935506185,139.068035361208,24.4212972573361,59.4684832231054,0,110.047390569158,46.5904312133789,135.784216562907,0,0,139.467315673828,70.1283170700073,0,0,94.8679814338684,95.5217094421387,111.096645095973,149.049291610718,83.2047132562708,20.6282447703944,31.5399472831386,85.6023042385395,42.566680350489,30.5872039852407,85.3540689995948,134.179393344455,31.3787842526689,61.7983436584473,94.2380370330811,0,104.994979858398,140.258895874023,143.038777669271,0,60.5276582378713,0,72.1191479132427,127.816474914551,63.0012393765457,145.530220031738,156.716807047526,135.397684751501,85.7375431431427,122.125422421624,0,188.464920043945,43.0513378669476,111.741543451945,104.614461132299,0,0,0,147.298156738281,108.449760437012,0,0,292.204284667969,71.9756294250488,0,0,90.0347747802734,0,0,104.431062062581,96.7978668212891,0,0,0,125.647659301758,0,82.8513387044271,0,126.665923690796,0,0,220.006499070388,144.374896458217,226.811676025391,0,0,0,0,0
151.296263094302,71.0127096756846,55.3840514399368,70.2963047107393,78.3902633336477,119.225137396704,91.5376320605008,0,0,89.5831253672099,186.668212890625,102.037279503197,96.9752092570284,134.852617263794,130.800133841378,0,0,0,137.017289040305,0,56.9481206373735,81.9639930725098,0,0,0,68.6924781799316,0,49.924264428275,0,0,0,0,0,104.994979858398,0,119.648216247559,179.643783569336,0,0,23.7743954191021,39.6146781443567,25.6961451078073,30.0431825627142,0,158.456622123718,40.421175007111,31.3749546016716,0,0,0,0,0,68.3325181007385,0,83.7489827473958,122.014295578003,0,0,212.229988098145,169.195008595785,183.127756391253,55.6312874013727,0,0,0,0,149.155566745334,0,115.164534880162,149.295166015625,0,0,0,135.809909539911,57.4239730765455,122.561450371832,123.823288214453,0,164.704959869385,106.464965357261,126.808352567344,147.252075195312,121.469347173517,0,0,0,0
164.787841796875,71.2404328268849,41.6016377008407,39.2629625176245,55.1058293297177,114.749264017741,126.850517272949,0,0,82.2698065492622,163.994438171387,114.404857928936,81.7367018531351,106.283397381122,111.415350777762,0,0,0,130.35710589091,91.5724584642243,55.6183414459229,49.8112324131366,0,160.33576965332,136.040681882836,96.5650954322923,126.139255514023,119.856076558431,132.449601806036,129.951500320435,183.687896728516,0,119.333531718509,140.258895874023,119.648216247559,0,60.1596350132075,30.0754467240153,231.465215047201,90.1901471578402,64.7950038909912,42.574392910739,145.74043412642,0,42.3386462591201,66.196841369248,91.9603131144081,97.2631521961819,72.5989152601009,0,0,83.1409186851688,30.8694964608489,163.905151367188,62.1026462554932,110.221303304036,0,0,0,178.647064208984,0,0,0,0,0,0,0,0,0,113.734157430715,0,116.797278694485,0,152.352542877197,76.8501510620117,132.803767811168,0,0,114.446358717125,116.137862284978,188.109657287598,233.477691650391,167.771611531576,0,0,0,103.405448913574
187.240809631348,74.6946859401912,47.476298120655,46.5615149915179,66.4542364120483,107.529932226838,104.972474416097,0,0,84.5877750227528,175.847766876221,206.295675104315,96.0480136871338,241.064437866211,143.593673706055,232.240875244141,0,0,194.525814480252,131.996710459391,52.7955379486084,86.0453781305358,189.856559753418,0,149.607643464032,159.365971156529,142.978615327315,0,170.357284886877,26.2140903006318,158.20283280071,0,113.889671844186,143.038777669271,179.643783569336,60.1596350132075,0,25.9743233290537,161.23112708402,142.663711547852,0,105.36217768052,169.333187103271,0,31.4226996750554,54.6905180630064,177.957474844796,108.944473885201,146.533020019531,76.3825368881226,103.406939824422,0,46.8829779640077,0,0,125.148193359375,0,0,0,0,0,0,0,158.490753173828,0,107.527128219604,0,0,212.609573364258,0,92.2456283569336,122.216356913249,0,0,0,0,221.154373168945,0,108.467310224261,116.020534928437,233.145849609375,0,0,115.395192972819,0,0,0
138.381214141846,72.2561408163508,49.8487790081107,44.5860625796003,60.8489712801847,106.578215004194,0,0,0,82.1537087786765,171.620043073382,120.464693437543,85.7838671067182,115.886381149292,128.272903442383,0,0,0,135.969390732901,115.518512335883,43.9885619481405,64.5442892254649,0,0,160.688909819632,125.57704697794,148.226678880384,133.032247690054,163.635426044464,21.5318277503609,158.929878234863,0,142.140919094066,0,0,30.0754467240153,25.9743233290537,0,172.774065290179,115.194332993979,113.634645080566,88.5484746515495,149.606763986441,158.090576171875,32.6564119769738,59.7905930330143,116.115591860832,114.050986240975,100.397200417685,165.390518188477,0,91.6884625752767,40.4855044704778,0,72.8565422058105,103.333056131999,0,0,0,0,0,132.191787719727,0,0,0,136.073693752289,0,254.092086791992,182.508758544922,120.990559281974,123.502937316895,118.238779482634,0,0,0,149.811309814453,208.554507446289,155.0048828125,111.696985880534,113.147966540741,195.030029296875,0,0,142.28685760498,0,0,104.044952392578
155.214726147351,80.6436086364601,146.921431801536,88.4332494750322,88.6479447701791,112.560876574737,70.8992199939815,94.9242846324598,114.354530334473,87.0261191673326,259.096215384347,162.132409698334,0,180.605014554916,190.373365319293,146.910021972656,178.969740125868,140.737106323242,177.229472631141,87.3492524283273,0,118.673702663845,20.4442729838267,116.837309265137,59.2258836760189,62.0430827736855,108.218822142834,65.0075615746819,22.1643998232411,150.05948193868,25.0314910334078,152.935040560636,112.971859581518,60.5276582378713,0,231.465215047201,161.23112708402,172.774065290179,0,88.9039764404297,0,0,28.2897995472601,0,167.746243932564,167.954853057861,29.2761328824814,106.824245354232,0,171.48844909668,125.255151112874,0,94.5483323073789,0,0,0,156.620088390107,0,189.582091111403,150.067830403646,205.85309753418,87.3448027050684,160.375668224726,0,123.98583338505,195.34740447998,185.85334777832,138.823471069336,0,0,0,0,144.492651578449,0,0,0,122.929937984796,0,0,0,154.695920665469,176.965301513672,0,0,0,168.508514404297,214.765518188477
155.718471472268,73.1612386714501,59.9977111337303,65.2587507903685,75.730204182973,120.506183860758,91.0884059813608,87.4036827087402,0,87.8995192278364,188.145351063121,116.9932438512,103.552432813142,161.787139892578,181.903598022461,0,0,0,152.519123713175,69.1629842219462,142.086227416992,69.5822716136361,84.8303146362305,0,110.219153943644,71.5764319097563,100.128271061739,65.3956380571638,79.415947668014,0,0,113.455078125,96.0832451265411,0,23.7743954191021,90.1901471578402,142.663711547852,115.194332993979,88.9039764404297,0,63.4588792371614,41.782389963879,59.1673921161228,0,104.214244335221,109.065104630889,39.5296964276666,59.587387339805,38.954934652745,0,0,39.1562289324674,40.7042232056647,144.191986083984,0,149.349206542969,0,0,182.147954305013,148.33521270752,175.215636359321,0,0,0,0,0,160.480239868164,0,134.338423498053,167.872833251953,0,0,0,142.850592912522,75.9012596767629,134.324598233424,136.362125989786,0,175.785349527995,139.037099950454,135.311649889165,140.353730773926,121.925719174472,0,0,0,0
0,42.6001981751258,70.7528248755019,50.262145895707,45.9801736371271,82.5503878873937,57.1878357964593,0,86.8901890545357,71.8505644218001,0,86.3468852572971,79.1131922623207,131.279708862305,0,0,0,124.954753875732,130.422409057617,0,39.5928125693531,0,59.0994606018066,0,0,97.2281723022461,0,34.6410578407695,0,86.5348103449895,61.2530514110218,85.4159710596951,0,72.1191479132427,39.6146781443567,64.7950038909912,0,113.634645080566,0,63.4588792371614,0,58.8800450374117,42.0196997672762,73.1360082626343,178.816181437174,51.9351996124849,54.9105289487416,0,60.0852584838867,102.557142541764,0,0,71.0722051348005,0,77.4820838255041,134.984634399414,0,0,0,0,0,25.9082338159735,0,126.035422752643,0,126.756735194813,0,0,65.7889383065927,0,0,182.16291809082,0,77.8388447231717,19.9634247798669,73.8085562826052,85.5389132866493,96.7758254062982,167.376043701172,114.735851102691,100.490091959635,0,0,155.022216796875,0,0,0
149.840815178253,62.9737595844546,44.5705665867756,56.9442577803213,67.7405328716195,122.599674297774,85.9809286873391,83.5786700778537,0,83.1076877674519,178.949716421274,109.110988575253,93.2022428636427,117.947866916656,133.739284091526,221.139053344727,0,0,133.987162907918,82.1487764568086,0,43.8436606882616,119.45170211792,0,116.712875753953,78.9828684068305,109.57817282734,61.8607402128332,94.0715686006022,111.417264938354,0,0,104.690773640793,127.816474914551,25.6961451078073,42.574392910739,105.36217768052,88.5484746515495,0,41.782389963879,58.8800450374117,0,53.5021378239196,0,74.9864869269197,61.0404373786473,52.2187007081168,88.1500310090701,62.5137270163277,0,0,78.7304061783685,33.6747522187498,0,0,109.737322594509,0,0,191.430679321289,162.156119521783,200.215974807739,92.3918304443359,200.501724243164,0,0,0,217.738586425781,0,124.271566818203,121.403847327599,0,0,0,135.421582530527,70.4299804086309,127.07863423901,134.444184895434,0,141.02082824707,111.490786631734,140.754406205143,0,126.902057647705,0,0,0,214.862091064453
150.470014825331,67.0674567426647,105.241253453632,74.2940726787305,78.305121755842,125.331016120513,53.4822475736915,106.927831745148,140.317340532939,84.2065980638443,208.287728068034,119.189852042772,136.495465914408,139.813718239289,140.315861995404,122.203268368173,158.084299954501,156.784062703451,138.75888647602,73.5100997718605,82.7390415712387,102.130431835468,27.8956225697226,91.2188293703141,68.0911500618675,46.3464416143715,105.901211263509,39.6385718910815,46.2407165428118,140.92034407223,34.816693859815,135.450902255461,105.492259202342,63.0012393765457,30.0431825627142,145.74043412642,169.333187103271,149.606763986441,28.2897995472601,59.1673921161228,42.0196997672762,53.5021378239196,0,122.09196109711,161.326502961932,108.241457875881,29.7686445386965,91.0398260522212,66.718418938773,156.17533853319,141.051615397135,83.6794912998493,78.361878670302,166.033889770508,129.928670343363,166.771301269531,131.719470500355,0,169.315801180326,132.15916273329,173.238949983016,59.591285202297,131.785899530353,180.562132517497,96.0456016131145,184.929516374572,160.918878827776,129.119443075997,111.048588456726,0,0,0,117.022056186488,134.4599593733,61.3661223574945,125.06387079679,110.069528610413,153.907144818987,231.477826690674,187.493772125882,122.533037377382,155.028866093333,126.300651999081,214.855173339844,0,143.805981106228,151.886443809227
0,88.2670378434031,21.0040011129209,46.9967746734619,0,100.978286743164,0,0,21.5873788054489,106.188683509827,0,0,28.8543665320785,126.274050712585,132.521697998047,0,0,24.8544317829993,0,0,34.7585955285651,0,0,0,0,0,0,102.408442197527,0,21.6159944358779,0,23.9569784068984,65.6591033935547,145.530220031738,0,0,0,158.090576171875,0,0,73.1360082626343,0,122.09196109711,0,64.1854634284973,38.4220318595117,0,0,0,49.6134778941761,0,0,28.9963576576926,0,43.8063783143696,0,0,0,0,0,0,137.900931358337,0,39.5671400501303,0,49.8446822656344,0,0,0,0,0,178.685966491699,0,0,88.9229062398275,0,147.169692993164,26.0750298056492,106.079047659169,78.6116115382911,0,0,0,73.7475666440766,0,0,34.512423324585
181.111578507857,71.5795643966782,43.6483753949831,48.0806864044172,63.4297140264787,109.308147188142,117.622892379761,73.9409027099609,46.1414375305176,81.722213944895,176.549201011658,123.463831237655,80.4890736998414,123.482736466423,141.666260681152,230.955289055319,195.338569641113,63.1000497000558,147.415956311441,104.820822108206,72.6648461478097,43.3564828954944,188.272354125977,0,148.109151408738,116.85770073555,136.754929812537,167.150774383545,144.216349020044,29.0941884488547,160.396310565303,80.4773265341054,127.093682954092,156.716807047526,158.456622123718,42.3386462591201,31.4226996750554,32.6564119769738,167.746243932564,104.214244335221,178.816181437174,74.9864869269197,161.326502961932,64.1854634284973,0,49.7116402591877,104.466696726204,126.868699374952,109.641683533927,63.259095023854,110.168740844727,0,49.9793088002827,0,92.4316267437405,99.6549031712987,0,0,211.744033813477,210.222056070964,0,209.01569039481,0,95.9551840203298,187.563385009766,96.3948504886257,303.353302001953,0,202.873471069336,110.264489443248,119.645597839355,111.564380117563,327.911590576172,197.56821332659,155.256462097168,167.376432800293,226.406095504761,77.0588031124759,101.789740475122,102.794871561934,230.156265258789,185.522145589193,182.315353393555,107.202593971408,0,0,152.408175150553
168.999030049642,73.8847087418428,48.5634373146132,55.2286491542009,73.5441292314927,121.892432821463,110.240401167896,0,77.211549282074,87.5019489427981,177.058119501386,120.459108383849,89.3799758168045,119.534387858032,133.122071447669,0,0,80.6872423345392,138.158381251343,121.89662399292,37.8648427390672,36.3700436959443,125.245176042829,172.746406555176,152.37637424469,112.19089841171,147.22072756373,110.202054418374,139.410352325439,69.2159931130731,128.81475760142,41.2306422045822,141.652821754923,135.397684751501,40.421175007111,66.196841369248,54.6905180630064,59.7905930330143,167.954853057861,109.065104630889,51.9351996124849,61.0404373786473,108.241457875881,38.4220318595117,49.7116402591877,0,78.6437129200311,142.763988788311,116.087710430748,85.9165833497659,0,0,54.085359146091,208.912854512533,51.4573455024604,105.263757319194,0,0,214.185223049588,171.474055248758,208.429457187653,197.463722399493,243.715686798096,100.68056901296,0,98.3594354624057,197.937477111816,239.71630859375,104.510844915807,119.084614437307,139.228043225347,118.089448437613,214.055511474609,153.1961816641,50.4973372724665,113.890072451984,177.597446961162,60.9666210435733,106.026289664564,102.617686151605,177.726897868704,233.740215301514,201.119965293191,111.103959452436,0,0,111.459259033203
149.88923912885,68.23036169474,62.6740975239007,69.5874415676065,79.4416361461047,114.521252936097,84.2763817196383,112.467037794325,123.132629394531,84.9955628207026,209.035547892253,124.284506999551,103.190169247714,150.556950626868,146.665257471009,128.596045293895,171.079333882936,0,146.278478906721,70.4603436802918,105.913768768311,66.5555139797912,21.7504827974589,115.741207709679,65.6097141584055,46.3667949027191,101.903482610002,61.2423320837373,40.1112984444861,175.492055257161,54.2188487203076,152.536796569824,106.200722606065,85.7375431431427,31.3749546016716,91.9603131144081,177.957474844796,116.115591860832,29.2761328824814,39.5296964276666,54.9105289487416,52.2187007081168,29.7686445386965,0,104.466696726204,78.6437129200311,0,95.4171784278738,37.1402700064896,0,148.930241902669,79.1421885463693,72.0828093009958,139.368010384696,184.472129821777,151.388470417744,154.715668831291,0,179.139968480819,138.442245045646,181.300992911203,72.4148490698361,156.118468852789,265.274002075195,117.943986249363,0,168.474655151367,171.134966532389,117.711428885758,149.627593994141,0,179.130630493164,144.1757567986,132.064395882889,68.4770198703276,123.571781984826,120.719767839224,0,182.16968536377,153.996612936763,129.844295650356,156.163111506282,116.426917058771,0,0,141.043321821425,175.412906473333
127.559609130189,76.0292781473516,77.9158156394958,86.8431280008745,97.8653363483708,192.724782435099,69.4199484857646,50.2679179633536,0,87.4730597740965,259.340215047201,157.89690154638,0,171.540387471517,184.149598185221,169.970491790771,205.545222691127,210.433319091797,181.921656507127,27.0081751210811,0,134.250255749549,104.100989042778,122.710144129666,115.05155462039,86.4442504965865,108.950512302958,92.3473626007905,106.087027397321,77.1030746012186,103.682078697783,0,49.9793466732213,122.125422421624,0,97.2631521961819,108.944473885201,114.050986240975,106.824245354232,59.587387339805,0,88.1500310090701,91.0398260522212,0,126.868699374952,142.763988788311,95.4171784278738,0,42.3305503713997,105.555862426758,19.8974276827831,22.5838393453342,47.6283159960896,0,0,0,232.368278503418,0,0,169.341054280599,163.962997436523,110.701308059692,202.355308532715,0,169.484376271566,92.1419067382812,0,0,107.495934486389,0,0,0,201.860332912869,144.554543235085,0,0,150.604479853312,0,0,0,155.206755482873,183.679344177246,130.700805664062,0,0,112.075096130371,153.547475179036
134.602781931559,60.9565910066877,91.7150115966797,51.0707401133406,74.2905253360146,108.140964724801,77.7847007751465,169.541641235352,0,75.7937789595271,0,109.634460449219,0,98.0984624226888,0,0,0,0,131.75944519043,37.8118558989708,0,80.2347475527911,94.1995468139648,0,83.9975952342817,27.8240299108902,73.677335418705,54.5809955596924,63.584397761027,0,0,0,65.099862262337,0,0,72.5989152601009,146.533020019531,100.397200417685,0,38.954934652745,60.0852584838867,62.5137270163277,66.718418938773,0,109.641683533927,116.087710430748,37.1402700064896,42.3305503713997,0,0,0,39.6846911882515,30.8115348171523,0,0,0,0,0,0,0,134.933700561523,50.3925094604492,0,0,0,0,0,0,120.408068466187,0,0,0,0,120.585095541818,64.7464809417725,121.59258052281,116.856751578195,0,176.900390625,159.836151123047,115.387536578708,135.158599853516,92.4756596883138,0,0,100.044147491455,0
190.607666015625,91.3551444360765,42.7467356517854,52.8091893139628,83.5888481140137,150.361742655436,0,0,66.9486885070801,103.595473925273,0,172.262535095215,95.2716636593059,162.111644287109,171.841690063477,0,276.791931152344,76.8275205172025,202.960695349652,0,76.0504104826185,0,0,0,148.958953094482,174.232299804688,102.858840942383,154.802313827887,180.550360543387,31.593922782015,157.944173177083,31.5720299257551,112.257904052734,188.464920043945,0,0,76.3825368881226,165.390518188477,171.48844909668,0,102.557142541764,0,156.17533853319,49.6134778941761,63.259095023854,85.9165833497659,0,105.555862426758,0,0,0,0,59.1175303260485,0,111.751239231655,0,0,0,0,0,0,204.006312779018,0,91.1902213482817,0,95.9518815420193,0,0,0,0,101.911903381348,169.820742289225,0,0,139.568423461914,0,193.632603963216,61.8052767991206,108.459369538273,108.87878055019,0,0,0,109.905961861655,0,0,161.030395507812
0,68.2632627840395,72.3562486821955,51.3370438893636,76.5903908865792,82.8894500732422,41.7629378738403,23.318182253627,0,67.3511121273041,0,0,105.736633300781,0,0,0,0,0,0,0,0,0,128.021224975586,15.1583976022821,36.7756496763229,132.659786224365,16.8508536856515,0,125.076502058241,77.3072654724121,104.334316855983,0,16.440466097423,43.0513378669476,0,0,103.406939824422,0,125.255151112874,0,0,0,141.051615397135,0,110.168740844727,0,148.930241902669,19.8974276827831,0,0,0,0,22.7504466490783,0,0,0,0,0,0,0,0,0,0,0,0,0,0,0,0,0,0,0,0,0,0,0,0,0,0,0,0,0,0,0,0,0,0
0,19.5709438323975,0,53.8132993754219,0,196.399185180664,142.879898071289,176.327911376953,0,0,243.778945922852,152.839614868164,0,150.684921264648,153.560745239258,169.628021240234,0,0,144.677734375,30.4686768213908,0,97.9580408732096,84.8439200265067,0,118.696340707632,82.1125992797441,105.260067949797,88.1514726526597,87.9316362432531,0,109.94766998291,0,119.883675893148,111.741543451945,0,83.1409186851688,0,91.6884625752767,0,39.1562289324674,0,78.7304061783685,83.6794912998493,0,0,0,79.1421885463693,22.5838393453342,39.6846911882515,0,0,0,29.7770943237563,0,0,0,168.949493408203,0,0,0,0,0,0,0,0,0,0,0,0,0,0,0,0,0,0,0,135.818656158447,0,0,0,124.171187400818,0,0,0,0,0,0
114.545362281799,55.9840733774247,25.4496653605587,35.8366799631784,50.890759340922,141.063929955165,46.783465941747,98.1886016300746,15.9884211308247,58.1867759967672,225.192982673645,165.658741454751,51.6778899828593,176.055566267534,162.468371436709,171.709705955104,210.474236904046,81.3331554412842,167.933411810948,60.6563133527447,52.7168890635173,45.327956431008,90.2326844533284,15.4893168188204,85.6638908136904,80.8531565275701,68.8699043258491,86.200399376043,96.0796493801318,33.3322419467337,94.2818311741369,37.2346533703139,58.2096642203313,104.614461132299,68.3325181007385,30.8694964608489,46.8829779640077,40.4855044704778,94.5483323073789,40.7042232056647,71.0722051348005,33.6747522187498,78.361878670302,28.9963576576926,49.9793088002827,54.085359146091,72.0828093009958,47.6283159960896,30.8115348171523,59.1175303260485,22.7504466490783,29.7770943237563,0,0,0,102.775482664717,191.020128250122,0,222.634338378906,189.062002563477,233.025630187988,105.224703037992,213.319295065744,66.9701943233095,155.071574748063,68.3266550210806,210.823123168945,0,96.1306367761948,104.323320770264,0,0,202.925227397197,108.522158940633,48.1370887756348,107.419836777907,152.033590741726,42.3019339243571,129.677673578262,102.048970921537,166.172868765511,164.623467581613,203.652587890625,93.4315872192383,0,0,124.200299513967
0,119.94036429269,0,0,0,139.15404510498,0,0,0,0,158.076072692871,139.41833559672,102.354956490653,71.5988699151428,81.0338482051701,81.069206237793,60.8866081237793,0,83.404628223843,0,0,0,0,0,0,0,0,0,0,0,0,0,0,0,0,163.905151367188,0,0,0,144.191986083984,0,0,166.033889770508,0,0,208.912854512533,139.368010384696,0,0,0,0,0,0,0,0,94.1209280594535,0,0,116.167573111398,33.7305698944631,54.6244683005067,75.8961563110352,80.5417587726147,86.7431045981015,112.56488694085,0,37.5455501118378,90.8570404052734,67.340710957845,96.6579492459588,124.021703481674,116.416488581816,79.907648903983,71.1530096871512,61.8820457458496,86.9013505379359,76.2832511787984,0,114.541962854523,125.771815473383,79.9197553780771,29.6245629489166,39.1640577166161,0,67.8614349365234,49.9383965446835,63.8577963656791
0,77.1053819229354,82.99845606486,58.3283527515553,0,96.3895825195312,0,0,0,91.0084463155494,0,58.9066094736899,48.3472797130716,44.9054640100357,54.0165523182262,0,0,47.2677249908447,73.1944981763989,0,25.8344532939104,57.1294326782227,0,0,0,0,0,146.71676381429,0,82.2326733515813,0,84.5206043685692,0,0,83.7489827473958,62.1026462554932,0,72.8565422058105,0,0,77.4820838255041,0,129.928670343363,43.8063783143696,92.4316267437405,51.4573455024604,184.472129821777,0,0,111.751239231655,0,0,0,0,0,43.4568786621094,85.5201950073242,0,0,0,0,71.9653355681934,0,47.5079085032145,104.430789600719,40.9175034462651,0,111.547177178519,56.3072664925222,51.2543663024902,0,58.8744859695435,0,165.227081298828,34.01107325236,56.1201858520508,77.4352988206104,29.4436014468321,101.36784362793,32.9222418491283,75.7528381347656,128.507171630859,0,175.729011535645,0,0,40.8363847732544
171.689244951521,112.552959627575,62.3872745272479,99.8273423512777,118.22314453125,113.682287551136,176.240894317627,0,0,127.134597563408,176.524494934082,61.809249997139,38.6600051901896,50.394181948492,60.8712627862089,149.722584228516,177.576013183594,0,77.4957230477848,0,0,101.125916498121,0,0,186.566886901855,167.563232421875,192.010359764099,193.161376953125,0,0,0,0,183.12841796875,0,122.014295578003,110.221303304036,125.148193359375,103.333056131999,0,149.349206542969,134.984634399414,109.737322594509,166.771301269531,0,99.6549031712987,105.263757319194,151.388470417744,0,0,0,0,0,102.775482664717,94.1209280594535,43.4568786621094,0,0,182.553619384766,140.072215711437,91.7585197012946,125.085197355444,0,112.31377548137,206.981501261393,112.660196192124,0,110.410847925268,141.904691613239,73.8760812932795,48.1582227382603,120.582967758179,60.7108492661821,125.929000854492,71.9457384936534,109.587576548258,44.1359044815086,105.682746887207,0,42.0382926132151,35.5143790163187,81.9153153259625,152.272925320794,71.9765945595002,0,0,124.678909301758,67.0311631096734
219.77853012085,146.142905906395,0,185.506861913772,194.468021392822,125.402430035078,103.789291945981,210.519073486328,0,186.025676727295,169.361571553548,83.2820220939659,0,91.335773340861,96.1688069817479,85.4000856746327,116.788510756059,132.10969543457,97.5865115809441,0,0,0,152.180835050104,0,179.776066589355,152.820893859863,253.770988464355,85.9341342091345,161.264523074885,0,113.276288204506,0,210.280776977539,147.298156738281,0,0,0,0,156.620088390107,0,0,0,131.719470500355,0,0,0,154.715668831291,232.368278503418,0,0,0,168.949493408203,191.020128250122,0,85.5201950073242,0,0,120.426139831543,71.4839673284012,55.7734254690317,121.233756682452,68.7149060367972,24.5371300667738,161.027754465739,47.173696964871,0,121.904857989439,93.3736741349504,0,0,0,0,21.269315010382,194.593318939209,0,115.666130065918,35.1640817469177,0,0,0,26.6163544598947,111.039840481105,0,0,0,65.7902221679688,95.773477102209
0,77.3036193847656,0,155.513137817383,0,182.15364074707,96.4223304748535,0,0,0,0,59.0313078897041,0,136.799306869507,173.854614257812,26.3121507323071,15.2274195102703,0,53.9286231994629,0,0,0,216.203666687012,0,0,0,0,76.776618370643,0,0,104.726700415978,0,0,108.449760437012,0,0,0,0,0,0,0,0,0,0,0,0,0,0,0,0,0,0,0,0,0,182.553619384766,120.426139831543,0,17.2176650780675,107.897723549291,19.3847379537276,54.154932760114,104.110781394829,134.005844116211,53.710592884835,0,114.614694459098,20.0027753120772,0,0,0,0,98.3036560058594,0,113.955146789551,0,86.9886866297041,0,0,171.826380411784,112.509623678107,163.544063568115,0,0,13.1874940299988,170.664947509766,42.9919964926583
128.052914937337,195.973184091074,172.495513916016,179.596268335978,208.512336730957,155.401866807609,135.551377516526,104.57487487793,0,162.182356198629,126.447735463159,68.8109591937887,128.544675350189,91.0943470041591,122.820259085428,30.4703548419091,43.7596524936459,72.098727833141,92.8356843378352,0,0,220.203430175781,178.497793579102,0,155.983749389648,173.069249471029,135.074544634138,81.7970993041992,181.279285685221,281.393890380859,132.276852077908,0,167.557235717773,0,212.229988098145,0,0,0,189.582091111403,182.147954305013,0,191.430679321289,169.315801180326,0,211.744033813477,214.185223049588,179.139968480819,0,0,0,0,0,222.634338378906,116.167573111398,0,140.072215711437,71.4839673284012,17.2176650780675,0,68.0955850485375,40.5558093235177,61.5330939409209,40.8742135778396,117.764701444711,34.4465562282316,145.338595920139,98.9703237160441,28.3110922519977,97.0116160466121,162.546497344971,148.109606342931,175.287544250488,59.9068790797382,118.649853507879,117.753574371338,120.416220239327,72.0157379637926,0,165.034651714823,136.406097304653,70.2476479799285,124.986093331504,108.709920443021,156.93761867947,38.8998484178023,123.909819344494,80.0763371432269
194.523284912109,139.752560307429,125.425699407404,158.751861572266,167.327631632487,135.600147095233,138.874755859375,0,0,165.334202357701,153.820893814315,69.7846920043945,90.1765151803785,77.4966657451198,87.7765090117408,80.978457230788,104.635458139273,0,99.1167989424717,0,0,160.981575012207,134.099349975586,0,167.493698120117,133.743872506278,0,70.670565923055,152.404047648112,0,173.597869873047,0,0,0,169.195008595785,178.647064208984,0,0,150.067830403646,148.33521270752,0,162.156119521783,132.15916273329,0,210.222056070964,171.474055248758,138.442245045646,169.341054280599,0,0,0,0,189.062002563477,33.7305698944631,0,91.7585197012946,55.7734254690317,107.897723549291,68.0955850485375,0,61.6347541230744,51.7567142910428,32.0777023679955,141.863021469116,49.0506028276149,153.261260986328,54.256739361133,75.3349395703666,59.6741279833245,90.7695176401204,141.937007904053,112.371371021883,122.309705000657,68.4600124958176,95.2776985168457,79.2039092870751,46.8230087091396,150.528839111328,113.829037469287,107.495791633924,45.5933651620029,89.4031334358928,33.9741048872224,0,127.371584085318,80.4587999418965,77.9329788215567
0,162.238841636508,153.969909667969,185.551052766688,81.9227981567383,178.045491419566,155.779845555623,146.439844767253,88.4677810668945,160.105163574219,195.165137396918,65.0029991867894,118.64267298972,106.748919590769,117.392798725145,34.3512937270292,24.2318719729716,57.5705787113735,99.6605341109972,0,0,218.046325683594,188.081783294678,0,143.82343510219,161.832794189453,167.11072201199,117.005897521973,212.519026536208,0,179.441887749566,92.7517776489258,169.549558003743,292.204284667969,183.127756391253,0,0,0,205.85309753418,175.215636359321,0,200.215974807739,173.238949983016,0,0,208.429457187653,181.300992911203,163.962997436523,134.933700561523,0,0,0,233.025630187988,54.6244683005067,0,125.085197355444,121.233756682452,19.3847379537276,40.5558093235177,61.6347541230744,0,96.4836856472877,77.0025677098204,85.5154807632034,98.2690326876128,0,32.4694956606738,50.2024486650824,106.105635903098,129.899376129937,135.013302542947,149.821380053165,107.079894871336,109.30404241495,0,112.995833294931,110.6739967578,0,145.752682065672,140.445879613436,103.808997941992,114.484426913904,77.8786682904699,101.576770782471,18.2694478568384,118.357048370026,86.7730707726002
160.654000715776,70.1162470402852,139.312522888184,96.1209105329904,90.4816701979864,108.503915207641,38.6839613994982,109.105201721191,126.705421447754,94.9215473712691,146.080218477733,56.2050973487659,115.932600402832,74.6356295364348,76.4776956002543,34.7709396784218,85.4456284351838,116.378527323405,76.7595072556932,0,160.331481933594,0,79.6619220129423,114.185913085938,113.618728637695,71.5869494846889,129.17784576416,25.5405439245243,92.1163561412266,159.209702435662,48.1289401732503,167.216913435194,115.211967468262,71.9756294250488,55.6312874013727,0,0,132.191787719727,87.3448027050684,0,25.9082338159735,92.3918304443359,59.591285202297,137.900931358337,209.01569039481,197.463722399493,72.4148490698361,110.701308059692,50.3925094604492,204.006312779018,0,0,105.224703037992,75.8961563110352,71.9653355681934,0,68.7149060367972,54.154932760114,61.5330939409209,51.7567142910428,96.4836856472877,0,71.8337166227143,102.780117034912,26.6949533271552,114.961997713361,101.975523575493,30.8078322440079,31.1273177392069,115.109377543132,0,113.249244689941,56.2165170411586,64.8206285329966,36.5852712365789,40.5187644958496,37.2980988644775,99.827953411727,130.412571716309,100.464628324456,56.8583408726698,91.1215267024628,59.3550586700439,223.235328674316,71.9503173828125,81.900482011878,76.2708284331531
185.933803013393,150.646064267521,0,196.80197007921,179.238645765516,122.461699689635,117.400088500977,215.911895751953,0,190.911388206482,145.235353317737,83.9408589345726,105.095982985063,91.3194814358447,93.9964091717976,83.7866716249294,102.686466992661,127.641345214844,95.7396578392487,0,0,0,155.156281039367,0,182.084857940674,147.087508307563,213.472915649414,84.9545112664554,165.858905638227,0,120.13586807251,0,0,0,0,0,0,0,160.375668224726,0,0,200.501724243164,131.785899530353,0,0,243.715686798096,156.118468852789,202.355308532715,0,0,0,0,213.319295065744,80.5417587726147,0,112.31377548137,24.5371300667738,104.110781394829,40.8742135778396,32.0777023679955,77.0025677098204,71.8337166227143,0,142.676650833093,32.0441634004166,176.947169712612,110.088257085799,64.5865876324755,71.2746003468831,110.572893662886,169.519977983222,138.642869567871,22.0730862768368,92.8036864496047,0,99.1517563495007,46.7924454139941,155.513865152995,151.95054087321,121.214545822144,41.4571106788499,110.626556642269,67.7212845938546,175.923555374146,124.965419466533,101.383281517029,95.2679542566055
0,137.855850219727,41.6568178885324,75.0627737045288,0,213.881217956543,0,0,33.1164211594915,0,179.90867805481,94.2372993186668,30.825207393174,33.7721350578918,128.888946533203,73.5527097913954,40.0056958671745,22.2501025075664,118.929186503092,0,90.3595835033216,0,0,0,0,0,0,172.227667914497,292.610107421875,61.2787725788977,184.599543253581,71.914098310215,0,0,0,0,158.490753173828,0,0,0,126.035422752643,0,180.562132517497,39.5671400501303,95.9551840203298,100.68056901296,265.274002075195,0,0,91.1902213482817,0,0,66.9701943233095,86.7431045981015,47.5079085032145,206.981501261393,161.027754465739,134.005844116211,117.764701444711,141.863021469116,85.5154807632034,102.780117034912,142.676650833093,0,138.4791797356,23.4211129586746,83.8320480127559,104.760031960227,0,35.2228799857716,24.1255306478319,20.2737905086418,140.853529221264,76.1442949771881,184.102584838867,74.5209845374612,147.781251369379,22.7335201064746,26.2640258334376,87.1814430479019,155.520774787199,65.224530450229,90.4177652631487,29.173809285828,61.4106191739644,178.913223266602,26.7774837428809
198.628370496962,116.29930820724,0,143.704258388943,138.381479899089,106.115491274088,61.5511493017507,149.215450580303,93.0376815795898,143.13757251871,103.725311069165,56.0117736949671,120.846380445692,82.1229401962883,78.3790011080031,37.9749982522729,70.046422463182,92.9678592681885,71.3985313912081,0,0,0,117.814901387033,0,138.468055180141,109.873219612317,112.393865966797,44.856552750055,131.17754298093,212.938949584961,74.6457769615123,0,183.589582443237,90.0347747802734,0,0,0,0,123.98583338505,0,0,0,96.0456016131145,0,187.563385009766,0,117.943986249363,169.484376271566,0,0,0,0,155.071574748063,112.56488694085,104.430789600719,112.660196192124,47.173696964871,53.710592884835,34.4465562282316,49.0506028276149,98.2690326876128,26.6949533271552,32.0441634004166,138.4791797356,0,156.822943947532,104.413000435584,26.2829694212982,0,73.8843231201172,150.774087163615,157.015853881836,24.8985359616932,0,66.5177526473999,80.6721267700195,42.8069395216526,134.582881164551,160.802691167453,125.32018576728,61.114683178463,106.155673144039,0,169.769636027018,105.94251196725,115.450386047363,89.2904244892414
0,52.0031560579936,50.8929226371524,135.199528694153,0,154.224394798279,0,0,40.1544408758315,185.811605181013,0,44.9374805405026,36.4335905363373,44.0867222692051,86.8692290264627,0,55.7200787862142,28.7141097125947,113.873790067785,0,91.0767732368146,0,0,0,0,0,0,163.730011731729,0,69.7983131421225,183.22282409668,77.9004377727553,0,0,0,0,107.527128219604,136.073693752289,195.34740447998,0,126.756735194813,0,184.929516374572,49.8446822656344,96.3948504886257,98.3594354624057,0,92.1419067382812,0,95.9518815420193,0,0,68.3266550210806,0,40.9175034462651,0,0,0,145.338595920139,153.261260986328,0,114.961997713361,176.947169712612,23.4211129586746,156.822943947532,0,99.3363075256348,142.482360839844,102.485534667969,108.431015014648,61.8518295288086,120.515795967796,158.913513183594,0,72.8326811934962,185.533096313477,126.942688656174,22.2190511198319,104.22996863159,72.4680181751004,171.113545735677,79.3651888997931,0,44.4907349231994,73.1358388264974,0,41.1430818413486
280.159698486328,171.850451487415,172.968217468262,176.186894098918,87.7627334594727,164.077257357853,198.861232757568,167.019962310791,0,201.458336679559,183.573164463043,67.9263922334449,108.126244909113,94.2287853292558,106.478056008268,38.7915890414475,31.7668326508099,63.1775135993958,94.6411653460878,0,0,180.692548116048,0,0,0,161.26203918457,0,113.616199493408,229.834419250488,0,135.663528442383,0,227.010037231445,0,149.155566745334,0,0,0,185.85334777832,160.480239868164,0,217.738586425781,160.918878827776,0,303.353302001953,197.937477111816,168.474655151367,0,0,0,0,0,210.823123168945,37.5455501118378,0,110.410847925268,121.904857989439,114.614694459098,98.9703237160441,54.256739361133,32.4694956606738,101.975523575493,110.088257085799,83.8320480127559,104.413000435584,99.3363075256348,0,63.7505113938276,91.0277966586026,120.536829116709,136.138129088256,140.743722595605,112.551492600325,102.478686014811,92.2693023681641,103.934702192034,108.796271450797,0,132.132154791961,146.144409520087,108.616841977264,49.6201912662471,64.1455300489733,110.908546447754,18.4309266290547,101.725744644801,69.4926594111741
0,104.978268178304,0,0,95.1869979858398,141.100719894188,73.460959785863,109.329126993815,0,109.548406427557,84.9062665303548,71.8383784145117,142.440017700195,70.2476649451089,97.6840064639137,24.3074916006438,43.3740419589574,69.4879709879557,86.8204099736507,0,0,0,0,0,173.251825968424,0,141.375066121419,64.1215709104376,0,0,90.1269869123186,0,0,104.431062062581,0,0,0,254.092086791992,138.823471069336,0,0,0,129.119443075997,0,0,239.71630859375,171.134966532389,0,0,0,0,0,0,90.8570404052734,111.547177178519,141.904691613239,93.3736741349504,20.0027753120772,28.3110922519977,75.3349395703666,50.2024486650824,30.8078322440079,64.5865876324755,104.760031960227,26.2829694212982,142.482360839844,63.7505113938276,0,0,0,114.268556213379,0,56.1388096827518,0,78.3391094631619,138.975106811523,60.933413886707,137.984428405762,132.598685455322,131.799699181909,84.3328885993804,110.208022028901,0,117.712425231934,55.973026175248,115.034782409668,58.0993053710539
0,93.8908045361466,106.16074504023,126.085262298584,115.63066649437,118.750191382188,157.87915802002,153.018981933594,0,131.77109670639,157.73497794331,70.5016358108046,55.4642558125111,69.7180892527373,77.8669259646504,98.8336072649275,0,0,89.1166694396687,0,0,110.007295047536,0,0,0,148.986032613118,180.660579681396,56.8237311874611,170.734588623047,0,0,178.425170898438,153.558559417725,96.7978668212891,115.164534880162,0,212.609573364258,182.508758544922,0,134.338423498053,65.7889383065927,124.271566818203,111.048588456726,0,202.873471069336,104.510844915807,117.711428885758,107.495934486389,120.408068466187,0,0,0,96.1306367761948,67.340710957845,56.3072664925222,73.8760812932795,0,0,97.0116160466121,59.6741279833245,106.105635903098,31.1273177392069,71.2746003468831,0,0,102.485534667969,91.0277966586026,0,0,95.5745391845703,0,179.399597167969,0,23.0606389283773,40.3004787757684,28.5982352271501,31.2367918970228,97.2986316680908,133.324848468487,38.0900149179553,26.9583811708119,84.0312096732003,74.6548013687134,0,0,77.4375584920247,73.1619553565979
0,127.438318803575,74.1200047462217,110.026154227879,129.065734863281,130.142967224121,0,0,0,135.465400839752,156.205749511719,77.6416966052766,42.3901586159166,35.0814409359642,53.8913799986547,114.630088806152,0,0,90.0315627014529,0,0,110.362449476454,0,0,0,0,195.757125854492,234.157348632812,0,0,0,0,198.854919433594,0,149.295166015625,113.734157430715,0,120.990559281974,0,167.872833251953,0,121.403847327599,0,0,110.264489443248,119.084614437307,149.627593994141,0,0,0,0,0,104.323320770264,96.6579492459588,51.2543663024902,48.1582227382603,0,0,162.546497344971,90.7695176401204,129.899376129937,115.109377543132,110.572893662886,35.2228799857716,73.8843231201172,108.431015014648,120.536829116709,0,95.5745391845703,0,55.7393498420715,33.5502769779699,0,60.029809751349,52.5144233703613,40.5023144592614,127.396239144461,0,39.755255253217,66.7909992445307,79.8560828065307,99.1297394389838,82.0289652366815,0,0,63.2259197235107,21.7313392877728
173.573003133138,0,102.945082924583,137.931957244873,0,115.969488909864,182.477447509766,0,0,112.9326171875,0,77.0235258292218,41.1486156725091,44.6992473581197,60.0278019169879,94.5759887695312,220.76496887207,0,83.4559704609511,0,0,125.137699890137,0,0,0,0,0,0,0,103.039151000977,0,132.321839650472,0,0,0,0,92.2456283569336,123.502937316895,0,0,0,0,0,0,119.645597839355,139.228043225347,0,0,0,101.911903381348,0,0,0,124.021703481674,0,120.582967758179,0,0,148.109606342931,141.937007904053,135.013302542947,0,169.519977983222,24.1255306478319,150.774087163615,61.8518295288086,136.138129088256,114.268556213379,0,55.7393498420715,0,25.2933491054508,164.83447940533,100.529249572754,0,121.342348643712,183.441909790039,0,34.613812906555,60.8799827815171,181.631308335524,135.372388947685,121.036132070341,70.1228285289946,106.928813934326,0,45.7420245877227
167.804481506348,124.977973451006,82.3053187202005,108.339872506949,0,110.264766186739,0,0,0,142.333572115217,0,74.2390319799168,45.0561673642298,42.662795750933,57.9958198059179,173.781227111816,0,0,82.4251699042456,0,0,113.435259819031,0,0,0,0,0,0,0,166.342295328776,0,124.885082244873,0,0,0,116.797278694485,122.216356913249,118.238779482634,0,0,182.16291809082,0,0,178.685966491699,111.564380117563,118.089448437613,179.130630493164,0,0,169.820742289225,0,0,0,116.416488581816,58.8744859695435,60.7108492661821,0,0,175.287544250488,112.371371021883,149.821380053165,113.249244689941,138.642869567871,20.2737905086418,157.015853881836,120.515795967796,140.743722595605,0,179.399597167969,33.5502769779699,25.2933491054508,0,154.010223388672,90.9906224799879,0,79.0553875417312,143.498830159505,172.671390533447,36.5507301915128,64.5159133914764,111.724692174008,121.42270247217,108.721130518603,75.2103718028349,0,94.5350208282471,32.805385935553
195.936571756999,101.005333814156,0,181.739683928313,193.101812362671,114.456058348296,88.1480805049978,196.65784072876,0,171.413404398951,157.438661791615,75.6584579964675,0,83.2344491709218,85.4496033205623,71.7223599060355,94.2348249134022,120.120220184326,84.0320182973572,0,0,0,142.654652198488,144.712997436523,177.135134887695,134.377227334415,195.004192005504,75.8408580329091,149.358552039275,271.853098551432,103.560753348095,0,207.451892852783,125.647659301758,0,0,0,0,144.492651578449,0,0,0,117.022056186488,0,327.911590576172,214.055511474609,144.1757567986,201.860332912869,0,0,0,0,202.925227397197,79.907648903983,0,125.929000854492,21.269315010382,98.3036560058594,59.9068790797382,122.309705000657,107.079894871336,56.2165170411586,22.0730862768368,140.853529221264,24.8985359616932,158.913513183594,112.551492600325,56.1388096827518,0,0,164.83447940533,154.010223388672,0,245.468566894531,0,0,28.5356033755684,0,167.125262748904,179.305946350098,33.0140475217788,109.846723984355,140.172927856445,171.955070495605,119.439341862996,0,91.9957909286644
189.316555023193,100.635748990377,118.51389096578,134.914993286133,143.882171630859,120.850211102141,130.764144897461,0,0,147.033505902972,163.600091890524,74.5315804570722,58.4884542013379,65.7260118050369,78.1579225489437,98.1295840853737,97.6724741318647,0,90.8378813866342,0,0,166.17628326416,0,0,0,150.355104619806,199.950390625,76.5023136138916,0,0,0,0,163.96842956543,0,135.809909539911,152.352542877197,0,0,0,142.850592912522,77.8388447231717,135.421582530527,134.4599593733,0,197.56821332659,153.1961816641,132.064395882889,144.554543235085,120.585095541818,0,0,0,108.522158940633,71.1530096871512,165.227081298828,71.9457384936534,194.593318939209,0,118.649853507879,68.4600124958176,109.30404241495,64.8206285329966,92.8036864496047,76.1442949771881,0,0,102.478686014811,0,23.0606389283773,60.029809751349,100.529249572754,90.9906224799879,245.468566894531,0,62.0184818480877,42.5511776029225,42.1477847212837,0,105.310352926051,83.5603935858783,51.0936840311306,61.5734941917553,34.2901053249909,0,0,56.0695515950521,31.0322705953431
0,52.5849239874859,54.105309844017,59.8897717793783,60.9815788269043,93.1617271126091,70.7462272644043,0,0,81.4067906346814,0,42.6847518026967,22.8549651743096,46.8294172286987,52.3184547424316,58.120532989502,0,0,69.7667472384392,0,39.6904194831848,50.3522796630859,0,0,0,105.513771057129,0,36.9013325471144,0,139.512100219727,0,133.601901160346,113.254898071289,82.8513387044271,57.4239730765455,76.8501510620117,0,0,0,75.9012596767629,19.9634247798669,70.4299804086309,61.3661223574945,88.9229062398275,155.256462097168,50.4973372724665,68.4770198703276,0,64.7464809417725,139.568423461914,0,0,48.1370887756348,61.8820457458496,34.01107325236,109.587576548258,0,113.955146789551,117.753574371338,95.2776985168457,0,36.5852712365789,0,184.102584838867,66.5177526473999,72.8326811934962,92.2693023681641,78.3391094631619,40.3004787757684,52.5144233703613,0,0,0,62.0184818480877,0,55.8277973304588,42.8576663931044,61.776643942788,143.215751647949,38.2430464437061,54.9476871783917,0,63.4924992152623,0,0,0,0
178.637600920921,89.0636794268766,85.7730660412193,122.30803044637,119.349382961498,127.878883876367,0,0,0,132.050022484274,165.446697091698,66.0007902769866,44.2896326317316,57.104139704902,68.403115527605,88.6107579234944,128.380870310465,0,86.8264083877046,207.3447265625,0,105.527057174809,0,0,182.635162353516,159.079658390925,211.995614624023,69.3331069946289,166.82487487793,0,0,0,168.516983032227,0,122.561450371832,132.803767811168,0,149.811309814453,0,134.324598233424,73.8085562826052,127.07863423901,125.06387079679,0,167.376432800293,113.890072451984,123.571781984826,0,121.59258052281,0,0,0,107.419836777907,86.9013505379359,56.1201858520508,44.1359044815086,115.666130065918,0,120.416220239327,79.2039092870751,112.995833294931,40.5187644958496,99.1517563495007,74.5209845374612,80.6721267700195,185.533096313477,103.934702192034,138.975106811523,28.5982352271501,40.5023144592614,121.342348643712,79.0553875417312,0,42.5511776029225,55.8277973304588,0,53.3132722513462,0,72.5788708631044,54.3864674261881,67.6411268687772,92.5959897739131,57.2571845148591,222.860641479492,0,73.640172958374,30.1180056930825
201.46187953949,121.07235483543,129.462583624798,145.86833437881,138.312385269816,118.67204523409,121.170465776886,161.168192664613,0,142.892195445413,153.127647107627,66.3619371227364,61.6732728539444,76.0435423398578,80.1801902589584,59.3278336193668,111.453017741442,127.76335144043,83.7471293677013,127.380773544312,110.955677032471,165.820491790771,114.206614561944,178.923110961914,150.00020417713,125.457449535773,159.484085769653,51.3261894256033,125.495535591029,209.944233703613,82.8805031577309,178.992683693215,176.712220489002,126.665923690796,123.823288214453,0,221.154373168945,208.554507446289,122.929937984796,136.362125989786,85.5389132866493,134.444184895434,110.069528610413,147.169692993164,226.406095504761,177.597446961162,120.719767839224,150.604479853312,116.856751578195,193.632603963216,0,135.818656158447,152.033590741726,76.2832511787984,77.4352988206104,105.682746887207,35.1640817469177,86.9886866297041,72.0157379637926,46.8230087091396,110.6739967578,37.2980988644775,46.7924454139941,147.781251369379,42.8069395216526,126.942688656174,108.796271450797,60.933413886707,31.2367918970228,127.396239144461,183.441909790039,143.498830159505,28.5356033755684,42.1477847212837,42.8576663931044,53.3132722513462,0,110.4647272894,146.357767972079,94.820723178279,31.1009969071873,94.7226217173431,75.7258538611141,167.765960693359,133.316699028015,80.661781085046,84.4054910422782
0,87.2304061889648,24.2153699448768,71.2954374949137,0,120.526584625244,0,0,19.5443196932475,89.255729675293,0,73.1005299886068,27.0292827138361,20.5949284235636,0,143.06282043457,0,18.7185004098075,72.7705815633138,0,60.674188366184,0,0,0,0,0,0,135.726577012435,0,34.8946242395036,0,42.5386831689732,0,0,0,0,0,155.0048828125,0,0,96.7758254062982,0,153.907144818987,26.0750298056492,77.0588031124759,60.9666210435733,0,0,0,61.8052767991206,0,0,42.3019339243571,0,29.4436014468321,0,0,0,0,150.528839111328,0,99.827953411727,155.513865152995,22.7335201064746,134.582881164551,22.2190511198319,0,137.984428405762,97.2986316680908,0,0,172.671390533447,0,0,61.776643942788,0,110.4647272894,0,71.5274229551616,34.3256552097964,177.760314941406,0,0,63.5456600862391,0,0,32.5995704249332
160.717254638672,125.621816337883,68.3464031651725,123.241628085866,138.831303914388,114.392426680352,0,0,64.5051307678223,145.826459092914,171.589965820312,73.6922188127387,40.3517885632221,47.3604669452744,60.7622486977101,161.339934639309,127.927907503568,45.2175715310233,83.5085936093563,0,138.858641488212,107.2556416063,0,0,0,0,192.457565307617,210.946061028375,0,97.9726136349841,0,100.39537647881,196.457015991211,0,164.704959869385,114.446358717125,108.467310224261,111.696985880534,0,175.785349527995,167.376043701172,141.02082824707,231.477826690674,106.079047659169,101.789740475122,106.026289664564,182.16968536377,0,176.900390625,108.459369538273,0,0,129.677673578262,114.541962854523,101.36784362793,42.0382926132151,0,0,165.034651714823,113.829037469287,145.752682065672,130.412571716309,151.95054087321,26.2640258334376,160.802691167453,104.22996863159,132.132154791961,132.598685455322,133.324848468487,39.755255253217,34.613812906555,36.5507301915128,167.125262748904,105.310352926051,143.215751647949,72.5788708631044,146.357767972079,71.5274229551616,0,50.9258849745943,113.192569156569,127.906585835302,106.355321363167,50.753037549733,106.871919250488,109.865058898926,53.8299744072798
176.204050361766,120.215391134464,72.8278952814489,108.332055866194,125.861143805764,121.323908173404,189.875640869141,0,119.172343444824,134.008657812902,173.604239592681,72.9526167705074,47.4690991086966,54.8602683730376,66.4194089225027,134.614516973495,187.908792495728,0,87.0264732697841,0,79.4208730277369,102.380346080959,0,0,193.785364786784,164.981227065578,188.49674987793,199.109523820581,145.138046264648,110.076845348803,221.418807983398,98.6650037236274,178.850433349609,220.006499070388,106.464965357261,116.137862284978,116.020534928437,113.147966540741,0,139.037099950454,114.735851102691,111.490786631734,187.493772125882,78.6116115382911,102.794871561934,102.617686151605,153.996612936763,0,159.836151123047,108.87878055019,0,0,102.048970921537,125.771815473383,32.9222418491283,35.5143790163187,0,171.826380411784,136.406097304653,107.495791633924,140.445879613436,100.464628324456,121.214545822144,87.1814430479019,125.32018576728,72.4680181751004,146.144409520087,131.799699181909,38.0900149179553,66.7909992445307,60.8799827815171,64.5159133914764,179.305946350098,83.5603935858783,38.2430464437061,54.3864674261881,94.820723178279,34.3256552097964,50.9258849745943,0,86.7460922261665,131.611545543478,117.726573105318,96.9340921368288,0,0,53.1711312492974
205.397587754991,127.607465149704,131.047968438331,157.922112609361,150.755510952383,119.094161533474,138.974498216706,166.920568485071,0,153.260772790654,159.822592303241,69.7614919885256,76.7338808645116,75.0467519202676,81.5905250105481,82.3323976293997,115.233518107791,145.336448669434,87.4277655924066,137.213299221463,0,164.697313096788,147.548306984477,0,169.92998157848,136.082213103959,158.251338164012,75.583491092476,159.914360887651,224.581483023507,120.748347244263,0,170.277955969986,144.374896458217,126.808352567344,188.109657287598,233.145849609375,195.030029296875,154.695920665469,135.311649889165,100.490091959635,140.754406205143,122.533037377382,0,230.156265258789,177.726897868704,129.844295650356,155.206755482873,115.387536578708,0,0,124.171187400818,166.172868765511,79.9197553780771,75.7528381347656,81.9153153259625,26.6163544598947,112.509623678107,70.2476479799285,45.5933651620029,103.808997941992,56.8583408726698,41.4571106788499,155.520774787199,61.114683178463,171.113545735677,108.616841977264,84.3328885993804,26.9583811708119,79.8560828065307,181.631308335524,111.724692174008,33.0140475217788,51.0936840311306,54.9476871783917,67.6411268687772,31.1009969071873,177.760314941406,113.192569156569,86.7460922261665,0,96.3105267588306,42.4532491581986,189.919952392578,136.170947519938,81.7337782940988,84.820798642141
0,159.906340500404,125.932846069336,172.801943571671,179.894457499186,183.560712014475,195.121934890747,223.152038574219,0,185.815371268136,177.939811706543,87.7918207563203,97.0138318198068,73.1965375031371,105.248057133943,48.6576885269277,37.4382320486199,60.2688407897949,95.4143783505223,0,0,0,186.888224283854,0,0,147.455177307129,0,98.0704816182454,187.749284443102,112.87508392334,308.437927246094,98.6492462158203,227.170425415039,226.811676025391,147.252075195312,233.477691650391,0,0,176.965301513672,140.353730773926,0,0,155.028866093333,0,185.522145589193,233.740215301514,156.163111506282,183.679344177246,135.158599853516,0,0,0,164.623467581613,29.6245629489166,128.507171630859,152.272925320794,111.039840481105,163.544063568115,124.986093331504,89.4031334358928,114.484426913904,91.1215267024628,110.626556642269,65.224530450229,106.155673144039,79.3651888997931,49.6201912662471,110.208022028901,84.0312096732003,99.1297394389838,135.372388947685,121.42270247217,109.846723984355,61.5734941917553,0,92.5959897739131,94.7226217173431,0,127.906585835302,131.611545543478,96.3105267588306,0,37.771072472172,129.346307754517,14.6351269545379,21.5570744419597,47.2417618812697
0,88.6322396596273,107.23880259196,164.521774291992,0,131.798302307129,0,0,0,145.376861572266,156.311889648438,74.3898801069993,85.0574529127641,57.0706480022039,69.3390267972593,0,119.65874786377,0,86.5162497758865,0,0,206.35498046875,0,0,0,135.544425964355,148.891716003418,0,0,0,0,0,0,0,121.469347173517,167.771611531576,0,0,0,121.925719174472,0,126.902057647705,126.300651999081,0,182.315353393555,201.119965293191,116.426917058771,130.700805664062,92.4756596883138,0,0,0,203.652587890625,39.1640577166161,0,71.9765945595002,0,0,108.709920443021,33.9741048872224,77.8786682904699,59.3550586700439,67.7212845938546,90.4177652631487,0,0,64.1455300489733,0,74.6548013687134,82.0289652366815,121.036132070341,108.721130518603,140.172927856445,34.2901053249909,63.4924992152623,57.2571845148591,75.7258538611141,0,106.355321363167,117.726573105318,42.4532491581986,37.771072472172,0,0,0,31.0748430904523,49.1463609468073
0,178.778944227431,68.0931252192784,149.600032527272,0,151.909516554612,0,0,66.6683622996012,198.388128800826,0,94.6285693471025,41.2911405696809,50.7594358983262,84.6263198852539,113.829584121704,0,46.4630433945429,104.157581638645,0,132.020535902544,0,0,0,0,0,0,195.121820576986,0,95.7686194815287,0,100.800776342561,0,0,0,0,115.395192972819,142.28685760498,0,0,155.022216796875,0,214.855173339844,73.7475666440766,107.202593971408,111.103959452436,0,0,0,109.905961861655,0,0,93.4315872192383,0,175.729011535645,0,0,0,156.93761867947,0,101.576770782471,223.235328674316,175.923555374146,29.173809285828,169.769636027018,44.4907349231994,110.908546447754,117.712425231934,0,0,70.1228285289946,75.2103718028349,171.955070495605,0,0,222.860641479492,167.765960693359,63.5456600862391,50.753037549733,96.9340921368288,189.919952392578,129.346307754517,0,0,0,0,61.5443121387113
0,0,0,104.425539652507,0,237.869659423828,0,0,0,0,140.514083862305,67.282935528045,0,71.4857641458511,123.76133455549,41.0901876611913,21.4689989736052,62.2663841247559,64.6309657096863,0,0,0,0,0,0,0,0,0,0,116.736450195312,0,0,0,0,0,0,0,0,0,0,0,0,0,0,0,0,0,0,0,0,0,0,0,67.8614349365234,0,0,0,13.1874940299988,38.8998484178023,127.371584085318,18.2694478568384,71.9503173828125,124.965419466533,61.4106191739644,105.94251196725,73.1358388264974,18.4309266290547,55.973026175248,0,0,106.928813934326,0,119.439341862996,0,0,0,133.316699028015,0,106.871919250488,0,136.170947519938,14.6351269545379,0,0,0,0,19.663387327525
0,150.614209747314,0,158.78098042806,0,197.653040568034,0,0,0,168.273956298828,0,0,0,38.1364353465385,0,98.7709426879883,163.544861857096,0,152.577860514323,0,0,0,160.394317626953,0,0,0,0,0,177.787368774414,0,0,0,0,0,0,0,0,0,168.508514404297,0,0,0,143.805981106228,0,0,0,141.043321821425,112.075096130371,100.044147491455,0,0,0,0,49.9383965446835,0,124.678909301758,65.7902221679688,170.664947509766,123.909819344494,80.4587999418965,118.357048370026,81.900482011878,101.383281517029,178.913223266602,115.450386047363,0,101.725744644801,115.034782409668,77.4375584920247,63.2259197235107,0,94.5350208282471,0,56.0695515950521,0,73.640172958374,80.661781085046,0,109.865058898926,0,81.7337782940988,21.5570744419597,31.0748430904523,0,0,0,26.7037222120497
0,129.797871740241,57.0538534684615,114.179619291554,85.8814065115792,166.525594620478,146.865738974677,121.535424319181,39.221263885498,158.124997711182,145.101048787435,60.5328692357252,29.7454395922986,29.2152937375366,118.024008627062,40.4005303696365,61.6868189959459,17.7481503486633,73.1913581567969,0,75.055046081543,91.9461288452148,159.078328450521,0,0,192.882553100586,103.226535503681,125.70175075531,216.283510843913,71.1075011662075,126.074151611328,80.4785373394306,152.098659515381,0,0,103.405448913574,0,104.044952392578,214.765518188477,0,0,214.862091064453,151.886443809227,34.512423324585,152.408175150553,111.459259033203,175.412906473333,153.547475179036,0,161.030395507812,0,0,124.200299513967,63.8577963656791,40.8363847732544,67.0311631096734,95.773477102209,42.9919964926583,80.0763371432269,77.9329788215567,86.7730707726002,76.2708284331531,95.2679542566055,26.7774837428809,89.2904244892414,41.1430818413486,69.4926594111741,58.0993053710539,73.1619553565979,21.7313392877728,45.7420245877227,32.805385935553,91.9957909286644,31.0322705953431,0,30.1180056930825,84.4054910422782,32.5995704249332,53.8299744072798,53.1711312492974,84.820798642141,47.2417618812697,49.1463609468073,61.5443121387113,19.663387327525,26.7037222120497,0
