0,85,6,48,56,11197,3,0,0,155,703,2,0,13,22,0,0,0,62,0,0,0,0,0,0,0,0,0,0,0,0,0,0,0,1,0,0,0,0,4,0,1,0,0,0,1,1,1,0,0,0,0,0,0,0,0,0,0,0,10,0,0,0,0,0,0,5,0,0,7,0,0,0,0,0,0,1,0,0,4,0,0,0,0,0,0,0,0,0,0,1,0,0,0,0,0,0,0,0,0,0,0,0,0,0,0,0,0,0,0,0,0,0,0,0,0,0,0,0,0,0,0,0,0,0,0,0,0,0,0,0,0,0,0,0,0,0,0,0,0,0,0,0,0,0,0,0,0,0,0,0,0,0,0,0,0,0,0,1,0,0,0,0,0,0,0,0
85,0,2190,1085,715,716,326,14,0,1209,0,41,33,5,16,21,0,0,3,8,0,60,0,0,17,37,30,0,0,0,1,0,3,1,96,0,0,2,1,0,0,2,2,1,1,79,16,39,27,0,1,0,0,0,1,0,0,5,3,81,0,4,56,650,470,2,16,69,3,1,31,23,379,0,498,3,50,10,6,7,2,0,14,89,163,369,5,244,0,141,7,93,3,0,0,0,0,0,0,0,2,0,0,0,0,0,0,0,2,0,0,0,0,0,0,0,0,0,0,0,0,0,2,0,1,0,0,0,0,0,0,0,0,0,0,0,2,0,5,0,0,0,0,0,0,0,0,0,0,0,0,0,0,1,0,0,0,3,221,0,0,0,0,1,0,0,0
6,2190,0,850,1103,74,9,0,26,489,0,26,1249,75,10,0,0,34,7,248,0,29,0,22,990,172,36,0,0,0,7,19,47,16,222,23,11,0,0,0,0,3,26,1,0,4,2,15,0,10,5,0,0,0,0,0,0,208,21,0,0,0,0,327,206,23,15,507,1,0,543,756,684,0,3,0,0,0,0,1,110,280,997,0,125,92,5,98,627,1,0,2,0,3,0,0,0,2,344,119,13,0,0,0,0,0,0,0,27,0,0,0,0,0,0,0,0,0,0,0,0,0,0,0,17,0,0,0,0,0,0,0,0,2,0,0,0,0,0,0,0,13,0,0,16,8,42,0,0,0,0,0,0,0,2,37,7,0,123,0,1,1,52,0,0,0,0
48,1085,850,0,1339,759,263,49,5,1296,3,6,84,15,45,1,1,2,43,92,0,9,8,7,113,68,11,0,0,0,24,37,62,14,99,93,23,0,1,0,4,17,53,3,4,13,9,23,4,5,14,0,20,6,0,0,1,212,76,164,5,27,111,311,9,313,210,1253,38,0,329,207,587,0,95,7,13,0,41,81,64,239,1063,13,16,183,15,210,94,8,32,62,0,0,0,0,0,0,0,1,1,0,0,0,0,0,0,0,2,0,0,0,0,0,0,0,1,0,0,0,0,1,0,0,1,0,0,0,0,0,0,0,0,0,0,0,0,0,0,0,0,4,0,0,0,0,0,0,0,0,0,0,0,0,0,0,0,0,35,0,0,0,0,0,0,0,0
56,715,1103,1339,0,998,11,36,1,1701,8,6,23,26,164,3,2,4,95,8,0,6,0,1,43,21,9,0,0,0,1,1,5,0,58,0,0,1,0,0,0,2,0,1,0,10,5,47,1,0,2,0,1,0,0,0,0,25,4,101,0,5,9,242,5,9,42,264,1,0,75,61,270,0,32,0,5,2,2,2,7,0,116,3,15,83,8,285,5,1,1,8,0,0,0,0,0,0,1,1,0,0,0,0,0,0,0,0,1,0,0,0,0,0,0,0,0,0,0,0,0,0,0,0,0,0,0,0,0,0,0,0,0,0,0,0,0,0,0,0,0,1,1,0,0,0,0,0,0,0,0,0,0,0,0,0,0,1,24,0,1,0,0,0,0,0,0
11197,716,74,759,998,0,28,1,0,3476,10470,775,131,639,1106,8,3,0,3481,0,1,3,0,0,1,1,1,0,1,0,0,0,0,0,15,0,0,1,1,1,0,1,0,0,0,12,1,7,2,0,0,0,0,0,0,0,0,0,1,86,1,1,12,10,2,1,21,10,0,0,3,0,1,0,7,0,3,0,0,1,0,0,1,2,19,5,2,4,0,1,0,4,0,0,0,1,0,0,1,3,0,0,0,0,0,0,0,1,13,0,0,0,0,0,0,0,0,1,0,2,0,7,2,0,0,0,0,0,0,0,0,0,0,12,0,0,15,5,5,0,0,3,0,0,1,1,4,0,2,1,1,0,0,0,0,0,0,4,43,7,1,9,0,1,0,2,0
3,326,9,263,11,28,0,258,0,363,0,8,0,0,0,20,0,0,1,0,5,0,0,0,0,0,0,2,5,0,0,0,0,0,0,57,19,1,4,15,4,431,0,0,0,1,0,0,2,0,18,0,40,14,0,10,2,0,0,0,8,152,774,0,0,35,137,0,324,13,0,0,0,0,6,18,16,39,153,1555,0,11,18,125,91,1,0,0,1,1,157,53,0,0,0,0,0,0,0,0,0,0,1,0,0,0,0,0,0,0,0,0,0,0,0,0,0,0,0,0,0,0,0,0,0,0,0,0,0,0,0,0,0,0,0,0,3,0,0,0,0,0,0,0,0,0,0,0,0,0,0,0,0,1,0,0,0,0,54,0,0,0,0,0,0,0,0
0,14,0,49,36,1,258,0,0,122,0,0,0,0,0,0,0,0,0,0,0,0,0,0,0,0,0,0,0,0,0,0,0,0,0,0,0,0,0,0,0,17,0,0,0,0,0,0,0,0,1,0,15,17,0,0,0,0,0,2,0,79,1,0,0,2,3,0,20,0,0,0,0,0,0,0,0,0,5,37,0,0,0,0,0,0,0,0,0,0,15,4,0,0,0,0,0,0,0,0,0,0,0,0,0,0,0,0,0,0,0,0,0,0,0,0,0,0,0,0,0,0,0,0,0,0,0,0,0,0,0,0,0,0,0,0,0,0,0,0,0,0,0,0,0,0,0,0,0,0,0,0,0,0,0,0,0,0,0,0,0,0,0,0,0,0,0
0,0,26,5,1,0,0,0,0,2,0,0,5,0,0,0,0,5,0,0,0,0,0,0,14,0,0,0,0,0,0,0,0,0,0,1,0,0,0,0,0,0,1,0,0,0,0,0,0,3,2,0,0,0,0,0,0,0,0,0,0,0,0,0,0,0,0,0,0,0,0,0,0,0,0,0,0,0,0,0,0,55,2,0,24,0,0,0,41,0,0,0,0,0,0,0,0,0,6,0,0,0,0,0,0,0,0,0,0,0,0,0,0,0,0,0,0,0,0,0,0,0,0,0,8,0,0,0,0,0,0,0,0,0,0,0,0,0,0,0,0,0,0,0,0,0,0,0,0,0,0,0,0,0,0,5,0,0,1,0,0,0,1,0,0,0,0
155,1209,489,1296,1701,3476,363,122,2,0,6,4,9,38,113,1,4,3,175,2,0,7,0,0,6,3,4,0,0,0,3,0,1,0,46,6,0,0,2,0,1,2,0,2,0,20,6,21,4,0,3,0,2,0,0,0,0,0,1,71,0,13,66,73,29,0,31,32,8,0,17,2,25,0,40,2,6,5,3,33,1,0,9,10,43,22,5,54,0,4,17,15,0,0,0,0,0,0,0,0,0,0,0,0,0,0,0,0,1,0,0,0,0,0,0,1,0,0,0,1,0,0,1,0,3,0,0,0,0,0,0,0,0,1,0,0,0,0,0,0,0,0,0,0,0,0,0,0,0,0,0,0,0,0,0,0,0,1,31,0,0,0,0,0,0,0,0
703,0,0,3,8,10470,0,0,0,6,0,40,1,13,32,1,0,0,123,0,0,0,0,0,0,0,0,0,0,0,0,0,0,0,0,0,0,0,0,0,0,0,0,0,0,0,0,0,0,0,0,0,0,0,0,0,0,0,0,0,0,0,0,0,0,0,0,0,0,0,0,0,0,0,0,0,0,0,0,0,0,0,0,0,0,0,0,0,0,0,0,0,0,0,0,0,0,0,0,0,0,0,0,0,0,0,0,0,1,0,0,0,0,3,0,0,0,0,0,0,0,0,1,0,0,0,0,0,0,0,0,0,0,0,0,0,1,0,0,0,0,0,1,2,0,0,0,0,0,0,0,0,0,0,0,0,0,1,0,1,0,1,0,0,0,0,0
2,41,26,6,6,775,8,0,0,4,40,0,3589,1169,597,236,21,0,1473,0,0,0,0,0,0,0,0,0,0,0,0,0,0,0,2,0,0,0,0,0,0,0,0,0,0,0,0,0,1,0,0,0,0,0,0,0,0,0,0,2,0,0,2,0,0,0,0,0,0,0,0,0,0,0,2,0,0,0,0,0,0,0,0,1,96,0,0,0,0,0,0,0,0,4,0,83,0,1,70,109,195,1,0,0,0,0,1,4,132,0,0,2,0,0,0,3,0,1,3,29,9,35,37,0,1,0,1,1,0,0,0,4,0,34,0,2,1,450,1286,0,4,29,3,0,36,23,334,0,116,0,5,0,1,0,14,0,6,46,129,284,9,206,0,126,3,30,1
0,33,1249,84,23,131,0,0,5,9,1,3589,0,664,1359,34,17,28,873,4,0,0,0,3,110,38,10,0,0,0,2,0,2,2,69,0,0,0,0,0,0,0,1,0,0,0,0,1,0,0,0,0,0,0,0,0,0,2,1,0,0,0,0,0,0,0,0,13,0,0,33,33,41,0,0,0,0,0,0,0,0,7,6,0,57,0,0,5,59,0,0,0,0,184,0,36,0,66,2694,315,119,0,0,0,2,12,17,11,326,0,7,0,0,0,0,13,62,0,0,0,1,13,2,13,6,0,0,34,0,0,0,210,17,5,0,0,0,215,123,36,10,158,1,0,605,788,853,0,2,0,0,0,0,2,247,192,597,0,113,7,14,82,420,0,1,5,0
13,5,75,15,26,639,0,0,0,38,13,1169,664,0,1024,915,106,6,1324,0,0,0,0,0,0,0,1,0,0,0,0,0,0,0,1,0,0,0,0,0,0,0,0,0,0,0,0,0,0,0,1,0,0,0,0,0,0,0,0,0,0,0,0,0,0,0,0,0,0,0,0,0,0,0,0,0,0,0,0,0,0,0,0,1,11,0,0,0,0,0,0,0,0,65,4,8,63,13,192,108,21,0,0,0,31,21,32,5,80,11,104,3,3,0,2,58,89,1,8,5,9,20,5,6,0,1,2,245,0,0,3,360,60,396,6,30,453,193,85,427,271,814,58,3,247,121,282,2,45,2,11,1,43,259,114,388,1160,44,25,166,39,86,50,15,30,109,2
22,16,10,45,164,1106,0,0,0,113,32,597,1359,1024,0,35,45,3,1797,0,0,0,0,0,0,0,0,0,0,0,0,0,0,0,1,0,0,0,0,0,0,0,0,0,0,0,0,1,0,0,0,0,0,0,0,0,0,0,0,1,0,0,0,0,0,0,0,0,0,0,0,0,0,0,0,0,0,0,0,0,0,0,0,0,7,0,0,0,0,0,0,0,0,3,0,4,0,1,139,29,21,0,0,0,1,0,3,1,49,0,0,0,0,0,0,0,1,1,0,4,0,31,2,0,1,0,0,0,0,0,0,30,3,31,0,1,3,101,29,4,0,59,6,1,70,66,115,0,18,0,0,1,1,3,23,0,47,8,16,48,15,163,2,9,1,8,0
0,21,0,1,3,8,20,0,0,1,1,236,34,915,35,0,365,0,379,0,0,0,0,0,0,0,0,0,0,0,0,0,0,0,0,0,0,0,0,0,0,0,0,0,0,1,0,0,0,0,0,0,0,0,0,0,0,0,0,0,0,0,18,0,0,0,0,0,1,0,0,0,0,0,0,0,0,0,1,7,0,0,0,1,218,0,0,0,0,0,0,0,0,0,40,0,0,0,0,0,0,0,22,0,0,0,0,0,0,7,44,5,6,23,17,314,5,0,0,0,0,0,3,0,1,0,10,188,0,5,13,0,0,0,41,197,2683,0,1,45,257,0,718,84,0,0,0,0,5,20,29,34,200,3173,1,13,28,150,75,0,0,0,0,5,163,133,0
0,0,0,1,2,3,0,0,0,4,0,21,17,106,45,365,0,3,143,0,0,0,0,0,0,0,0,0,0,0,0,0,0,0,0,0,0,0,0,0,0,0,0,0,0,0,0,0,0,0,0,0,0,0,0,0,0,0,0,0,0,0,0,0,0,0,0,0,0,0,0,0,0,0,0,0,0,0,0,0,0,0,0,0,0,0,0,0,0,0,0,0,0,0,0,0,0,0,0,0,0,0,0,0,0,0,0,0,0,0,10,0,0,1,0,58,8,0,0,0,0,0,0,0,1,0,11,89,0,2,1,0,0,0,0,181,8,0,0,6,14,0,51,0,0,0,0,0,0,0,0,0,6,29,0,8,17,0,0,0,0,0,0,0,34,16,0
0,0,34,2,4,0,0,0,5,3,0,0,28,6,3,0,3,0,1,0,0,0,0,0,3,0,0,0,0,0,0,0,0,0,1,0,0,0,0,0,0,0,0,0,0,0,0,0,0,0,0,0,0,0,0,0,0,0,0,0,0,0,0,0,0,0,0,0,0,0,0,0,0,0,0,0,0,0,0,0,0,7,1,0,7,0,0,0,13,0,0,0,0,0,0,0,0,0,145,0,0,0,0,0,0,0,0,0,2,0,2,0,0,0,0,0,2,0,0,0,0,0,0,3,14,0,0,2,0,0,0,0,0,0,0,0,0,0,0,0,0,0,0,0,0,0,0,0,0,0,0,0,0,0,0,145,4,0,26,0,0,0,78,0,2,0,0
62,3,7,43,95,3481,1,0,0,175,123,1473,873,1324,1797,379,143,1,0,0,0,0,0,0,0,0,0,0,0,0,0,0,0,0,3,0,0,0,0,0,0,2,0,0,0,0,0,3,1,0,0,0,0,0,0,0,0,0,0,1,0,0,0,0,0,0,1,0,0,0,1,0,0,0,0,0,0,0,0,0,0,0,0,1,37,0,0,0,0,0,0,0,0,0,0,9,0,1,5,8,16,0,0,1,0,0,0,1,40,0,0,0,0,0,0,8,5,0,0,3,1,19,5,0,0,0,0,7,0,0,0,0,0,6,1,8,56,40,59,0,3,13,17,0,9,5,22,0,11,0,8,2,0,4,2,0,5,40,54,23,9,44,0,3,10,7,0
0,8,248,92,8,0,0,0,0,2,0,0,4,0,0,0,0,0,0,0,0,0,0,21,44,0,0,0,0,0,0,4,3,14,2,0,1,0,0,0,0,0,38,0,0,0,0,0,0,0,0,0,0,0,0,0,0,9,0,0,0,0,0,0,0,76,0,38,0,0,19,109,0,0,0,0,0,0,0,0,38,12,357,0,4,0,0,0,35,0,0,0,0,0,0,0,0,0,2,0,0,0,0,0,0,0,0,0,0,0,0,0,0,0,0,0,0,0,0,0,0,0,0,0,0,0,0,0,0,0,0,0,0,0,0,0,0,0,0,0,0,0,0,0,0,0,0,0,0,0,0,0,0,0,0,0,0,0,12,0,0,0,0,0,0,0,0
0,0,0,0,0,1,5,0,0,0,0,0,0,0,0,0,0,0,0,0,0,0,0,0,0,0,0,0,0,3,0,0,0,0,0,2,1,51,16,136,11,0,0,0,0,0,0,0,0,0,0,0,0,0,0,0,0,0,0,0,58,0,89,0,0,0,3,0,17,216,0,0,0,0,0,842,184,92,94,148,0,0,0,9,2,0,0,0,0,0,15,19,0,0,0,0,0,0,0,0,0,0,0,0,0,0,0,0,0,0,0,0,0,0,0,0,0,0,0,0,0,0,0,0,0,0,0,0,0,0,0,0,0,0,0,0,0,0,0,0,0,0,0,0,0,0,0,0,0,0,0,0,0,0,0,0,0,0,0,0,0,0,0,0,0,0,0
0,60,29,9,6,3,0,0,0,7,0,0,0,0,0,0,0,0,0,0,0,0,0,0,0,0,135,0,0,0,0,0,0,0,24,0,0,0,0,0,0,0,0,0,0,3,1,1,3,0,0,0,0,0,0,0,0,0,0,3,0,0,0,131,300,0,1,0,0,0,0,0,0,0,4,0,0,0,0,0,0,0,0,0,22,55,0,16,0,1,0,0,0,0,0,0,0,0,0,0,3,0,0,0,0,0,0,0,0,0,0,0,0,0,0,0,0,0,0,0,0,0,0,0,0,0,0,0,0,0,0,0,0,0,0,0,0,1,3,0,0,0,0,0,0,0,0,0,0,0,0,0,0,0,0,0,0,0,10,0,0,1,0,0,0,0,0
0,0,0,8,0,0,0,0,0,0,0,0,0,0,0,0,0,0,0,0,0,0,0,0,0,0,0,0,0,0,11,0,0,0,0,7,1,0,0,0,0,0,0,1,444,1,8,2,0,0,0,0,0,0,1,0,2,0,0,269,0,0,0,111,0,0,4,568,0,0,0,0,1,3,35,0,0,1,0,0,0,0,0,0,0,362,37,3,0,0,2,17,1,0,0,0,0,0,0,0,0,0,0,0,0,0,0,0,0,0,0,0,0,0,0,0,0,0,0,0,0,0,0,0,0,0,0,0,0,0,0,0,0,0,0,0,0,0,0,0,0,0,0,0,0,0,0,0,0,0,0,0,0,0,0,0,0,0,0,0,0,0,0,0,0,0,0
0,0,22,7,1,0,0,0,0,0,0,0,3,0,0,0,0,0,0,21,0,0,0,0,46,0,0,0,0,0,0,0,1,0,8,0,0,0,0,0,0,0,5,0,0,0,0,0,0,0,0,0,0,0,0,0,0,1,0,0,0,0,0,0,0,1,0,3,0,0,2,37,2,0,0,0,0,0,0,0,5,1,20,0,1,0,0,0,11,0,0,0,0,0,0,0,0,1,2,0,0,0,0,0,0,0,0,0,1,0,0,0,0,0,0,0,0,0,0,0,0,0,0,0,0,0,0,0,0,0,0,0,0,0,0,0,0,0,0,0,0,0,0,0,0,0,0,0,0,0,0,0,0,0,0,0,0,0,3,0,0,0,0,0,0,0,0
0,17,990,113,43,1,0,0,14,6,0,0,110,0,0,0,0,3,0,44,0,0,0,46,0,458,104,2,0,0,1,1,10,27,773,0,0,0,0,0,0,0,9,0,0,0,0,0,0,2,8,0,0,0,0,0,0,11,7,0,0,0,0,0,7,30,0,185,0,0,107,88,80,0,0,0,0,0,0,0,16,30,63,0,841,0,0,0,329,5,0,0,0,0,0,0,0,1,59,3,0,0,0,0,0,0,0,0,0,0,0,0,0,0,0,0,0,0,0,0,0,0,0,0,1,0,0,0,0,0,0,0,0,0,0,0,0,0,0,0,0,0,0,0,0,2,5,0,0,0,0,0,0,0,0,1,0,0,138,0,0,0,1,0,0,0,0
0,37,172,68,21,1,0,0,0,3,0,0,38,0,0,0,0,0,0,0,0,0,0,0,458,0,1260,24,2,0,7,0,5,6,589,0,0,0,0,0,0,0,0,0,0,0,0,1,4,0,0,0,0,0,0,0,0,1,13,0,0,0,0,2,169,0,0,55,0,0,161,26,164,0,0,0,0,0,0,0,0,0,0,0,719,0,16,0,0,132,0,0,0,0,0,0,0,0,2,20,0,0,0,0,0,0,0,0,0,0,0,0,0,0,0,0,0,0,0,0,0,0,0,0,0,0,0,0,0,0,0,0,0,0,0,0,0,0,0,0,0,0,0,0,0,0,12,0,0,0,0,0,0,0,0,0,0,0,71,0,0,0,0,0,0,0,0
0,30,36,11,9,1,0,0,0,4,0,0,10,1,0,0,0,0,0,0,0,135,0,0,104,1260,0,55,0,0,0,0,0,0,273,0,0,0,0,0,0,0,0,0,0,2,0,4,18,0,0,0,0,0,0,0,0,0,0,9,0,0,0,67,860,0,5,0,0,0,0,1,34,0,2,0,0,0,0,0,0,0,0,7,1391,1,0,28,1,547,0,0,0,0,0,1,0,0,0,1,70,0,0,0,0,0,0,0,0,0,0,0,0,0,0,0,0,0,0,0,0,0,0,0,0,0,0,0,0,0,0,0,0,0,0,0,0,0,9,0,0,0,0,0,0,0,5,0,0,0,0,0,0,0,0,0,0,0,140,0,0,10,0,0,0,0,0
0,0,0,0,0,0,2,0,0,0,0,0,0,0,0,0,0,0,0,0,0,0,0,0,2,24,55,0,9,0,0,0,0,0,0,0,0,0,0,0,0,1,0,0,0,0,0,0,9,0,0,0,0,0,0,0,0,0,0,0,0,0,8,0,1,0,0,0,0,0,0,0,0,0,8,0,0,0,0,0,0,0,0,11,389,0,0,0,0,150,0,0,0,0,0,0,0,0,0,0,0,0,0,0,0,0,0,0,0,0,0,0,0,0,0,0,0,0,0,0,0,0,0,0,0,0,0,0,0,0,0,0,0,0,0,0,0,0,0,0,0,0,0,0,0,0,0,0,0,0,0,0,0,0,0,0,0,0,0,0,0,0,0,0,0,0,0
0,0,0,0,0,1,5,0,0,0,0,0,0,0,0,0,0,0,0,0,0,0,0,0,0,2,0,9,0,0,0,0,0,0,0,0,0,0,0,0,0,27,0,0,0,0,0,0,1,0,0,0,0,0,0,0,0,0,0,0,0,0,16,0,0,0,1,0,0,0,0,0,0,0,2,0,1,0,0,0,0,0,0,42,75,0,0,0,0,18,0,0,0,0,0,0,0,0,0,0,0,0,0,0,0,0,0,0,0,0,0,0,0,0,0,0,0,0,0,0,0,0,0,0,0,0,0,0,0,0,0,0,0,0,0,0,5,0,0,0,0,0,0,0,0,0,0,0,0,0,0,0,0,0,0,0,0,5,7,0,0,0,0,0,0,0,0
0,0,0,0,0,0,0,0,0,0,0,0,0,0,0,0,0,0,0,0,3,0,0,0,0,0,0,0,0,0,0,0,0,0,0,0,0,2,18,0,2,0,0,0,0,0,0,0,0,0,0,0,0,0,0,0,0,0,0,0,1,0,261,0,0,0,0,0,0,2,0,0,0,0,0,4,58,2,1,4,0,0,0,70,6,0,0,0,0,0,0,2,0,0,0,0,0,0,0,0,0,0,0,0,0,0,0,0,0,0,0,0,0,0,0,0,0,0,0,0,0,0,0,0,0,0,0,0,0,0,0,0,0,0,0,0,1,0,0,0,0,0,0,0,0,0,0,0,0,0,0,0,0,0,0,0,0,0,2,0,0,0,0,0,0,0,0
0,1,7,24,1,0,0,0,0,3,0,0,2,0,0,0,0,0,0,0,0,0,11,0,1,7,0,0,0,0,0,0,1,3,10,0,0,0,0,0,0,0,0,0,3,0,0,1,0,0,0,0,0,0,0,0,0,1,14,8,0,0,0,4,0,0,0,357,1,0,140,1,37,0,0,0,0,0,0,0,0,0,0,0,0,1,104,3,0,0,1,1,0,0,0,0,0,0,0,0,0,0,0,0,0,0,0,0,0,0,0,0,0,0,0,0,0,0,0,0,0,0,0,0,0,0,0,0,0,0,0,0,0,0,0,0,0,0,0,0,0,0,0,0,0,0,0,0,0,0,0,0,0,0,0,0,0,0,2,0,0,0,0,0,0,0,0
0,0,19,37,1,0,0,0,0,0,0,0,0,0,0,0,0,0,0,4,0,0,0,0,1,0,0,0,0,0,0,0,0,1,0,0,13,0,0,0,0,0,1,0,0,0,0,0,0,0,0,0,0,0,0,0,0,7,0,0,0,0,0,0,0,157,0,58,0,0,0,2,0,0,0,0,0,0,0,0,2,0,34,0,0,0,0,0,0,0,0,0,0,0,0,0,0,0,0,0,0,0,0,0,0,0,0,0,0,0,0,0,0,0,0,0,0,0,0,0,0,0,0,0,0,0,0,0,0,0,0,0,0,0,0,0,0,0,0,0,0,0,0,0,0,0,0,0,0,0,0,0,0,0,0,0,0,0,0,0,0,0,0,0,0,0,0
0,3,47,62,5,0,0,0,0,1,0,0,2,0,0,0,0,0,0,3,0,0,0,1,10,5,0,0,0,0,1,0,0,4,7,0,13,0,0,0,0,0,0,0,0,0,0,0,0,0,0,0,0,0,0,0,0,39,62,0,0,0,0,0,0,3,0,369,0,0,223,27,21,0,0,0,0,0,0,0,10,0,3,0,1,0,1,0,0,0,0,0,0,0,0,0,0,0,0,0,0,0,0,0,0,0,0,0,0,0,0,0,0,0,0,0,0,0,0,0,0,0,0,0,0,0,0,0,0,0,0,0,0,0,0,0,0,0,0,0,0,0,0,0,0,0,2,0,0,0,0,0,0,0,0,0,0,0,2,0,0,0,0,0,0,0,0
0,1,16,14,0,0,0,0,0,0,0,0,2,0,0,0,0,0,0,14,0,0,0,0,27,6,0,0,0,0,3,1,4,0,42,0,0,0,0,0,0,0,0,0,0,0,0,5,0,0,0,0,0,0,0,0,0,5,4,0,0,0,0,12,0,3,0,40,0,0,557,416,404,0,0,0,0,0,0,0,9,0,1,0,2,1,160,55,0,0,0,0,0,0,0,0,0,0,3,0,0,0,0,0,0,0,0,0,0,0,0,0,0,0,0,0,0,0,0,0,0,0,0,0,0,0,0,0,0,0,0,0,0,0,0,0,0,0,0,0,0,0,0,0,0,0,0,0,0,0,0,0,0,0,0,0,0,0,2,0,0,0,0,0,0,0,0
1,96,222,99,58,15,0,0,0,46,0,2,69,1,1,0,0,1,3,2,0,24,0,8,773,589,273,0,0,0,10,0,7,42,0,0,0,0,0,0,0,0,6,0,0,0,0,5,0,0,0,0,0,0,0,0,0,12,4,0,0,0,0,19,18,1,0,151,0,0,167,276,990,0,0,0,0,0,1,0,11,1,6,0,102,1,44,95,44,0,0,0,0,0,0,0,0,0,13,9,9,0,0,0,0,0,0,0,2,0,0,0,0,0,0,0,0,0,0,0,0,0,0,0,0,0,0,0,0,0,0,0,0,0,0,0,0,0,0,0,0,1,0,0,1,1,12,0,0,0,0,0,0,0,0,0,0,0,64,0,1,1,0,0,0,0,0
0,0,23,93,0,0,57,0,1,6,0,0,0,0,0,0,0,0,0,0,2,0,7,0,0,0,0,0,0,0,0,0,0,0,0,0,113,0,1,0,2,16,5,0,6,0,2,0,0,0,11,0,46,19,0,0,3,1,0,26,1,6,32,2,0,136,136,38,30,0,0,0,0,0,4,0,0,4,25,87,0,50,112,0,0,12,0,0,1,0,36,47,0,0,0,0,0,0,0,0,0,0,0,0,0,0,0,0,0,0,0,0,0,0,0,0,0,0,0,0,0,0,0,0,0,0,0,0,0,0,0,0,0,0,0,0,0,0,0,0,0,0,0,0,0,0,0,0,0,0,0,0,0,0,0,0,0,0,0,0,0,0,0,0,0,0,0
0,0,11,23,0,0,19,0,0,0,0,0,0,0,0,0,0,0,0,1,1,0,1,0,0,0,0,0,0,0,0,13,13,0,0,113,0,1,0,0,0,6,9,0,0,0,0,1,0,0,1,0,15,5,0,0,0,17,2,0,1,0,7,0,0,159,200,59,10,1,6,1,0,0,1,1,0,1,11,20,4,55,135,0,1,0,0,0,1,0,7,36,0,0,0,0,0,0,0,0,0,0,0,0,0,0,0,0,0,0,0,0,0,0,0,0,0,0,0,0,0,0,0,0,0,0,0,0,0,0,0,0,0,0,0,0,0,0,0,0,0,0,0,0,0,0,0,0,0,0,0,0,0,0,0,0,0,0,0,0,0,0,0,0,0,0,0
0,2,0,0,1,1,1,0,0,0,0,0,0,0,0,0,0,0,0,0,51,0,0,0,0,0,0,0,0,2,0,0,0,0,0,0,1,0,6,6,0,0,0,3,0,2,0,0,0,0,0,0,0,0,0,2,1,0,0,6,5,0,19,0,0,0,1,0,12,21,0,0,0,1,26,240,115,126,47,14,0,0,0,21,1,0,1,0,0,0,42,70,7,0,0,0,0,0,0,0,0,0,0,0,0,0,0,0,0,0,0,0,0,0,0,0,0,0,0,0,0,0,0,0,0,0,0,0,0,0,0,0,0,0,0,0,1,0,0,0,0,0,0,0,0,0,0,0,0,0,0,0,0,0,0,0,0,0,0,0,0,0,0,0,0,0,0
0,1,0,1,0,1,4,0,0,2,0,0,0,0,0,0,0,0,0,0,16,0,0,0,0,0,0,0,0,18,0,0,0,0,0,1,0,6,0,2,1,0,0,0,0,0,0,0,0,0,0,0,0,0,0,0,0,0,0,2,12,0,234,0,0,0,1,0,4,28,0,0,0,0,8,136,277,5,2,9,0,0,0,84,3,0,0,0,0,0,3,8,0,0,0,0,0,0,0,0,0,0,0,0,0,0,0,0,0,0,0,0,0,0,0,0,0,0,0,0,0,0,0,0,0,0,0,0,0,0,0,0,0,0,0,0,3,0,0,0,0,0,0,0,0,0,0,0,0,0,0,0,0,0,0,0,0,2,4,0,0,0,0,0,0,0,0
4,0,0,0,0,1,15,0,0,0,0,0,0,0,0,0,0,0,0,0,136,0,0,0,0,0,0,0,0,0,0,0,0,0,0,0,0,6,2,0,2,0,0,0,0,0,0,0,0,0,0,0,0,0,0,1,0,0,0,0,2,0,15,0,0,0,0,0,89,127,0,0,0,0,1,85,32,73,467,577,0,0,0,2,0,0,0,0,0,0,48,4,1,0,0,0,0,0,0,0,0,0,0,0,0,0,0,0,0,0,0,0,0,0,0,0,0,0,0,0,0,0,0,0,0,0,0,0,0,0,0,0,0,0,0,0,0,0,0,0,0,0,0,0,0,0,0,0,0,0,0,0,0,0,0,0,0,0,0,0,0,0,0,0,0,0,0
0,0,0,4,0,0,4,0,0,1,0,0,0,0,0,0,0,0,0,0,11,0,0,0,0,0,0,0,0,2,0,0,0,0,0,2,0,0,1,2,0,1,0,0,0,0,0,0,0,0,0,0,0,0,0,0,0,0,0,0,3,0,136,0,0,0,2,0,22,72,0,0,0,0,0,10,5,0,4,366,0,0,0,1,0,0,0,0,0,0,0,4,0,0,0,0,0,0,0,0,0,0,0,0,0,0,0,0,0,0,0,0,0,0,0,0,0,0,0,0,0,0,0,0,0,0,0,0,0,0,0,0,0,0,0,0,0,0,0,0,0,0,0,0,0,0,0,0,0,0,0,0,0,0,0,0,0,0,0,0,0,0,0,0,0,0,0
1,2,3,17,2,1,431,17,0,2,0,0,0,0,0,0,0,0,2,0,0,0,0,0,0,0,0,1,27,0,0,0,0,0,0,16,6,0,0,0,1,0,2,0,0,1,0,0,2,0,1,0,13,17,0,1,0,0,0,0,0,41,294,0,0,9,9,0,22,0,0,0,0,0,3,0,0,0,1,158,0,4,14,69,8,0,0,0,0,4,4,0,0,0,0,0,0,0,0,0,0,0,0,0,0,0,0,0,0,0,0,0,0,0,0,0,0,0,0,0,0,0,0,0,0,0,0,0,0,0,0,0,0,0,0,0,0,0,0,0,0,0,0,0,0,0,0,0,0,0,0,0,0,0,0,0,0,0,1,0,0,0,0,0,0,0,0
0,2,26,53,0,0,0,0,1,0,0,0,1,0,0,0,0,0,0,38,0,0,0,5,9,0,0,0,0,0,0,1,0,0,6,5,9,0,0,0,0,2,0,0,0,0,0,0,0,1,0,0,0,2,0,0,0,14,0,0,0,0,0,0,0,114,3,27,0,0,7,15,0,0,0,0,0,0,0,0,9,76,644,0,1,0,0,0,8,0,1,0,0,0,0,0,0,0,0,0,0,0,0,0,0,0,0,0,0,0,0,0,0,0,0,0,0,0,0,0,0,0,0,0,0,0,0,0,0,0,0,0,0,0,0,0,0,0,0,0,0,0,0,0,0,0,0,0,0,0,0,0,0,0,0,0,0,0,1,0,0,0,0,0,0,0,0
0,1,1,3,1,0,0,0,0,2,0,0,0,0,0,0,0,0,0,0,0,0,1,0,0,0,0,0,0,0,0,0,0,0,0,0,0,3,0,0,0,0,0,0,6,7,0,0,5,0,0,0,0,0,0,1,0,0,0,18,0,0,0,11,0,0,4,2,4,0,0,0,0,27,534,0,36,40,15,0,0,0,0,16,0,30,1,0,0,4,25,344,2,0,0,0,0,0,0,0,0,0,0,0,0,0,0,0,0,0,0,0,0,0,0,0,0,0,0,0,0,0,0,0,0,0,0,0,0,0,0,0,0,0,0,0,0,0,0,0,0,0,0,0,0,0,0,0,0,0,0,0,0,0,0,0,0,0,0,0,0,0,0,0,0,0,0
0,1,0,4,0,0,0,0,0,0,0,0,0,0,0,0,0,0,0,0,0,0,444,0,0,0,0,0,0,0,3,0,0,0,0,6,0,0,0,0,0,0,0,6,0,1,0,0,0,0,0,0,0,0,17,1,1,0,0,591,0,0,0,90,0,0,8,285,1,0,1,0,0,43,162,0,0,4,6,0,0,0,0,0,0,222,24,0,0,0,18,189,1,0,0,0,0,0,0,0,0,0,0,0,0,0,0,0,0,0,0,0,0,0,0,0,0,0,0,0,0,0,0,0,0,0,0,0,0,0,0,0,0,0,0,0,0,0,0,0,0,0,0,0,0,0,0,0,0,0,0,0,0,0,0,0,0,0,0,0,0,0,0,0,0,0,0
1,79,4,13,10,12,1,0,0,20,0,0,0,0,0,1,0,0,0,0,0,3,1,0,0,0,2,0,0,0,0,0,0,0,0,0,0,2,0,0,0,1,0,7,1,0,4,0,6,0,0,0,0,0,0,0,0,0,0,42,0,0,1,48,100,0,14,12,0,0,0,0,0,0,958,0,16,3,3,0,0,0,0,93,9,201,0,1,0,14,3,68,7,0,0,0,0,0,0,0,0,0,0,0,0,0,0,0,0,0,0,0,0,0,0,0,0,0,0,0,0,0,0,0,0,0,0,0,0,0,0,0,0,0,0,0,0,0,1,0,0,0,0,0,0,0,0,0,0,0,0,0,0,0,0,0,0,2,26,0,0,0,0,2,0,0,0
1,16,2,9,5,1,0,0,0,6,0,0,0,0,0,0,0,0,0,0,0,1,8,0,0,0,0,0,0,0,0,0,0,0,0,2,0,0,0,0,0,0,0,0,0,4,0,29,0,0,0,0,0,0,0,0,0,0,0,7,0,0,0,366,3,0,0,23,0,0,1,0,1,0,22,0,0,0,0,0,0,0,0,0,0,450,17,35,0,0,0,5,0,0,0,0,0,0,0,0,0,0,0,0,0,0,0,0,0,0,0,0,0,0,0,0,0,0,0,0,0,0,0,0,0,0,0,0,0,0,0,0,0,0,0,0,0,0,1,0,0,0,0,0,0,0,0,0,0,0,0,0,0,0,0,0,0,0,1,0,0,0,0,0,0,0,0
1,39,15,23,47,7,0,0,0,21,0,0,1,0,1,0,0,0,3,0,0,1,2,0,0,1,4,0,0,0,1,0,0,5,5,0,1,0,0,0,0,0,0,0,0,0,29,0,0,0,0,0,0,0,0,0,0,0,0,5,0,0,0,663,3,0,0,15,0,0,34,0,15,0,7,0,0,0,1,0,0,0,0,0,6,223,183,227,0,0,1,8,0,0,0,0,0,0,0,0,1,0,0,0,0,0,0,0,0,0,0,0,0,0,0,0,0,0,0,0,0,0,0,0,0,0,0,0,0,0,0,0,0,0,0,0,0,0,1,0,0,0,0,0,0,0,1,0,0,0,0,0,0,0,0,0,0,0,6,0,0,0,0,0,0,0,0
0,27,0,4,1,2,2,0,0,4,0,1,0,0,0,0,0,0,1,0,0,3,0,0,0,4,18,9,1,0,0,0,0,0,0,0,0,0,0,0,0,2,0,5,0,6,0,0,0,0,0,0,0,0,0,0,0,0,0,5,0,0,10,9,111,0,7,0,0,0,0,0,0,0,101,0,1,0,2,0,0,0,0,155,65,12,0,1,0,218,4,10,1,0,0,0,0,0,0,0,0,0,0,0,0,0,0,0,0,0,0,0,0,0,0,0,0,0,0,0,0,0,0,0,0,0,0,0,0,0,0,0,0,0,0,0,0,0,1,0,0,0,0,0,0,0,0,0,1,0,0,0,0,0,0,0,0,1,12,0,0,0,0,1,0,0,0
0,0,10,5,0,0,0,0,3,0,0,0,0,0,0,0,0,0,0,0,0,0,0,0,2,0,0,0,0,0,0,0,0,0,0,0,0,0,0,0,0,0,1,0,0,0,0,0,0,0,1,0,0,0,0,0,0,0,0,0,0,0,0,0,0,1,0,0,0,0,0,0,0,0,0,0,0,0,0,0,0,39,26,0,1,0,0,0,12,0,0,0,0,0,0,0,0,0,1,0,0,0,0,0,0,0,0,0,0,0,0,0,0,0,0,0,0,0,0,0,0,0,0,0,0,0,0,0,0,0,0,0,0,0,0,0,0,0,0,0,0,0,0,0,0,0,0,0,0,0,0,0,0,0,0,0,0,0,0,0,0,0,0,0,0,0,0
0,1,5,14,2,0,18,1,2,3,0,0,0,1,0,0,0,0,0,0,0,0,0,0,8,0,0,0,0,0,0,0,0,0,0,11,1,0,0,0,0,1,0,0,0,0,0,0,0,1,0,0,2,2,0,0,0,0,0,0,1,2,5,0,0,2,13,0,6,1,0,0,0,0,0,0,0,2,2,10,0,49,34,0,9,0,0,0,4,0,2,2,0,0,0,0,0,0,0,0,0,0,0,0,0,0,0,0,0,0,0,0,0,0,0,0,0,0,0,0,0,0,0,0,0,0,0,0,0,0,0,0,0,0,0,0,0,0,0,0,0,0,0,0,0,0,0,0,0,0,0,0,0,0,0,0,0,0,0,0,0,0,0,0,0,0,0
0,0,0,0,0,0,0,0,0,0,0,0,0,0,0,0,0,0,0,0,0,0,0,0,0,0,0,0,0,0,0,0,0,0,0,0,0,0,0,0,0,0,0,0,0,0,0,0,0,0,0,0,3,0,0,0,0,0,0,44,0,0,0,0,0,0,32,4,0,0,0,0,0,0,2,0,0,1,2,0,0,0,0,0,0,0,0,0,0,0,0,7,24,0,0,0,0,0,0,0,0,0,0,0,0,0,0,0,0,0,0,0,0,0,0,0,0,0,0,0,0,0,0,0,0,0,0,0,0,0,0,0,0,0,0,0,0,0,0,0,0,0,0,0,0,0,0,0,0,0,0,0,0,0,0,0,0,0,0,0,0,0,0,0,0,0,0
0,0,0,20,1,0,40,15,0,2,0,0,0,0,0,0,0,0,0,0,0,0,0,0,0,0,0,0,0,0,0,0,0,0,0,46,15,0,0,0,0,13,0,0,0,0,0,0,0,0,2,3,0,7,51,1,6,0,0,55,0,0,1,1,0,1,139,3,26,0,0,0,0,1,3,0,1,0,2,0,0,1,0,0,0,0,0,0,0,0,28,335,59,0,0,0,0,0,0,0,0,0,0,0,0,0,0,0,0,0,0,0,0,0,0,0,0,0,0,0,0,0,0,0,0,0,0,0,0,0,0,0,0,0,0,0,0,0,0,0,0,0,0,0,0,0,0,0,0,0,0,0,0,0,0,0,0,0,2,0,0,0,0,0,0,0,0
0,0,0,6,0,0,14,17,0,0,0,0,0,0,0,0,0,0,0,0,0,0,0,0,0,0,0,0,0,0,0,0,0,0,0,19,5,0,0,0,0,17,2,0,0,0,0,0,0,0,2,0,7,0,1,1,0,0,0,0,0,3,0,0,0,2,39,0,10,0,0,0,0,0,0,0,0,0,1,5,0,0,0,0,0,0,0,0,0,0,2,29,3,0,0,0,0,0,0,0,0,0,0,0,0,0,0,0,0,0,0,0,0,0,0,0,0,0,0,0,0,0,0,0,0,0,0,0,0,0,0,0,0,0,0,0,0,0,0,0,0,0,0,0,0,0,0,0,0,0,0,0,0,0,0,0,0,0,0,0,0,0,0,0,0,0,0
0,1,0,0,0,0,0,0,0,0,0,0,0,0,0,0,0,0,0,0,0,0,1,0,0,0,0,0,0,0,0,0,0,0,0,0,0,0,0,0,0,0,0,0,17,0,0,0,0,0,0,0,51,1,0,0,2,0,0,202,0,0,0,3,0,0,4,7,1,0,0,0,0,7,10,0,0,0,2,0,0,0,0,0,0,0,0,0,0,1,3,214,32,0,0,0,0,0,0,0,0,0,0,0,0,0,0,0,0,0,0,0,0,0,0,0,0,0,0,0,0,0,0,0,0,0,0,0,0,0,0,0,0,0,0,0,0,0,0,0,0,0,0,0,0,0,0,0,0,0,0,0,0,0,0,0,0,0,0,0,0,0,0,0,0,0,0
0,0,0,0,0,0,10,0,0,0,0,0,0,0,0,0,0,0,0,0,0,0,0,0,0,0,0,0,0,0,0,0,0,0,0,0,0,2,0,1,0,1,0,1,1,0,0,0,0,0,0,0,1,1,0,0,4,0,0,3,0,4,8,4,0,0,0,4,215,0,0,0,0,0,0,1,3,36,393,14,0,0,0,1,0,3,0,0,0,0,203,56,0,0,0,0,0,0,0,0,0,0,0,0,0,0,0,0,0,0,0,0,0,0,0,0,0,0,0,0,0,0,0,0,0,0,0,0,0,0,0,0,0,0,0,0,0,0,0,0,0,0,0,0,0,0,0,0,0,0,0,0,0,0,0,0,0,0,0,0,0,0,0,0,0,0,0
0,0,0,1,0,0,2,0,0,0,0,0,0,0,0,0,0,0,0,0,0,0,2,0,0,0,0,0,0,0,0,0,0,0,0,3,0,1,0,0,0,0,0,0,1,0,0,0,0,0,0,0,6,0,2,4,0,0,0,13,0,2,1,2,0,1,7,9,19,0,0,0,0,4,2,3,0,10,13,0,0,0,0,0,0,0,0,0,0,2,259,417,0,0,0,0,0,0,0,0,0,0,0,0,0,0,0,0,0,0,0,0,0,0,0,0,0,0,0,0,0,0,0,0,0,0,0,0,0,0,0,0,0,0,0,0,0,0,0,0,0,0,0,0,0,0,0,0,0,0,0,0,0,0,0,0,0,0,0,0,0,0,0,0,0,0,0
0,5,208,212,25,0,0,0,0,0,0,0,2,0,0,0,0,0,0,9,0,0,0,1,11,1,0,0,0,0,1,7,39,5,12,1,17,0,0,0,0,0,14,0,0,0,0,0,0,0,0,0,0,0,0,0,0,0,16,0,0,0,0,0,0,310,0,695,0,0,60,65,0,0,0,0,0,0,0,0,19,0,27,0,0,0,0,0,0,0,0,0,0,0,0,0,0,0,0,0,0,0,0,0,0,0,0,0,0,0,0,0,0,0,0,0,0,0,0,0,0,0,0,0,0,0,0,0,0,0,0,0,0,0,0,0,0,0,0,0,0,0,0,0,0,0,0,0,0,0,0,0,0,0,0,0,0,0,0,0,0,0,0,0,0,0,0
0,3,21,76,4,1,0,0,0,1,0,0,1,0,0,0,0,0,0,0,0,0,0,0,7,13,0,0,0,0,14,0,62,4,4,0,2,0,0,0,0,0,0,0,0,0,0,0,0,0,0,0,0,0,0,0,0,16,0,0,0,0,0,0,0,0,0,456,0,0,197,30,59,0,0,0,0,0,0,0,2,0,0,0,0,0,34,0,0,0,0,0,0,0,0,0,0,0,0,0,0,0,0,0,0,0,0,0,0,0,0,0,0,0,0,0,0,0,0,0,0,0,0,0,0,0,0,0,0,0,0,0,0,0,0,0,0,0,0,0,0,0,0,0,0,0,0,0,0,0,0,0,0,0,0,0,0,0,3,0,0,0,0,0,0,0,0
10,81,0,164,101,86,0,2,0,71,0,2,0,0,1,0,0,0,1,0,0,3,269,0,0,0,9,0,0,0,8,0,0,0,0,26,0,6,2,0,0,0,0,18,591,42,7,5,5,0,0,44,55,0,202,3,13,0,0,0,0,0,0,164,31,0,439,1319,16,0,4,0,0,51,744,0,25,38,41,0,0,0,0,29,24,302,112,0,0,59,180,1872,314,0,0,0,0,0,0,0,0,0,0,0,0,0,0,0,0,0,0,0,0,0,0,0,0,0,0,0,0,0,1,0,0,0,0,0,0,0,0,0,0,0,0,0,0,0,0,0,0,0,0,0,0,0,0,0,0,0,0,0,0,0,0,0,0,0,37,0,0,0,0,0,0,0,0
0,0,0,5,0,1,8,0,0,0,0,0,0,0,0,0,0,0,0,0,58,0,0,0,0,0,0,0,0,1,0,0,0,0,0,1,1,5,12,2,3,0,0,0,0,0,0,0,0,0,1,0,0,0,0,0,0,0,0,0,0,0,113,0,0,2,3,0,10,109,0,0,0,0,0,150,8,0,7,7,0,0,0,0,2,0,0,0,0,0,1,9,0,0,0,0,0,0,0,0,0,0,0,0,0,0,0,0,0,0,0,0,0,0,0,0,0,0,0,0,0,0,0,0,0,0,0,0,0,0,0,0,0,0,0,0,1,0,0,0,0,0,0,0,0,0,0,0,0,0,0,0,0,0,0,0,0,1,3,0,0,0,0,0,0,0,0
0,4,0,27,5,1,152,79,0,13,0,0,0,0,0,0,0,0,0,0,0,0,0,0,0,0,0,0,0,0,0,0,0,0,0,6,0,0,0,0,0,41,0,0,0,0,0,0,0,0,2,0,0,3,0,4,2,0,0,0,0,0,2,0,0,0,7,0,170,0,0,0,0,0,0,0,0,0,8,46,0,0,0,0,0,0,0,0,0,0,56,8,0,0,0,0,0,0,0,0,0,0,0,0,0,0,0,0,0,0,0,0,0,0,0,0,0,0,0,0,0,0,0,0,0,0,0,0,0,0,0,0,0,0,0,0,0,0,0,0,0,0,0,0,0,0,0,0,0,0,0,0,0,0,0,0,0,0,0,0,0,0,0,0,0,0,0
0,56,0,111,9,12,774,1,0,66,0,2,0,0,0,18,0,0,0,0,89,0,0,0,0,0,0,8,16,261,0,0,0,0,0,32,7,19,234,15,136,294,0,0,0,1,0,0,10,0,5,0,1,0,0,8,1,0,0,0,113,2,0,0,0,5,412,0,481,221,0,0,0,0,19,403,396,20,285,654,0,0,0,731,670,1,0,0,0,15,79,619,0,0,0,0,0,0,0,0,0,0,0,1,0,0,0,0,0,0,0,0,0,0,0,0,0,0,0,0,0,0,0,0,0,0,0,0,0,0,0,0,0,0,1,0,237,0,0,0,0,0,1,0,0,0,0,0,0,0,0,0,0,2,0,0,0,124,284,0,0,0,0,0,0,0,0
0,650,327,311,242,10,0,0,0,73,0,0,0,0,0,0,0,0,0,0,0,131,111,0,0,2,67,0,0,0,4,0,0,12,19,2,0,0,0,0,0,0,0,11,90,48,366,663,9,0,0,0,1,0,3,4,2,0,0,164,0,0,0,0,152,0,0,257,1,0,115,0,147,16,1340,0,0,13,4,0,0,0,0,0,59,4279,796,958,0,0,9,660,0,0,0,0,0,0,0,0,5,0,0,0,0,0,0,0,0,0,0,0,0,0,0,0,0,0,0,0,0,0,0,0,0,0,0,0,0,0,0,0,0,0,0,0,0,0,1,0,0,0,0,0,0,0,0,0,0,0,0,0,0,0,0,0,0,0,28,0,0,0,0,0,0,0,0
0,470,206,9,5,2,0,0,0,29,0,0,0,0,0,0,0,0,0,0,0,300,0,0,7,169,860,1,0,0,0,0,0,0,18,0,0,0,0,0,0,0,0,0,0,100,3,3,111,0,0,0,0,0,0,0,0,0,0,31,0,0,0,152,0,0,3,0,0,0,0,0,1,0,116,0,0,0,0,0,0,0,0,1,585,103,0,12,0,248,0,1,0,0,0,2,0,0,0,0,14,0,0,0,0,0,0,0,0,0,0,0,0,0,0,0,0,0,0,0,0,0,0,0,0,0,0,0,0,0,0,0,0,0,0,0,0,0,57,0,0,0,0,0,0,0,0,0,0,0,0,0,0,0,0,0,0,0,218,1,0,0,0,2,0,0,0
0,2,23,313,9,1,35,2,0,0,0,0,0,0,0,0,0,0,0,76,0,0,0,1,30,0,0,0,0,0,0,157,3,3,1,136,159,0,0,0,0,9,114,0,0,0,0,0,0,1,2,0,1,2,0,0,1,310,0,0,2,0,5,0,0,0,131,173,7,1,7,40,0,0,0,0,0,0,6,5,124,37,1180,0,0,0,0,0,9,0,1,15,0,0,0,0,0,0,0,0,0,0,0,0,0,0,0,0,0,0,0,0,0,0,0,0,0,0,0,0,0,0,0,0,0,0,0,0,0,0,0,0,0,0,0,0,0,0,0,0,0,0,0,0,0,0,0,0,0,0,0,0,0,0,0,0,0,0,0,0,0,0,0,0,0,0,0
5,16,15,210,42,21,137,3,0,31,0,0,0,0,0,0,0,0,1,0,3,1,4,0,0,0,5,0,1,0,0,0,0,0,0,136,200,1,1,0,2,9,3,4,8,14,0,0,7,0,13,32,139,39,4,0,7,0,0,439,3,7,412,0,3,131,0,21,76,7,0,0,0,0,161,11,49,21,43,184,0,34,57,36,13,22,1,0,1,16,91,529,104,0,0,0,0,0,0,0,0,0,0,0,0,0,0,0,0,0,0,0,0,0,0,0,0,0,0,0,0,0,0,0,0,0,0,0,0,0,0,0,0,0,0,0,0,0,0,0,0,0,0,0,0,0,0,0,0,0,0,0,0,0,0,0,0,0,5,0,0,0,0,0,1,0,0
0,69,507,1253,264,10,0,0,0,32,0,0,13,0,0,0,0,0,0,38,0,0,568,3,185,55,0,0,0,0,357,58,369,40,151,38,59,0,0,0,0,0,27,2,285,12,23,15,0,0,0,4,3,0,7,4,9,695,456,1319,0,0,0,257,0,173,21,0,2,0,684,536,650,2,197,0,0,5,20,0,215,0,48,1,2,498,350,65,0,0,22,469,22,0,0,0,0,0,3,1,0,0,0,0,0,0,0,0,0,0,0,0,0,0,0,0,0,0,0,0,0,0,0,0,0,0,0,0,0,0,0,0,0,0,0,0,0,0,0,0,0,1,0,0,0,0,0,0,0,0,0,0,0,0,0,0,0,0,9,0,0,0,0,0,0,0,0
0,3,1,38,1,0,324,20,0,8,0,0,0,0,0,1,0,0,0,0,17,0,0,0,0,0,0,0,0,0,1,0,0,0,0,30,10,12,4,89,22,22,0,4,1,0,0,0,0,0,6,0,26,10,1,215,19,0,0,16,10,170,481,1,0,7,76,2,0,56,0,0,0,0,6,15,9,248,2596,3281,0,3,3,4,3,3,0,0,0,0,1134,202,0,0,0,0,0,0,0,0,0,0,0,0,0,0,0,0,0,0,0,0,0,0,0,0,0,0,0,0,0,0,0,0,0,0,0,0,0,0,0,0,0,0,0,0,0,0,0,0,0,0,0,0,0,0,0,0,0,0,0,0,0,1,0,0,0,0,0,0,0,0,0,0,0,0,0
7,1,0,0,0,0,13,0,0,0,0,0,0,0,0,0,0,0,0,0,216,0,0,0,0,0,0,0,0,2,0,0,0,0,0,0,1,21,28,127,72,0,0,0,0,0,0,0,0,0,1,0,0,0,0,0,0,0,0,0,109,0,221,0,0,1,7,0,56,0,0,0,0,0,1,301,69,18,140,406,0,0,0,3,0,0,0,0,0,0,38,18,0,0,0,0,0,0,0,0,0,0,0,0,0,0,0,0,0,0,0,0,0,0,0,0,0,0,0,0,0,0,0,0,0,0,0,0,0,0,0,0,0,0,0,0,0,0,0,0,0,0,0,0,0,0,0,0,0,0,0,0,0,0,0,0,0,0,0,0,0,0,0,0,0,0,0
0,31,543,329,75,3,0,0,0,17,0,0,33,0,0,0,0,0,1,19,0,0,0,2,107,161,0,0,0,0,140,0,223,557,167,0,6,0,0,0,0,0,7,0,1,0,1,34,0,0,0,0,0,0,0,0,0,60,197,4,0,0,0,115,0,7,0,684,0,0,0,1019,1430,0,5,0,0,0,0,0,138,0,7,0,2,18,971,90,0,0,0,1,0,0,0,0,0,0,3,3,0,0,0,0,0,0,0,0,0,0,0,0,0,0,0,0,0,0,0,0,0,0,0,0,0,0,0,0,0,0,0,0,0,0,0,0,0,0,0,0,0,1,0,0,0,1,0,0,0,0,0,0,0,0,0,0,0,0,25,0,0,0,0,0,0,0,0
0,23,756,207,61,0,0,0,0,2,0,0,33,0,0,0,0,0,0,109,0,0,0,37,88,26,1,0,0,0,1,2,27,416,276,0,1,0,0,0,0,0,15,0,0,0,0,0,0,0,0,0,0,0,0,0,0,65,30,0,0,0,0,0,0,40,0,536,0,0,1019,0,751,0,0,0,0,0,0,0,109,0,29,0,17,0,22,0,0,0,0,0,0,0,0,0,0,0,20,1,0,0,0,0,0,0,0,0,0,0,0,0,0,0,0,0,0,0,0,0,0,0,0,0,0,0,0,0,0,0,0,0,0,0,0,0,0,0,0,0,0,0,0,0,0,0,2,0,0,0,0,0,0,0,0,0,0,0,49,0,0,0,0,0,0,0,0
0,379,684,587,270,1,0,0,0,25,0,0,41,0,0,0,0,0,0,0,0,0,1,2,80,164,34,0,0,0,37,0,21,404,990,0,0,0,0,0,0,0,0,0,0,0,1,15,0,0,0,0,0,0,0,0,0,0,59,0,0,0,0,147,1,0,0,650,0,0,1430,751,0,0,4,0,0,0,0,0,1,0,0,0,63,20,692,672,0,0,0,0,0,0,0,0,0,0,5,12,7,0,0,0,0,0,0,0,0,0,0,0,0,0,0,0,0,0,0,0,0,0,0,0,0,0,0,0,0,0,0,0,0,0,0,0,0,0,0,0,0,0,0,0,0,0,8,0,0,0,0,0,0,0,0,0,0,0,111,0,0,0,0,0,0,0,0
0,0,0,0,0,0,0,0,0,0,0,0,0,0,0,0,0,0,0,0,0,0,3,0,0,0,0,0,0,0,0,0,0,0,0,0,0,1,0,0,0,0,0,27,43,0,0,0,0,0,0,0,1,0,7,0,4,0,0,51,0,0,0,16,0,0,0,2,0,0,0,0,0,0,175,0,0,7,5,0,0,0,0,0,0,73,3,0,0,0,10,305,0,0,0,0,0,0,0,0,0,0,0,0,0,0,0,0,0,0,0,0,0,0,0,0,0,0,0,0,0,0,0,0,0,0,0,0,0,0,0,0,0,0,0,0,0,0,0,0,0,0,0,0,0,0,0,0,0,0,0,0,0,0,0,0,0,0,0,0,0,0,0,0,0,0,0
0,498,3,95,32,7,6,0,0,40,0,2,0,0,0,0,0,0,0,0,0,4,35,0,0,0,2,8,2,0,0,0,0,0,0,4,1,26,8,1,0,3,0,534,162,958,22,7,101,0,0,2,3,0,10,0,2,0,0,744,0,0,19,1340,116,0,161,197,6,1,5,0,4,175,0,44,464,109,34,1,0,0,0,364,62,1687,67,35,0,162,68,1963,94,0,0,0,0,0,0,0,0,0,0,0,0,0,0,0,0,0,0,0,0,0,0,0,0,0,0,0,0,0,0,0,0,0,0,0,0,0,0,0,0,0,0,0,0,0,0,0,0,0,0,0,0,0,0,0,0,0,0,0,0,0,0,0,0,1,54,0,0,0,0,6,0,0,0
0,3,0,7,0,0,18,0,0,2,0,0,0,0,0,0,0,0,0,0,842,0,0,0,0,0,0,0,0,4,0,0,0,0,0,0,1,240,136,85,10,0,0,0,0,0,0,0,0,0,0,0,0,0,0,1,3,0,0,0,150,0,403,0,0,0,11,0,15,301,0,0,0,0,44,0,548,185,122,165,0,0,0,71,3,1,0,0,0,0,45,79,5,0,0,0,0,0,0,0,0,0,0,0,0,0,0,0,0,0,0,0,0,0,0,0,0,0,0,0,0,0,0,0,0,0,0,0,0,0,0,0,0,0,0,0,1,0,0,0,0,0,0,0,0,0,0,0,0,0,0,0,0,0,0,0,0,1,0,0,0,0,0,0,0,0,0
1,50,0,13,5,3,16,0,0,6,0,0,0,0,0,0,0,0,0,0,184,0,0,0,0,0,0,0,1,58,0,0,0,0,0,0,0,115,277,32,5,0,0,36,0,16,0,0,1,0,0,0,1,0,0,3,0,0,0,25,8,0,396,0,0,0,49,0,9,69,0,0,0,0,464,548,0,187,88,88,0,0,0,556,52,3,0,0,0,1,39,200,23,0,0,0,0,0,0,0,0,0,0,0,0,0,0,0,0,0,0,0,0,0,0,0,0,0,0,0,0,0,0,0,0,0,0,0,0,0,0,0,0,0,0,0,0,0,0,0,0,0,0,0,0,0,0,0,0,0,0,0,0,0,0,0,0,8,13,0,0,0,0,0,0,0,0
0,10,0,0,2,0,39,0,0,5,0,0,0,0,0,0,0,0,0,0,92,0,1,0,0,0,0,0,0,2,0,0,0,0,0,4,1,126,5,73,0,0,0,40,4,3,0,0,0,0,2,1,0,0,0,36,10,0,0,38,0,0,20,13,0,0,21,5,248,18,0,0,0,7,109,185,187,0,621,194,0,0,0,18,4,31,0,1,0,2,478,815,4,0,0,0,0,0,0,0,0,0,0,0,0,0,0,0,0,0,0,0,0,0,0,0,0,0,0,0,0,0,0,0,0,0,0,0,0,0,0,0,0,0,0,0,0,0,0,0,0,0,0,0,0,0,0,0,0,0,0,0,0,0,0,0,0,0,2,0,0,0,0,0,0,0,0
0,6,0,41,2,0,153,5,0,3,0,0,0,0,0,1,0,0,0,0,94,0,0,0,0,0,0,0,0,1,0,0,0,0,1,25,11,47,2,467,4,1,0,15,6,3,0,1,2,0,2,2,2,1,2,393,13,0,0,41,7,8,285,4,0,6,43,20,2596,140,0,0,0,5,34,122,88,621,0,866,0,0,0,11,4,20,2,0,0,0,615,525,0,0,0,0,0,0,0,0,0,0,0,0,0,0,0,0,0,0,0,0,0,0,0,0,0,0,0,0,0,0,0,0,0,0,0,0,0,0,0,0,0,0,0,0,2,0,0,0,0,0,0,0,0,0,0,0,0,0,0,0,0,3,0,0,0,0,1,0,0,0,0,0,0,0,0
4,7,1,81,2,1,1555,37,0,33,0,0,0,0,0,7,0,0,0,0,148,0,0,0,0,0,0,0,0,4,0,0,0,0,0,87,20,14,9,577,366,158,0,0,0,0,0,0,0,0,10,0,0,5,0,14,0,0,0,0,7,46,654,0,0,5,184,0,3281,406,0,0,0,0,1,165,88,194,866,0,0,0,0,19,13,0,0,0,0,0,154,159,1,0,0,0,0,0,0,0,0,0,0,0,0,0,0,0,0,0,0,0,0,0,0,0,0,0,0,0,0,0,0,0,0,0,0,0,0,0,0,0,0,0,0,0,6,0,0,0,0,0,0,0,0,0,0,0,0,0,0,0,0,2,0,0,0,0,2,0,0,0,0,0,0,0,0
0,2,110,64,7,0,0,0,0,1,0,0,0,0,0,0,0,0,0,38,0,0,0,5,16,0,0,0,0,0,0,2,10,9,11,0,4,0,0,0,0,0,9,0,0,0,0,0,0,0,0,0,0,0,0,0,0,19,2,0,0,0,0,0,0,124,0,215,0,0,138,109,1,0,0,0,0,0,0,0,0,0,56,0,0,0,0,0,0,0,0,0,0,0,0,0,0,0,1,0,0,0,0,0,0,0,0,0,1,0,0,0,0,0,0,0,0,0,0,0,0,0,0,0,0,0,0,0,0,0,0,0,0,0,0,0,0,0,0,0,0,0,0,0,0,0,0,0,0,0,0,0,0,0,0,0,0,0,0,0,0,0,0,0,0,0,0
0,0,280,239,0,0,11,0,55,0,0,0,7,0,0,0,0,7,0,12,0,0,0,1,30,0,0,0,0,0,0,0,0,0,1,50,55,0,0,0,0,4,76,0,0,0,0,0,0,39,49,0,1,0,0,0,0,0,0,0,0,0,0,0,0,37,34,0,3,0,0,0,0,0,0,0,0,0,0,0,0,0,458,0,19,0,0,0,233,0,1,1,0,0,0,0,0,0,3,0,0,0,0,0,0,0,0,0,0,0,0,0,0,0,0,0,0,0,0,0,0,0,0,0,11,0,0,0,0,0,0,0,0,0,0,0,0,0,0,0,0,0,0,0,0,0,0,0,0,0,0,0,0,0,0,5,0,0,2,0,0,0,3,0,0,0,0
0,14,997,1063,116,1,18,0,2,9,0,0,6,0,0,0,0,1,0,357,0,0,0,20,63,0,0,0,0,0,0,34,3,1,6,112,135,0,0,0,0,14,644,0,0,0,0,0,0,26,34,0,0,0,0,0,0,27,0,0,0,0,0,0,0,1180,57,48,3,0,7,29,0,0,0,0,0,0,0,0,56,458,0,0,7,0,0,0,149,0,1,5,0,0,0,0,0,0,5,0,0,0,0,0,0,0,0,0,0,0,0,0,0,0,0,0,0,0,0,0,0,0,0,0,1,0,0,0,0,0,0,0,0,0,0,0,0,0,0,0,0,0,0,0,0,0,0,0,0,0,0,0,0,0,0,0,0,0,7,0,0,0,2,0,0,0,0
0,89,0,13,3,2,125,0,0,10,0,1,0,1,0,1,0,0,1,0,9,0,0,0,0,0,7,11,42,70,0,0,0,0,0,0,0,21,84,2,1,69,0,16,0,93,0,0,155,0,0,0,0,0,0,1,0,0,0,29,0,0,731,0,1,0,36,1,4,3,0,0,0,0,364,71,556,18,11,19,0,0,0,0,626,0,0,0,0,78,2,115,15,0,0,0,0,0,0,0,0,0,0,0,0,0,0,0,0,0,0,0,1,0,0,0,0,0,0,0,0,0,1,0,0,0,0,0,0,0,0,0,0,0,0,0,88,0,0,0,0,0,0,0,0,0,0,0,0,1,0,0,0,0,0,0,0,305,278,0,0,0,0,1,0,0,0
0,163,125,16,15,19,91,0,24,43,0,96,57,11,7,218,0,7,37,4,2,22,0,1,841,719,1391,389,75,6,0,0,1,2,102,0,1,1,3,0,0,8,1,0,0,9,0,6,65,1,9,0,0,0,0,0,0,0,0,24,2,0,670,59,585,0,13,2,3,0,2,17,63,0,62,3,52,4,4,13,0,19,7,626,0,12,2,24,82,1130,1,8,1,0,0,4,0,0,241,116,182,0,9,1,0,0,0,0,12,0,0,0,0,0,0,3,0,0,0,2,0,0,1,0,2,0,0,0,0,0,0,0,0,7,1,0,405,14,213,0,4,0,0,0,1,4,62,0,12,0,17,0,1,11,0,10,2,482,2483,6,2,13,14,117,1,2,1
0,369,92,183,83,5,1,0,0,22,0,0,0,0,0,0,0,0,0,0,0,55,362,0,0,0,1,0,0,0,1,0,0,1,1,12,0,0,0,0,0,0,0,30,222,201,450,223,12,0,0,0,0,0,0,3,0,0,0,302,0,0,1,4279,103,0,22,498,3,0,18,0,20,73,1687,1,3,31,20,0,0,0,0,0,12,0,239,270,0,0,17,455,1,0,0,0,0,0,0,0,0,0,0,0,0,0,0,0,0,0,0,0,0,0,0,0,0,0,0,0,0,0,0,0,0,0,0,0,0,0,0,0,0,0,0,0,0,0,5,0,0,0,0,0,0,0,0,0,0,0,0,0,0,0,0,0,0,0,21,0,0,0,0,0,0,0,0
0,5,5,15,8,2,0,0,0,5,0,0,0,0,0,0,0,0,0,0,0,0,37,0,0,16,0,0,0,0,104,0,1,160,44,0,0,1,0,0,0,0,0,1,24,0,17,183,0,0,0,0,0,0,0,0,0,0,34,112,0,0,0,796,0,0,1,350,0,0,971,22,692,3,67,0,0,0,2,0,0,0,0,0,2,239,0,411,0,1,3,34,0,0,0,0,0,0,0,0,0,0,0,0,0,0,0,0,0,0,0,0,0,0,0,0,0,0,0,0,0,0,0,0,0,0,0,0,0,0,0,0,0,0,0,0,0,0,0,0,0,0,0,0,0,0,0,0,0,0,0,0,0,0,0,0,0,0,8,0,0,0,0,0,0,0,0
0,244,98,210,285,4,0,0,0,54,0,0,5,0,0,0,0,0,0,0,0,16,3,0,0,0,28,0,0,0,3,0,0,55,95,0,0,0,0,0,0,0,0,0,0,1,35,227,1,0,0,0,0,0,0,0,0,0,0,0,0,0,0,958,12,0,0,65,0,0,90,0,672,0,35,0,0,1,0,0,0,0,0,0,24,270,411,0,0,0,0,1,0,0,0,0,0,0,0,0,10,0,0,0,0,0,0,0,0,0,0,0,0,0,0,0,0,0,0,0,0,0,0,0,0,0,0,0,0,0,0,0,0,0,0,0,0,0,0,0,0,0,0,0,0,0,0,0,0,0,0,0,0,0,0,0,0,0,47,0,0,1,0,0,0,0,0
0,0,627,94,5,0,1,0,41,0,0,0,59,0,0,0,0,13,0,35,0,0,0,11,329,0,1,0,0,0,0,0,0,0,44,1,1,0,0,0,0,0,8,0,0,0,0,0,0,12,4,0,0,0,0,0,0,0,0,0,0,0,0,0,0,9,1,0,0,0,0,0,0,0,0,0,0,0,0,0,0,233,149,0,82,0,0,0,0,0,0,0,0,0,0,0,0,0,38,0,0,0,0,0,0,0,0,0,0,0,0,0,0,0,0,0,0,0,0,0,0,0,0,0,8,0,0,0,0,0,0,0,0,0,0,0,0,0,0,0,0,0,0,0,0,1,0,0,0,0,0,0,0,0,0,2,0,0,22,0,0,0,11,0,0,0,0
0,141,1,8,1,1,1,0,0,4,0,0,0,0,0,0,0,0,0,0,0,1,0,0,5,132,547,150,18,0,0,0,0,0,0,0,0,0,0,0,0,4,0,4,0,14,0,0,218,0,0,0,0,0,1,0,2,0,0,59,0,0,15,0,248,0,16,0,0,0,0,0,0,0,162,0,1,2,0,0,0,0,0,78,1130,0,1,0,0,0,0,26,16,0,0,0,0,0,0,0,0,0,0,0,0,0,0,0,1,0,0,0,0,0,0,0,0,0,0,0,0,0,0,0,0,0,0,0,0,0,0,0,0,0,0,0,0,0,4,0,0,0,0,0,0,0,0,0,0,0,0,0,0,0,0,0,0,0,83,0,0,0,0,10,0,0,0
1,7,0,32,1,0,157,15,0,17,0,0,0,0,0,0,0,0,0,0,15,0,2,0,0,0,0,0,0,0,1,0,0,0,0,36,7,42,3,48,0,4,1,25,18,3,0,1,4,0,2,0,28,2,3,203,259,0,0,180,1,56,79,9,0,1,91,22,1134,38,0,0,0,10,68,45,39,478,615,154,0,1,1,2,1,17,3,0,0,0,0,2019,2,0,0,0,0,0,0,0,0,0,0,0,0,0,0,0,0,0,0,0,0,0,0,0,0,0,0,0,0,0,0,0,0,0,0,0,0,0,0,0,0,0,0,0,0,0,0,0,0,0,0,0,0,0,0,0,0,0,0,0,0,0,0,0,0,0,1,0,0,0,0,0,0,0,0
0,93,2,62,8,4,53,4,0,15,0,0,0,0,0,0,0,0,0,0,19,0,17,0,0,0,0,0,0,2,1,0,0,0,0,47,36,70,8,4,4,0,0,344,189,68,5,8,10,0,2,7,335,29,214,56,417,0,0,1872,9,8,619,660,1,15,529,469,202,18,1,0,0,305,1963,79,200,815,525,159,0,1,5,115,8,455,34,1,0,26,2019,0,237,0,0,0,0,0,0,0,0,0,0,0,0,0,0,0,0,0,0,0,0,0,0,0,0,0,0,0,0,0,0,0,0,0,0,0,0,0,0,0,0,0,0,0,0,0,0,0,0,0,0,0,0,0,0,0,0,0,0,0,0,0,0,0,0,0,2,0,0,0,0,0,0,0,0
0,3,0,0,0,0,0,0,0,0,0,0,0,0,0,0,0,0,0,0,0,0,1,0,0,0,0,0,0,0,0,0,0,0,0,0,0,7,0,1,0,0,0,2,1,7,0,0,1,0,0,24,59,3,32,0,0,0,0,314,0,0,0,0,0,0,104,22,0,0,0,0,0,0,94,5,23,4,0,1,0,0,0,15,1,1,0,0,0,16,2,237,0,0,0,0,0,0,0,0,0,0,0,0,0,0,0,0,0,0,0,0,0,0,0,0,0,0,0,0,0,0,0,0,0,0,0,0,0,0,0,0,0,0,0,0,0,0,0,0,0,0,0,0,0,0,0,0,0,0,0,0,0,0,0,0,0,0,1,0,0,0,0,0,0,0,0
0,0,3,0,0,0,0,0,0,0,0,4,184,65,3,0,0,0,0,0,0,0,0,0,0,0,0,0,0,0,0,0,0,0,0,0,0,0,0,0,0,0,0,0,0,0,0,0,0,0,0,0,0,0,0,0,0,0,0,0,0,0,0,0,0,0,0,0,0,0,0,0,0,0,0,0,0,0,0,0,0,0,0,0,0,0,0,0,0,0,0,0,0,0,0,0,0,13,52,0,0,0,0,0,0,0,0,5,10,1,0,0,0,0,0,0,23,0,0,0,0,0,0,0,0,0,0,0,0,0,0,1,0,0,0,0,0,0,0,14,0,4,0,0,1,76,0,0,0,0,0,0,0,0,7,9,153,0,0,0,0,0,10,0,0,0,0
0,0,0,0,0,0,0,0,0,0,0,0,0,4,0,40,0,0,0,0,0,0,0,0,0,0,0,0,0,0,0,0,0,0,0,0,0,0,0,0,0,0,0,0,0,0,0,0,0,0,0,0,0,0,0,0,0,0,0,0,0,0,0,0,0,0,0,0,0,0,0,0,0,0,0,0,0,0,0,0,0,0,0,0,0,0,0,0,0,0,0,0,0,0,0,0,0,0,0,0,0,0,0,1,0,0,0,0,0,1,1,57,15,251,2,1,0,1,0,0,0,0,0,0,0,0,0,0,0,2,1,0,0,0,95,0,90,0,0,0,1,0,112,109,0,0,0,0,6,538,260,56,327,345,0,0,0,34,0,0,0,0,0,0,8,13,0
0,0,0,0,0,1,0,0,0,0,0,83,36,8,4,0,0,0,9,0,0,0,0,0,0,0,1,0,0,0,0,0,0,0,0,0,0,0,0,0,0,0,0,0,0,0,0,0,0,0,0,0,0,0,0,0,0,0,0,0,0,0,0,0,2,0,0,0,0,0,0,0,0,0,0,0,0,0,0,0,0,0,0,0,4,0,0,0,0,0,0,0,0,0,0,0,0,0,0,0,213,0,0,0,0,0,0,0,9,0,0,0,0,0,0,0,0,0,0,1,0,1,0,0,0,0,0,0,0,0,0,0,0,3,0,0,0,77,362,0,0,0,0,0,0,0,0,0,0,0,0,0,0,0,0,0,0,0,50,22,0,6,0,0,0,0,0
0,0,0,0,0,0,0,0,0,0,0,0,0,63,0,0,0,0,0,0,0,0,0,0,0,0,0,0,0,0,0,0,0,0,0,0,0,0,0,0,0,0,0,0,0,0,0,0,0,0,0,0,0,0,0,0,0,0,0,0,0,0,0,0,0,0,0,0,0,0,0,0,0,0,0,0,0,0,0,0,0,0,0,0,0,0,0,0,0,0,0,0,0,0,0,0,0,0,0,0,0,0,0,0,19,0,0,0,1,3,0,0,0,0,0,0,0,4,189,0,16,1,0,0,0,0,1,0,8,0,0,0,0,778,0,0,0,121,0,0,0,432,0,0,0,0,0,10,55,0,0,0,0,0,0,0,0,0,0,515,37,0,0,0,1,36,0
0,0,2,0,0,0,0,0,0,0,0,1,66,13,1,0,0,0,1,0,0,0,0,1,1,0,0,0,0,0,0,0,0,0,0,0,0,0,0,0,0,0,0,0,0,0,0,0,0,0,0,0,0,0,0,0,0,0,0,0,0,0,0,0,0,0,0,0,0,0,0,0,0,0,0,0,0,0,0,0,0,0,0,0,0,0,0,0,0,0,0,0,0,13,0,0,0,0,169,0,0,0,0,0,0,0,0,9,26,0,0,0,0,0,0,0,7,0,0,0,0,0,0,0,0,0,0,0,0,0,0,5,0,0,0,0,0,0,0,1,0,8,0,0,9,90,34,0,0,0,0,0,0,0,30,1,17,0,10,0,0,0,2,0,0,0,0
0,0,344,0,1,1,0,0,6,0,0,70,2694,192,139,0,0,145,5,2,0,0,0,2,59,2,0,0,0,0,0,0,0,3,13,0,0,0,0,0,0,0,0,0,0,0,0,0,0,1,0,0,0,0,0,0,0,0,0,0,0,0,0,0,0,0,0,3,0,0,3,20,5,0,0,0,0,0,0,0,1,3,5,0,241,0,0,0,38,0,0,0,0,52,0,0,0,169,0,365,61,11,0,0,0,0,7,21,1088,0,1,0,0,0,0,1,23,0,0,0,0,0,1,17,47,0,1,1,0,0,0,72,6,0,0,0,0,0,3,20,0,123,0,0,213,184,79,0,0,0,0,0,0,0,193,103,67,0,1215,0,0,0,376,5,0,0,0
0,0,119,1,1,3,0,0,0,0,0,109,315,108,29,0,0,0,8,0,0,0,0,0,3,20,1,0,0,0,0,0,0,0,9,0,0,0,0,0,0,0,0,0,0,0,0,0,0,0,0,0,0,0,0,0,0,0,0,0,0,0,0,0,0,0,0,1,0,0,3,1,12,0,0,0,0,0,0,0,0,0,0,0,116,0,0,0,0,0,0,0,0,0,0,0,0,0,365,0,1212,91,0,0,6,0,0,2,628,0,0,0,0,0,0,0,0,0,0,0,0,0,6,0,0,0,0,0,0,0,0,2,14,1,0,0,0,0,130,0,0,108,0,0,207,70,130,0,0,0,0,0,0,0,2,0,0,0,1146,0,95,1,0,172,0,0,0
0,2,13,1,0,0,0,0,0,0,0,195,119,21,21,0,0,0,16,0,0,3,0,0,0,0,70,0,0,0,0,0,0,0,9,0,0,0,0,0,0,0,0,0,0,0,0,1,0,0,0,0,0,0,0,0,0,0,0,0,0,0,0,5,14,0,0,0,0,0,0,0,7,0,0,0,0,0,0,0,0,0,0,0,182,0,0,10,0,0,0,0,0,0,0,213,0,0,61,1212,0,166,1,0,0,0,0,1,473,0,0,0,0,0,0,0,0,0,0,0,0,3,9,0,0,0,0,0,0,0,0,0,0,11,0,0,1,39,813,0,0,5,0,0,8,1,88,0,1,0,0,0,0,0,0,0,0,2,2061,1,41,33,0,568,0,0,0
0,0,0,0,0,0,0,0,0,0,0,1,0,0,0,0,0,0,0,0,0,0,0,0,0,0,0,0,0,0,0,0,0,0,0,0,0,0,0,0,0,0,0,0,0,0,0,0,0,0,0,0,0,0,0,0,0,0,0,0,0,0,0,0,0,0,0,0,0,0,0,0,0,0,0,0,0,0,0,0,0,0,0,0,0,0,0,0,0,0,0,0,0,0,0,0,0,0,11,91,166,0,3,0,0,0,0,0,0,0,0,0,0,0,0,1,0,0,0,0,0,0,3,0,0,0,0,0,0,0,0,0,0,0,0,0,4,0,4,0,0,0,0,0,0,0,1,0,2,0,0,0,0,0,0,0,0,6,619,0,0,0,0,212,0,0,0
0,0,0,0,0,0,1,0,0,0,0,0,0,0,0,22,0,0,0,0,0,0,0,0,0,0,0,0,0,0,0,0,0,0,0,0,0,0,0,0,0,0,0,0,0,0,0,0,0,0,0,0,0,0,0,0,0,0,0,0,0,0,0,0,0,0,0,0,0,0,0,0,0,0,0,0,0,0,0,0,0,0,0,0,9,0,0,0,0,0,0,0,0,0,0,0,0,0,0,0,1,3,0,0,0,0,0,0,0,0,0,0,0,0,0,47,0,0,0,0,0,0,4,0,0,0,0,0,0,0,0,0,0,0,0,0,51,0,0,0,1,0,0,1,0,0,0,0,2,0,0,0,0,7,0,0,0,97,111,0,0,0,0,34,0,0,0
0,0,0,0,0,0,0,0,0,0,0,0,0,0,0,0,0,0,1,0,0,0,0,0,0,0,0,0,0,0,0,0,0,0,0,0,0,0,0,0,0,0,0,0,0,0,0,0,0,0,0,0,0,0,0,0,0,0,0,0,0,0,1,0,0,0,0,0,0,0,0,0,0,0,0,0,0,0,0,0,0,0,0,0,1,0,0,0,0,0,0,0,0,0,1,0,0,0,0,0,0,0,0,0,0,0,0,0,0,0,0,0,18,0,12,0,0,0,0,0,0,0,0,0,0,0,0,0,0,0,0,0,0,0,6,0,351,0,0,0,1,0,0,0,0,0,0,0,0,3,28,0,1,7,0,0,0,110,2,0,0,0,0,0,0,0,0
0,0,0,0,0,0,0,0,0,0,0,0,2,31,1,0,0,0,0,0,0,0,0,0,0,0,0,0,0,0,0,0,0,0,0,0,0,0,0,0,0,0,0,0,0,0,0,0,0,0,0,0,0,0,0,0,0,0,0,0,0,0,0,0,0,0,0,0,0,0,0,0,0,0,0,0,0,0,0,0,0,0,0,0,0,0,0,0,0,0,0,0,0,0,0,0,19,0,0,6,0,0,0,0,0,0,0,0,0,0,0,0,0,0,0,0,0,0,0,0,0,0,0,0,0,0,0,0,0,0,0,1,4,14,0,0,0,4,0,0,0,218,0,0,64,4,7,0,0,0,0,0,0,0,2,0,0,0,0,1,58,0,0,0,0,1,0
0,0,0,0,0,0,0,0,0,0,0,0,12,21,0,0,0,0,0,0,0,0,0,0,0,0,0,0,0,0,0,0,0,0,0,0,0,0,0,0,0,0,0,0,0,0,0,0,0,0,0,0,0,0,0,0,0,0,0,0,0,0,0,0,0,0,0,0,0,0,0,0,0,0,0,0,0,0,0,0,0,0,0,0,0,0,0,0,0,0,0,0,0,0,0,0,0,0,0,0,0,0,0,0,0,0,1,0,0,0,2,0,0,0,0,0,1,0,0,0,0,0,0,0,0,0,0,0,0,0,0,8,0,0,0,0,0,0,0,57,0,35,0,0,3,2,0,0,0,0,0,0,0,0,6,0,16,0,0,0,0,0,0,0,0,0,0
0,0,0,0,0,0,0,0,0,0,0,1,17,32,3,0,0,0,0,0,0,0,0,0,0,0,0,0,0,0,0,0,0,0,0,0,0,0,0,0,0,0,0,0,0,0,0,0,0,0,0,0,0,0,0,0,0,0,0,0,0,0,0,0,0,0,0,0,0,0,0,0,0,0,0,0,0,0,0,0,0,0,0,0,0,0,0,0,0,0,0,0,0,0,0,0,0,0,7,0,0,0,0,0,0,1,0,1,2,0,1,0,0,0,0,0,1,0,0,0,0,0,0,0,0,0,0,0,0,0,0,34,4,0,0,0,0,0,0,3,0,175,0,0,135,15,5,0,0,0,0,0,0,0,11,0,0,0,0,0,1,0,0,0,0,0,0
0,0,0,0,0,1,0,0,0,0,0,4,11,5,1,0,0,0,1,0,0,0,0,0,0,0,0,0,0,0,0,0,0,0,0,0,0,0,0,0,0,0,0,0,0,0,0,0,0,0,0,0,0,0,0,0,0,0,0,0,0,0,0,0,0,0,0,0,0,0,0,0,0,0,0,0,0,0,0,0,0,0,0,0,0,0,0,0,0,0,0,0,0,5,0,0,0,9,21,2,1,0,0,0,0,0,1,0,18,0,0,0,0,0,0,0,1,0,0,0,0,0,0,0,0,0,0,0,0,0,0,3,1,0,0,0,0,8,0,1,0,8,0,0,285,257,312,0,2,0,0,0,0,0,12,0,2,0,1,1,79,74,0,0,0,0,0
0,2,27,2,1,13,0,0,0,1,1,132,326,80,49,0,0,2,40,0,0,0,0,1,0,0,0,0,0,0,0,0,0,0,2,0,0,0,0,0,0,0,0,0,0,0,0,0,0,0,0,0,0,0,0,0,0,0,0,0,0,0,0,0,0,0,0,0,0,0,0,0,0,0,0,0,0,0,0,0,1,0,0,0,12,0,0,0,0,1,0,0,0,10,0,9,1,26,1088,628,473,0,0,0,0,0,2,18,0,0,0,0,0,0,0,0,1,0,0,0,0,2,0,3,1,0,0,0,0,0,0,11,8,1,0,0,0,11,18,0,0,102,0,0,201,106,770,0,0,0,0,0,0,0,14,23,2,0,219,0,75,106,42,0,0,0,0
0,0,0,0,0,0,0,0,0,0,0,0,0,11,0,7,0,0,0,0,0,0,0,0,0,0,0,0,0,0,0,0,0,0,0,0,0,0,0,0,0,0,0,0,0,0,0,0,0,0,0,0,0,0,0,0,0,0,0,0,0,0,0,0,0,0,0,0,0,0,0,0,0,0,0,0,0,0,0,0,0,0,0,0,0,0,0,0,0,0,0,0,0,1,1,0,3,0,0,0,0,0,0,0,0,0,0,0,0,0,40,0,0,0,0,3,11,0,0,0,0,0,0,0,0,0,9,30,0,0,1,0,0,5,0,5,6,0,0,26,25,2,1,0,0,0,0,0,0,0,0,0,0,2,0,4,10,0,0,0,0,0,0,0,0,12,0
0,0,0,0,0,0,0,0,0,0,0,0,7,104,0,44,10,2,0,0,0,0,0,0,0,0,0,0,0,0,0,0,0,0,0,0,0,0,0,0,0,0,0,0,0,0,0,0,0,0,0,0,0,0,0,0,0,0,0,0,0,0,0,0,0,0,0,0,0,0,0,0,0,0,0,0,0,0,0,0,0,0,0,0,0,0,0,0,0,0,0,0,0,0,1,0,0,0,1,0,0,0,0,0,0,2,1,0,0,40,0,0,0,0,0,22,37,0,0,0,0,0,0,0,0,0,5,148,0,0,0,8,0,2,0,12,15,0,0,121,131,21,13,1,3,0,0,0,0,0,0,0,7,41,0,115,138,0,0,0,0,0,2,0,10,19,0
0,0,0,0,0,0,0,0,0,0,0,2,0,3,0,5,0,0,0,0,0,0,0,0,0,0,0,0,0,0,0,0,0,0,0,0,0,0,0,0,0,0,0,0,0,0,0,0,0,0,0,0,0,0,0,0,0,0,0,0,0,0,0,0,0,0,0,0,0,0,0,0,0,0,0,0,0,0,0,0,0,0,0,0,0,0,0,0,0,0,0,0,0,0,57,0,0,0,0,0,0,0,0,0,0,0,0,0,0,0,0,0,4,6,0,0,0,0,0,4,0,0,0,0,0,0,0,0,0,2,0,0,0,0,10,0,9,0,0,0,9,0,9,12,0,0,0,0,48,167,71,63,42,24,0,0,0,14,0,0,0,0,0,0,4,91,3
0,0,0,0,0,0,0,0,0,0,0,0,0,3,0,6,0,0,0,0,0,0,0,0,0,0,0,0,0,0,0,0,0,0,0,0,0,0,0,0,0,0,0,0,0,0,0,0,0,0,0,0,0,0,0,0,0,0,0,0,0,0,0,0,0,0,0,0,0,0,0,0,0,0,0,0,0,0,0,0,0,0,0,1,0,0,0,0,0,0,0,0,0,0,15,0,0,0,0,0,0,0,0,18,0,0,0,0,0,0,0,4,0,8,2,0,0,0,0,0,0,0,0,0,0,0,0,0,0,0,0,0,0,0,49,0,212,0,0,0,6,0,12,15,0,0,0,0,12,96,279,5,11,14,0,0,0,141,2,1,0,0,0,0,0,6,0
0,0,0,0,0,0,0,0,0,0,3,0,0,0,0,23,1,0,0,0,0,0,0,0,0,0,0,0,0,0,0,0,0,0,0,0,0,0,0,0,0,0,0,0,0,0,0,0,0,0,0,0,0,0,0,0,0,0,0,0,0,0,0,0,0,0,0,0,0,0,0,0,0,0,0,0,0,0,0,0,0,0,0,0,0,0,0,0,0,0,0,0,0,0,251,0,0,0,0,0,0,0,0,0,0,0,0,0,0,0,0,6,8,0,3,0,0,0,0,0,0,0,0,0,0,0,0,1,0,0,0,0,0,0,15,0,75,0,0,0,1,0,104,256,0,0,0,0,2,204,77,19,307,729,0,0,0,14,0,0,0,0,0,0,0,5,0
0,0,0,0,0,0,0,0,0,0,0,0,0,2,0,17,0,0,0,0,0,0,0,0,0,0,0,0,0,0,0,0,0,0,0,0,0,0,0,0,0,0,0,0,0,0,0,0,0,0,0,0,0,0,0,0,0,0,0,0,0,0,0,0,0,0,0,0,0,0,0,0,0,0,0,0,0,0,0,0,0,0,0,0,0,0,0,0,0,0,0,0,0,0,2,0,0,0,0,0,0,0,0,12,0,0,0,0,0,0,0,0,2,3,0,2,0,0,0,0,0,0,0,0,0,0,0,1,0,0,0,0,0,0,15,0,173,0,0,0,5,0,9,62,0,0,0,0,0,0,3,0,5,323,0,0,0,1,1,0,0,0,0,0,0,0,0
0,0,0,0,0,0,0,0,0,1,0,3,13,58,0,314,58,0,8,0,0,0,0,0,0,0,0,0,0,0,0,0,0,0,0,0,0,0,0,0,0,0,0,0,0,0,0,0,0,0,0,0,0,0,0,0,0,0,0,0,0,0,0,0,0,0,0,0,0,0,0,0,0,0,0,0,0,0,0,0,0,0,0,0,3,0,0,0,0,0,0,0,0,0,1,0,0,0,1,0,0,1,47,0,0,0,0,0,0,3,22,0,0,0,2,0,9,0,0,0,0,0,2,0,0,0,5,77,0,0,1,0,0,0,0,36,228,0,0,11,26,1,47,0,0,0,0,0,1,0,0,0,6,156,0,41,43,96,56,0,0,0,0,11,3,10,0
0,0,0,1,0,0,0,0,0,0,0,0,62,89,1,5,8,2,5,0,0,0,0,0,0,0,0,0,0,0,0,0,0,0,0,0,0,0,0,0,0,0,0,0,0,0,0,0,0,0,0,0,0,0,0,0,0,0,0,0,0,0,0,0,0,0,0,0,0,0,0,0,0,0,0,0,0,0,0,0,0,0,0,0,0,0,0,0,0,0,0,0,0,23,0,0,0,7,23,0,0,0,0,0,0,1,1,1,1,11,37,0,0,0,0,9,0,0,0,0,0,0,0,1,0,0,3,51,0,0,0,6,0,0,0,2,1,0,0,104,30,13,1,0,6,35,0,0,0,0,0,0,1,1,8,120,510,0,0,0,0,0,4,0,3,3,0
0,0,0,0,0,1,0,0,0,0,0,1,0,1,1,0,0,0,0,0,0,0,0,0,0,0,0,0,0,0,0,0,0,0,0,0,0,0,0,0,0,0,0,0,0,0,0,0,0,0,0,0,0,0,0,0,0,0,0,0,0,0,0,0,0,0,0,0,0,0,0,0,0,0,0,0,0,0,0,0,0,0,0,0,0,0,0,0,0,0,0,0,0,0,1,0,4,0,0,0,0,0,0,0,0,0,0,0,0,0,0,0,0,0,0,0,0,0,0,0,0,0,0,0,0,0,0,0,1,0,6,0,0,10,0,0,0,29,0,0,0,7,0,0,1,0,0,21,302,3,1,1,11,0,0,0,0,3,0,29,7,1,0,0,2,186,0
0,0,0,0,0,0,0,0,0,0,0,3,0,8,0,0,0,0,0,0,0,0,0,0,0,0,0,0,0,0,0,0,0,0,0,0,0,0,0,0,0,0,0,0,0,0,0,0,0,0,0,0,0,0,0,0,0,0,0,0,0,0,0,0,0,0,0,0,0,0,0,0,0,0,0,0,0,0,0,0,0,0,0,0,0,0,0,0,0,0,0,0,0,0,0,0,189,0,0,0,0,0,0,0,0,0,0,0,0,0,0,0,0,0,0,0,0,0,0,3,3,0,0,0,0,1,2,0,12,0,1,0,0,375,0,0,0,29,0,0,0,40,0,0,0,0,0,49,77,0,0,0,0,0,0,0,0,0,0,242,7,0,0,0,0,71,1
0,0,0,0,0,2,0,0,0,1,0,29,0,5,4,0,0,0,3,0,0,0,0,0,0,0,0,0,0,0,0,0,0,0,0,0,0,0,0,0,0,0,0,0,0,0,0,0,0,0,0,0,0,0,0,0,0,0,0,0,0,0,0,0,0,0,0,0,0,0,0,0,0,0,0,0,0,0,0,0,0,0,0,0,2,0,0,0,0,0,0,0,0,0,0,1,0,0,0,0,0,0,0,0,0,0,0,0,0,0,0,4,0,0,0,0,0,0,3,0,0,0,4,0,0,0,1,0,2,0,0,0,0,22,0,0,0,22,33,0,4,0,0,0,1,0,1,1,454,5,22,0,2,0,0,0,0,90,3,136,0,3,0,9,1,38,1
0,0,0,0,0,0,0,0,0,0,0,9,1,9,0,0,0,0,1,0,0,0,0,0,0,0,0,0,0,0,0,0,0,0,0,0,0,0,0,0,0,0,0,0,0,0,0,0,0,0,0,0,0,0,0,0,0,0,0,0,0,0,0,0,0,0,0,0,0,0,0,0,0,0,0,0,0,0,0,0,0,0,0,0,0,0,0,0,0,0,0,0,0,0,0,0,16,0,0,0,0,0,0,0,0,0,0,0,0,0,0,0,0,0,0,0,0,0,3,0,0,18,0,0,0,0,0,0,0,0,0,0,0,11,0,0,0,285,1,0,0,3,0,0,2,0,1,0,11,0,0,0,1,0,0,0,0,0,0,441,10,24,0,0,0,2,1
0,0,0,1,0,7,0,0,0,0,0,35,13,20,31,0,0,0,19,0,0,0,0,0,0,0,0,0,0,0,0,0,0,0,0,0,0,0,0,0,0,0,0,0,0,0,0,0,0,0,0,0,0,0,0,0,0,0,0,0,0,0,0,0,0,0,0,0,0,0,0,0,0,0,0,0,0,0,0,0,0,0,0,0,0,0,0,0,0,0,0,0,0,0,0,1,1,0,0,0,3,0,0,0,0,0,0,0,2,0,0,0,0,0,0,0,0,0,0,0,18,0,0,0,0,0,0,0,0,0,0,0,0,3,0,0,0,547,2,0,0,8,0,0,23,1,30,0,3,0,0,0,0,0,0,0,0,0,4,204,121,158,0,0,0,6,0
0,2,0,0,0,2,0,0,0,1,1,37,2,5,2,3,0,0,5,0,0,0,0,0,0,0,0,0,0,0,0,0,0,0,0,0,0,0,0,0,0,0,0,0,0,0,0,0,0,0,0,0,0,0,0,0,0,0,0,1,0,0,0,0,0,0,0,0,0,0,0,0,0,0,0,0,0,0,0,0,0,0,0,1,1,0,0,0,0,0,0,0,0,0,0,0,0,0,1,6,9,3,4,0,0,0,0,0,0,0,0,0,0,0,0,2,0,0,0,4,0,0,0,0,0,0,0,0,2,0,2,0,0,21,0,0,8,1,105,0,4,0,0,0,0,0,0,0,43,1,3,1,0,0,0,0,0,169,72,10,0,0,0,379,1,19,6
0,0,0,0,0,0,0,0,0,0,0,0,13,6,0,0,0,3,0,0,0,0,0,0,0,0,0,0,0,0,0,0,0,0,0,0,0,0,0,0,0,0,0,0,0,0,0,0,0,0,0,0,0,0,0,0,0,0,0,0,0,0,0,0,0,0,0,0,0,0,0,0,0,0,0,0,0,0,0,0,0,0,0,0,0,0,0,0,0,0,0,0,0,0,0,0,0,0,17,0,0,0,0,0,0,0,0,0,3,0,0,0,0,0,0,0,1,0,0,0,0,0,0,0,0,0,0,0,0,0,0,0,0,0,0,0,0,0,0,0,1,0,0,0,0,0,0,0,0,0,0,0,0,0,0,51,23,0,0,0,0,0,7,0,0,0,0
0,1,17,1,0,0,0,0,8,3,0,1,6,0,1,1,1,14,0,0,0,0,0,0,1,0,0,0,0,0,0,0,0,0,0,0,0,0,0,0,0,0,0,0,0,0,0,0,0,0,0,0,0,0,0,0,0,0,0,0,0,0,0,0,0,0,0,0,0,0,0,0,0,0,0,0,0,0,0,0,0,11,1,0,2,0,0,0,8,0,0,0,0,0,0,0,0,0,47,0,0,0,0,0,0,0,0,0,1,0,0,0,0,0,0,0,0,0,0,0,0,0,0,0,0,0,0,0,0,0,0,0,0,0,0,0,0,0,0,0,0,0,0,0,0,0,0,0,0,0,0,0,0,0,0,9,0,0,24,0,0,0,10,0,0,0,0
0,0,0,0,0,0,0,0,0,0,0,0,0,1,0,0,0,0,0,0,0,0,0,0,0,0,0,0,0,0,0,0,0,0,0,0,0,0,0,0,0,0,0,0,0,0,0,0,0,0,0,0,0,0,0,0,0,0,0,0,0,0,0,0,0,0,0,0,0,0,0,0,0,0,0,0,0,0,0,0,0,0,0,0,0,0,0,0,0,0,0,0,0,0,0,0,0,0,0,0,0,0,0,0,0,0,0,0,0,0,0,0,0,0,0,0,0,0,1,0,0,0,0,0,0,0,3,3,0,0,0,0,0,38,0,0,0,0,1,0,62,0,0,0,0,0,0,0,0,0,0,0,0,0,0,0,0,0,0,0,0,0,0,0,0,3,8
0,0,0,0,0,0,0,0,0,0,0,1,0,2,0,10,11,0,0,0,0,0,0,0,0,0,0,0,0,0,0,0,0,0,0,0,0,0,0,0,0,0,0,0,0,0,0,0,0,0,0,0,0,0,0,0,0,0,0,0,0,0,0,0,0,0,0,0,0,0,0,0,0,0,0,0,0,0,0,0,0,0,0,0,0,0,0,0,0,0,0,0,0,0,0,0,1,0,1,0,0,0,0,0,0,0,0,0,0,9,5,0,0,0,0,5,3,0,2,1,0,0,0,0,0,3,0,13,39,0,0,0,0,66,0,0,0,0,0,2,97,2,7,0,0,0,0,0,1,0,1,0,1,0,0,0,0,0,0,0,0,1,0,2,4,229,59
0,0,0,0,0,0,0,0,0,0,0,1,34,245,0,188,89,2,7,0,0,0,0,0,0,0,0,0,0,0,0,0,0,0,0,0,0,0,0,0,0,0,0,0,0,0,0,0,0,0,0,0,0,0,0,0,0,0,0,0,0,0,0,0,0,0,0,0,0,0,0,0,0,0,0,0,0,0,0,0,0,0,0,0,0,0,0,0,0,0,0,0,0,0,0,0,0,0,1,0,0,0,0,0,0,0,0,0,0,30,148,0,0,1,1,77,51,0,0,0,0,0,0,0,0,3,13,0,0,0,0,0,0,1,1,53,66,0,0,75,151,0,29,0,0,0,0,0,1,0,1,0,27,201,0,112,127,0,2,0,0,0,2,0,10,51,1
0,0,0,0,0,0,0,0,0,0,0,0,0,0,0,0,0,0,0,0,0,0,0,0,0,0,0,0,0,0,0,0,0,0,0,0,0,0,0,0,0,0,0,0,0,0,0,0,0,0,0,0,0,0,0,0,0,0,0,0,0,0,0,0,0,0,0,0,0,0,0,0,0,0,0,0,0,0,0,0,0,0,0,0,0,0,0,0,0,0,0,0,0,0,0,0,8,0,0,0,0,0,0,0,0,0,0,0,0,0,0,0,0,0,0,0,0,1,12,2,0,0,2,0,0,0,39,0,0,0,0,0,0,322,0,0,0,0,0,0,0,4,0,0,0,0,0,8,3,0,0,0,0,0,0,0,0,1,0,5,3,0,0,5,0,120,27
0,0,0,0,0,0,0,0,0,0,0,0,0,0,0,5,2,0,0,0,0,0,0,0,0,0,0,0,0,0,0,0,0,0,0,0,0,0,0,0,0,0,0,0,0,0,0,0,0,0,0,0,0,0,0,0,0,0,0,0,0,0,0,0,0,0,0,0,0,0,0,0,0,0,0,0,0,0,0,0,0,0,0,0,0,0,0,0,0,0,0,0,0,0,2,0,0,0,0,0,0,0,0,0,0,0,0,0,0,0,0,2,0,0,0,0,0,0,0,0,0,0,0,0,0,0,0,0,0,0,2,0,0,1,0,7,3,0,0,0,1,0,157,0,0,0,0,0,0,4,1,24,177,3,0,0,0,0,0,0,0,0,0,0,94,29,0
0,0,0,0,0,0,0,0,0,0,0,0,0,3,0,13,1,0,0,0,0,0,0,0,0,0,0,0,0,0,0,0,0,0,0,0,0,0,0,0,0,0,0,0,0,0,0,0,0,0,0,0,0,0,0,0,0,0,0,0,0,0,0,0,0,0,0,0,0,0,0,0,0,0,0,0,0,0,0,0,0,0,0,0,0,0,0,0,0,0,0,0,0,0,1,0,0,0,0,0,0,0,0,0,0,0,0,0,0,1,0,0,0,0,0,1,0,6,1,0,0,0,2,0,0,0,0,0,0,2,0,0,0,8,0,3,7,1,1,1,7,2,53,0,0,0,0,3,5,1,1,5,10,1,0,1,0,0,0,1,0,0,0,0,220,613,0
0,0,0,0,0,0,0,0,0,0,0,4,210,360,30,0,0,0,0,0,0,0,0,0,0,0,0,0,0,0,0,0,0,0,0,0,0,0,0,0,0,0,0,0,0,0,0,0,0,0,0,0,0,0,0,0,0,0,0,0,0,0,0,0,0,0,0,0,0,0,0,0,0,0,0,0,0,0,0,0,0,0,0,0,0,0,0,0,0,0,0,0,0,1,0,0,0,5,72,2,0,0,0,0,1,8,34,3,11,0,8,0,0,0,0,0,6,0,0,0,0,0,0,0,0,0,0,0,0,0,0,0,19,0,0,0,0,0,0,220,0,978,0,0,68,49,43,0,0,0,0,0,0,0,28,0,21,0,0,0,1,0,0,0,0,0,0
0,0,0,0,0,0,0,0,0,0,0,0,17,60,3,0,0,0,0,0,0,0,0,0,0,0,0,0,0,0,0,0,0,0,0,0,0,0,0,0,0,0,0,0,0,0,0,0,0,0,0,0,0,0,0,0,0,0,0,0,0,0,0,0,0,0,0,0,0,0,0,0,0,0,0,0,0,0,0,0,0,0,0,0,0,0,0,0,0,0,0,0,0,0,0,0,0,0,6,14,0,0,0,0,4,0,4,1,8,0,0,0,0,0,0,0,0,0,0,0,0,0,0,0,0,0,0,0,0,0,0,19,0,1,0,0,0,0,0,0,0,281,0,0,112,7,49,0,0,0,0,0,0,0,2,0,0,0,1,0,21,0,0,0,0,0,0
0,0,2,0,0,12,0,0,0,1,0,34,5,396,31,0,0,0,6,0,0,0,0,0,0,0,0,0,0,0,0,0,0,0,0,0,0,0,0,0,0,0,0,0,0,0,0,0,0,0,0,0,0,0,0,0,0,0,0,0,0,0,0,0,0,0,0,0,0,0,0,0,0,0,0,0,0,0,0,0,0,0,0,0,7,0,0,0,0,0,0,0,0,0,0,3,778,0,0,1,11,0,0,0,14,0,0,0,1,5,2,0,0,0,0,0,0,10,375,22,11,3,21,0,0,38,66,1,322,1,8,0,1,0,0,0,2,77,117,0,136,1248,1,0,9,0,2,71,366,1,3,2,3,0,0,0,0,23,14,519,74,0,0,112,26,1011,210
0,0,0,0,0,0,0,0,0,0,0,0,0,6,0,41,0,0,1,0,0,0,0,0,0,0,0,0,0,0,0,0,0,0,0,0,0,0,0,0,0,0,0,0,0,0,0,0,0,0,0,0,0,0,0,0,0,0,0,0,0,0,1,0,0,0,0,0,0,0,0,0,0,0,0,0,0,0,0,0,0,0,0,0,1,0,0,0,0,0,0,0,0,0,95,0,0,0,0,0,0,0,0,6,0,0,0,0,0,0,0,10,49,15,15,0,0,0,0,0,0,0,0,0,0,0,0,1,0,0,0,0,0,0,0,0,426,0,0,1,4,0,31,240,0,0,0,0,0,176,12,0,12,68,0,0,0,12,5,0,0,0,0,0,1,17,0
0,0,0,0,0,0,0,0,0,0,0,2,0,30,1,197,181,0,8,0,0,0,0,0,0,0,0,0,0,0,0,0,0,0,0,0,0,0,0,0,0,0,0,0,0,0,0,0,0,0,0,0,0,0,0,0,0,0,0,0,0,0,0,0,0,0,0,0,0,0,0,0,0,0,0,0,0,0,0,0,0,0,0,0,0,0,0,0,0,0,0,0,0,0,0,0,0,0,0,0,0,0,0,0,0,0,0,0,0,5,12,0,0,0,0,36,2,0,0,0,0,0,0,0,0,0,0,53,0,7,3,0,0,0,0,0,0,0,0,1,8,0,176,0,0,0,0,0,0,0,0,0,4,15,0,1,2,0,0,0,0,0,0,0,72,13,0
0,2,0,0,0,15,3,0,0,0,1,1,0,453,3,2683,8,0,56,0,0,0,0,0,0,0,0,0,5,1,0,0,0,0,0,0,0,1,3,0,0,0,0,0,0,0,0,0,0,0,0,0,0,0,0,0,0,0,0,0,1,0,237,0,0,0,0,0,0,0,0,0,0,0,0,1,0,0,2,6,0,0,0,88,405,0,0,0,0,0,0,0,0,0,90,0,0,0,0,0,1,4,51,351,0,0,0,0,0,6,15,9,212,75,173,228,1,0,0,0,0,0,8,0,0,0,0,66,0,3,7,0,0,2,426,0,0,0,0,3,570,0,834,179,0,0,0,0,16,263,321,32,518,990,0,0,0,1219,507,2,0,0,0,76,185,692,0
0,0,0,0,0,5,0,0,0,0,0,450,215,193,101,0,0,0,40,0,0,1,0,0,0,0,0,0,0,0,0,0,0,0,0,0,0,0,0,0,0,0,0,0,0,0,0,0,0,0,0,0,0,0,0,0,0,0,0,0,0,0,0,0,0,0,0,0,0,0,0,0,0,0,0,0,0,0,0,0,0,0,0,0,14,0,0,0,0,0,0,0,0,0,0,77,121,0,0,0,39,0,0,0,4,0,0,8,11,0,0,0,0,0,0,0,0,29,29,22,285,547,1,0,0,0,0,0,0,0,1,0,0,77,0,0,0,0,116,0,0,74,0,0,123,2,95,18,987,0,0,1,1,0,0,0,0,0,82,3507,489,686,0,0,0,126,0
0,5,0,0,0,5,0,0,0,0,0,1286,123,85,29,1,0,0,59,0,0,3,0,0,0,0,9,0,0,0,0,0,0,0,0,0,0,0,0,0,0,0,0,0,0,1,1,1,1,0,0,0,0,0,0,0,0,0,0,0,0,0,0,1,57,0,0,0,0,0,0,0,0,0,0,0,0,0,0,0,0,0,0,0,213,5,0,0,0,4,0,0,0,0,0,362,0,0,3,130,813,4,0,0,0,0,0,0,18,0,0,0,0,0,0,0,0,0,0,33,1,2,105,0,0,1,0,0,0,0,1,0,0,117,0,0,0,116,0,0,1,8,0,0,0,0,1,0,209,0,0,0,0,0,0,0,0,0,906,173,0,2,0,269,0,35,0
0,0,0,0,0,0,0,0,0,0,0,0,36,427,4,45,6,0,0,0,0,0,0,0,0,0,0,0,0,0,0,0,0,0,0,0,0,0,0,0,0,0,0,0,0,0,0,0,0,0,0,0,0,0,0,0,0,0,0,0,0,0,0,0,0,0,0,0,0,0,0,0,0,0,0,0,0,0,0,0,0,0,0,0,0,0,0,0,0,0,0,0,0,14,0,0,0,1,20,0,0,0,0,0,0,57,3,1,0,26,121,0,0,0,0,11,104,0,0,0,0,0,0,0,0,0,2,75,0,0,1,220,0,0,1,1,3,0,0,0,97,175,3,0,2,50,1,0,0,0,0,0,2,15,71,25,626,0,0,0,0,0,3,0,1,4,0
0,0,0,0,0,0,0,0,0,0,0,4,10,271,0,257,14,0,3,0,0,0,0,0,0,0,0,0,0,0,0,0,0,0,0,0,0,0,0,0,0,0,0,0,0,0,0,0,0,0,0,0,0,0,0,0,0,0,0,0,0,0,0,0,0,0,0,0,0,0,0,0,0,0,0,0,0,0,0,0,0,0,0,0,4,0,0,0,0,0,0,0,0,0,1,0,0,0,0,0,0,0,1,1,0,0,0,0,0,25,131,9,6,1,5,26,30,0,0,4,0,0,4,1,0,62,97,151,0,1,7,0,0,136,4,8,570,0,1,97,0,0,56,5,0,1,0,0,68,8,80,17,32,228,0,54,49,187,10,0,0,0,0,28,47,609,80
0,0,13,4,1,3,0,0,0,0,0,29,158,814,59,0,0,0,13,0,0,0,0,0,0,0,0,0,0,0,0,0,0,0,1,0,0,0,0,0,0,0,0,0,0,0,0,0,0,0,0,0,0,0,0,0,0,0,0,0,0,0,0,0,0,0,0,1,0,0,1,0,0,0,0,0,0,0,0,0,0,0,0,0,0,0,0,0,0,0,0,0,0,4,0,0,432,8,123,108,5,0,0,0,218,35,175,8,102,2,21,0,0,0,0,1,13,7,40,0,3,8,0,0,0,0,2,0,4,0,2,978,281,1248,0,0,0,74,8,175,0,0,0,0,356,139,367,10,21,0,0,2,1,0,146,0,33,0,2,113,234,37,0,0,3,104,0
0,0,0,0,1,0,0,0,0,0,1,3,1,58,6,718,51,0,17,0,0,0,0,0,0,0,0,0,0,0,0,0,0,0,0,0,0,0,0,0,0,0,0,0,0,0,0,0,0,0,0,0,0,0,0,0,0,0,0,0,0,0,1,0,0,0,0,0,0,0,0,0,0,0,0,0,0,0,0,0,0,0,0,0,0,0,0,0,0,0,0,0,0,0,112,0,0,0,0,0,0,0,0,0,0,0,0,0,0,1,13,9,12,104,9,47,1,0,0,0,0,0,0,0,0,0,7,29,0,157,53,0,0,1,31,176,834,0,0,3,56,0,0,22,0,0,0,0,5,28,39,169,2436,2303,0,3,2,5,2,0,0,0,0,0,643,150,0
0,0,0,0,0,0,0,0,0,0,2,0,0,3,1,84,0,0,0,0,0,0,0,0,0,0,0,0,0,0,0,0,0,0,0,0,0,0,0,0,0,0,0,0,0,0,0,0,0,0,0,0,0,0,0,0,0,0,0,0,0,0,0,0,0,0,0,0,0,0,0,0,0,0,0,0,0,0,0,0,0,0,0,0,0,0,0,0,0,0,0,0,0,0,109,0,0,0,0,0,0,0,1,0,0,0,0,0,0,0,1,12,15,256,62,0,0,0,0,0,0,0,0,0,0,0,0,0,0,0,0,0,0,0,240,0,179,0,0,0,5,0,22,0,0,0,0,0,0,238,19,0,76,651,0,0,0,1,1,0,0,0,0,0,1,20,0
0,0,16,0,0,1,0,0,0,0,0,36,605,247,70,0,0,0,9,0,0,0,0,0,0,0,0,0,0,0,0,0,0,0,1,0,0,0,0,0,0,0,0,0,0,0,0,0,0,0,0,0,0,0,0,0,0,0,0,0,0,0,0,0,0,0,0,0,0,0,0,0,0,0,0,0,0,0,0,0,0,0,0,0,1,0,0,0,0,0,0,0,0,1,0,0,0,9,213,207,8,0,0,0,64,3,135,285,201,0,3,0,0,0,0,0,6,1,0,1,2,23,0,0,0,0,0,0,0,0,0,68,112,9,0,0,0,123,0,2,0,356,0,0,0,601,1206,0,3,0,0,1,0,0,164,0,2,0,5,12,718,86,0,0,0,0,0
0,0,8,0,0,1,0,0,0,0,0,23,788,121,66,0,0,0,5,0,0,0,0,0,2,0,0,0,0,0,0,0,0,0,1,0,0,0,0,0,0,0,0,0,0,0,0,0,0,0,0,0,0,0,0,0,0,0,0,0,0,0,0,0,0,0,0,0,0,0,1,0,0,0,0,0,0,0,0,0,0,0,0,0,4,0,0,0,1,0,0,0,0,76,0,0,0,90,184,70,1,0,0,0,4,2,15,257,106,0,0,0,0,0,0,0,35,0,0,0,0,1,0,0,0,0,0,0,0,0,0,49,7,0,0,0,0,2,0,50,1,139,0,0,601,0,738,0,0,0,0,0,0,0,252,0,38,0,27,0,19,3,0,0,0,0,0
0,0,42,0,0,4,0,0,0,0,0,334,853,282,115,0,0,0,22,0,0,0,0,0,5,12,5,0,0,0,0,0,2,0,12,0,0,0,0,0,0,0,0,0,0,0,0,1,0,0,0,0,0,0,0,0,0,0,0,0,0,0,0,0,0,0,0,0,0,0,0,2,8,0,0,0,0,0,0,0,0,0,0,0,62,0,0,0,0,0,0,0,0,0,0,0,0,34,79,130,88,1,0,0,7,0,5,312,770,0,0,0,0,0,0,0,0,0,0,1,1,30,0,0,0,0,0,0,0,0,0,43,49,2,0,0,0,95,1,1,0,367,0,0,1206,738,0,0,0,0,0,0,0,0,16,0,0,0,123,6,432,670,0,1,0,0,0
0,0,0,0,0,0,0,0,0,0,0,0,0,2,0,0,0,0,0,0,0,0,0,0,0,0,0,0,0,0,0,0,0,0,0,0,0,0,0,0,0,0,0,0,0,0,0,0,0,0,0,0,0,0,0,0,0,0,0,0,0,0,0,0,0,0,0,0,0,0,0,0,0,0,0,0,0,0,0,0,0,0,0,0,0,0,0,0,0,0,0,0,0,0,0,0,10,0,0,0,0,0,0,0,0,0,0,0,0,0,0,0,0,0,0,0,0,21,49,1,0,0,0,0,0,0,0,0,8,0,3,0,0,71,0,0,0,18,0,0,0,10,0,0,0,0,0,0,301,0,0,0,0,0,0,0,0,0,0,50,7,0,0,0,5,220,0
0,0,0,0,0,2,0,0,0,0,0,116,2,45,18,5,0,0,11,0,0,0,0,0,0,0,0,0,0,0,0,0,0,0,0,0,0,0,0,0,0,0,0,0,0,0,0,0,1,0,0,0,0,0,0,0,0,0,0,0,0,0,0,0,0,0,0,0,0,0,0,0,0,0,0,0,0,0,0,0,0,0,0,0,12,0,0,0,0,0,0,0,0,0,6,0,55,0,0,0,1,2,2,0,0,0,0,2,0,0,0,48,12,2,0,1,0,302,77,454,11,3,43,0,0,0,1,1,3,0,5,0,0,366,0,0,16,987,209,0,68,21,5,0,3,0,0,301,0,99,355,39,35,1,0,0,0,373,32,1705,40,19,0,96,3,1087,28
0,0,0,0,0,1,0,0,0,0,0,0,0,2,0,20,0,0,0,0,0,0,0,0,0,0,0,0,0,0,0,0,0,0,0,0,0,0,0,0,0,0,0,0,0,0,0,0,0,0,0,0,0,0,0,0,0,0,0,0,0,0,0,0,0,0,0,0,0,0,0,0,0,0,0,0,0,0,0,0,0,0,0,1,0,0,0,0,0,0,0,0,0,0,538,0,0,0,0,0,0,0,0,3,0,0,0,0,0,0,0,167,96,204,0,0,0,3,0,5,0,0,1,0,0,0,0,0,0,4,1,0,0,1,176,0,263,0,0,0,8,0,28,238,0,0,0,0,99,0,556,164,200,429,0,0,0,121,1,0,0,0,0,0,6,69,0
0,0,0,0,0,1,0,0,0,0,0,5,0,11,0,29,0,0,8,0,0,0,0,0,0,0,0,0,0,0,0,0,0,0,0,0,0,0,0,0,0,0,0,0,0,0,0,0,0,0,0,0,0,0,0,0,0,0,0,0,0,0,0,0,0,0,0,0,0,0,0,0,0,0,0,0,0,0,0,0,0,0,0,0,17,0,0,0,0,0,0,0,0,0,260,0,0,0,0,0,0,0,0,28,0,0,0,0,0,0,0,71,279,77,3,0,0,1,0,22,0,0,3,0,0,0,1,1,0,1,1,0,0,3,12,0,321,0,0,0,80,0,39,19,0,0,0,0,355,556,0,256,272,271,0,0,0,627,23,1,0,0,0,1,18,145,0
0,0,0,0,0,0,0,0,0,0,0,0,0,1,1,34,0,0,2,0,0,0,0,0,0,0,0,0,0,0,0,0,0,0,0,0,0,0,0,0,0,0,0,0,0,0,0,0,0,0,0,0,0,0,0,0,0,0,0,0,0,0,0,0,0,0,0,0,0,0,0,0,0,0,0,0,0,0,0,0,0,0,0,0,0,0,0,0,0,0,0,0,0,0,56,0,0,0,0,0,0,0,0,0,0,0,0,0,0,0,0,63,5,19,0,0,0,1,0,0,0,0,1,0,0,0,0,0,0,24,5,0,0,2,0,0,32,1,0,0,17,2,169,0,1,0,0,0,39,164,256,0,338,86,0,0,0,17,0,7,0,1,0,0,25,214,0
0,0,0,0,0,0,0,0,0,0,0,1,0,43,1,200,6,0,0,0,0,0,0,0,0,0,0,0,0,0,0,0,0,0,0,0,0,0,0,0,0,0,0,0,0,0,0,0,0,0,0,0,0,0,0,0,0,0,0,0,0,0,0,0,0,0,0,0,0,0,0,0,0,0,0,0,0,0,0,0,0,0,0,0,1,0,0,0,0,0,0,0,0,0,327,0,0,0,0,0,0,0,0,1,0,0,0,0,0,0,7,42,11,307,5,6,1,11,0,2,1,0,0,0,0,0,1,27,0,177,10,0,0,3,12,4,518,1,0,2,32,1,2436,76,0,0,0,0,35,200,272,338,0,592,0,0,0,20,1,5,0,0,0,1,170,513,0
0,1,0,0,0,0,1,0,0,0,0,0,2,259,3,3173,29,0,4,0,0,0,0,0,0,0,0,0,0,0,0,0,0,0,0,0,0,0,0,0,0,0,0,0,0,0,0,0,0,0,0,0,0,0,0,0,0,0,0,0,0,0,2,0,0,0,0,0,1,0,0,0,0,0,0,0,0,0,3,2,0,0,0,0,11,0,0,0,0,0,0,0,0,0,345,0,0,0,0,0,0,0,7,7,0,0,0,0,0,2,41,24,14,729,323,156,1,0,0,0,0,0,0,0,0,0,0,201,0,3,1,0,0,0,68,15,990,0,0,15,228,0,2303,651,0,0,0,0,1,429,271,86,592,0,0,0,0,34,35,0,0,0,0,0,46,135,0
0,0,2,0,0,0,0,0,0,0,0,14,247,114,23,1,0,0,2,0,0,0,0,0,0,0,0,0,0,0,0,0,0,0,0,0,0,0,0,0,0,0,0,0,0,0,0,0,0,0,0,0,0,0,0,0,0,0,0,0,0,0,0,0,0,0,0,0,0,0,0,0,0,0,0,0,0,0,0,0,0,0,0,0,0,0,0,0,0,0,0,0,0,7,0,0,0,30,193,2,0,0,0,0,2,6,11,12,14,0,0,0,0,0,0,0,8,0,0,0,0,0,0,0,0,0,0,0,0,0,0,28,2,0,0,0,0,0,0,71,0,146,0,0,164,252,16,0,0,0,0,0,0,0,0,0,15,0,0,0,0,0,0,0,0,0,0
0,0,37,0,0,0,0,0,5,0,0,0,192,388,0,13,8,145,0,0,0,0,0,0,1,0,0,0,0,0,0,0,0,0,0,0,0,0,0,0,0,0,0,0,0,0,0,0,0,0,0,0,0,0,0,0,0,0,0,0,0,0,0,0,0,0,0,0,0,0,0,0,0,0,0,0,0,0,0,0,0,5,0,0,10,0,0,0,2,0,0,0,0,9,0,0,0,1,103,0,0,0,0,0,0,0,0,0,23,4,115,0,0,0,0,41,120,0,0,0,0,0,0,51,9,0,0,112,0,0,1,0,0,0,0,1,0,0,0,25,54,0,3,0,0,0,0,0,0,0,0,0,0,0,0,0,343,0,9,0,0,0,258,0,0,1,0
0,0,7,0,0,0,0,0,0,0,0,6,597,1160,47,28,17,4,5,0,0,0,0,0,0,0,0,0,0,0,0,0,0,0,0,0,0,0,0,0,0,0,0,0,0,0,0,0,0,0,0,0,0,0,0,0,0,0,0,0,0,0,0,0,0,0,0,0,0,0,0,0,0,0,0,0,0,0,0,0,0,0,0,0,2,0,0,0,0,0,0,0,0,153,0,0,0,17,67,0,0,0,0,0,0,16,0,2,2,10,138,0,0,0,0,43,510,0,0,0,0,0,0,23,0,0,0,127,0,0,0,21,0,0,0,2,0,0,0,626,49,33,2,0,2,38,0,0,0,0,0,0,0,0,15,343,0,0,0,0,0,0,78,0,1,3,0
0,3,0,0,1,4,0,0,0,1,1,46,0,44,8,150,0,0,40,0,0,0,0,0,0,0,0,0,5,0,0,0,0,0,0,0,0,0,2,0,0,0,0,0,0,2,0,0,1,0,0,0,0,0,0,0,0,0,0,0,1,0,124,0,0,0,0,0,0,0,0,0,0,0,1,1,8,0,0,0,0,0,0,305,482,0,0,0,0,0,0,0,0,0,34,0,0,0,0,0,2,6,97,110,0,0,0,0,0,0,0,14,141,14,1,96,0,3,0,90,0,0,169,0,0,0,0,0,1,0,0,0,0,23,12,0,1219,0,0,0,187,0,5,1,0,0,0,0,373,121,627,17,20,34,0,0,0,0,729,0,0,0,0,255,12,280,5
1,221,123,35,24,43,54,0,1,31,0,129,113,25,16,75,0,26,54,12,0,10,0,3,138,71,140,0,7,2,2,0,2,2,64,0,0,0,4,0,0,1,1,0,0,26,1,6,12,0,0,0,2,0,0,0,0,0,3,37,3,0,284,28,218,0,5,9,0,0,25,49,111,0,54,0,13,2,1,2,0,2,7,278,2483,21,8,47,22,83,1,2,1,0,0,50,0,10,1215,1146,2061,619,111,2,0,0,0,1,219,0,0,0,2,0,1,56,0,0,0,3,0,4,72,0,24,0,0,2,0,0,0,0,1,14,5,0,507,82,906,0,10,2,2,1,5,27,123,0,32,1,23,0,1,35,0,9,0,729,0,21,1,35,16,1725,0,17,0
0,0,0,0,0,7,0,0,0,0,1,284,7,166,48,0,0,0,23,0,0,0,0,0,0,0,0,0,0,0,0,0,0,0,0,0,0,0,0,0,0,0,0,0,0,0,0,0,0,0,0,0,0,0,0,0,0,0,0,0,0,0,0,0,1,0,0,0,0,0,0,0,0,0,0,0,0,0,0,0,0,0,0,0,6,0,0,0,0,0,0,0,0,0,0,22,515,0,0,0,1,0,0,0,1,0,0,1,0,0,0,0,1,0,0,0,0,29,242,136,441,204,10,0,0,0,0,0,5,0,1,0,0,519,0,0,2,3507,173,0,0,113,0,0,12,0,6,50,1705,0,1,7,5,0,0,0,0,0,21,0,163,190,0,1,1,256,1
0,0,1,0,1,1,0,0,0,0,0,9,14,39,15,0,0,0,9,0,0,0,0,0,0,0,0,0,0,0,0,0,0,0,1,0,0,0,0,0,0,0,0,0,0,0,0,0,0,0,0,0,0,0,0,0,0,0,0,0,0,0,0,0,0,0,0,0,0,0,0,0,0,0,0,0,0,0,0,0,0,0,0,0,2,0,0,0,0,0,0,0,0,0,0,0,37,0,0,95,41,0,0,0,58,0,1,79,75,0,0,0,0,0,0,0,0,7,7,0,10,121,0,0,0,0,0,0,3,0,0,1,21,74,0,0,0,489,0,0,0,234,0,0,718,19,432,7,40,0,0,0,0,0,0,0,0,0,1,163,0,378,0,0,0,23,0
0,0,1,0,0,9,0,0,0,0,1,206,82,86,163,0,0,0,44,0,0,1,0,0,0,0,10,0,0,0,0,0,0,0,1,0,0,0,0,0,0,0,0,0,0,0,0,0,0,0,0,0,0,0,0,0,0,0,0,0,0,0,0,0,0,0,0,0,0,0,0,0,0,0,0,0,0,0,0,0,0,0,0,0,13,0,0,1,0,0,0,0,0,0,0,6,0,0,0,1,33,0,0,0,0,0,0,74,106,0,0,0,0,0,0,0,0,1,0,3,24,158,0,0,0,0,1,0,0,0,0,0,0,0,0,0,0,686,2,0,0,37,0,0,86,3,670,0,19,0,0,1,0,0,0,0,0,0,35,190,378,0,0,0,1,2,0
0,0,52,0,0,0,0,0,1,0,0,0,420,50,2,0,0,78,0,0,0,0,0,0,1,0,0,0,0,0,0,0,0,0,0,0,0,0,0,0,0,0,0,0,0,0,0,0,0,0,0,0,0,0,0,0,0,0,0,0,0,0,0,0,0,0,0,0,0,0,0,0,0,0,0,0,0,0,0,0,0,3,2,0,14,0,0,0,11,0,0,0,0,10,0,0,0,2,376,0,0,0,0,0,0,0,0,0,42,0,2,0,0,0,0,0,4,0,0,0,0,0,0,7,10,0,0,2,0,0,0,0,0,0,0,0,0,0,0,3,0,0,0,0,0,0,0,0,0,0,0,0,0,0,0,258,78,0,16,0,0,0,0,0,0,0,0
0,1,0,0,0,1,0,0,0,0,0,126,0,15,9,5,0,0,3,0,0,0,0,0,0,0,0,0,0,0,0,0,0,0,0,0,0,0,0,0,0,0,0,0,0,2,0,0,1,0,0,0,0,0,0,0,0,0,0,0,0,0,0,0,2,0,0,0,0,0,0,0,0,0,6,0,0,0,0,0,0,0,0,1,117,0,0,0,0,10,0,0,0,0,0,0,0,0,5,172,568,212,34,0,0,0,0,0,0,0,0,0,0,0,0,11,0,0,0,9,0,0,379,0,0,0,2,0,5,0,0,0,0,112,0,0,76,0,269,0,28,0,0,0,0,0,1,0,96,0,1,0,1,0,0,0,0,255,1725,1,0,0,0,0,0,77,19
0,0,0,0,0,0,0,0,0,0,0,3,1,30,1,163,34,2,10,0,0,0,0,0,0,0,0,0,0,0,0,0,0,0,0,0,0,0,0,0,0,0,0,0,0,0,0,0,0,0,0,0,0,0,0,0,0,0,0,0,0,0,0,0,0,0,1,0,0,0,0,0,0,0,0,0,0,0,0,0,0,0,0,0,1,0,0,0,0,0,0,0,0,0,8,0,1,0,0,0,0,0,0,0,0,0,0,0,0,0,10,4,0,0,0,3,3,2,0,1,0,0,1,0,0,0,4,10,0,94,220,0,0,26,1,72,185,0,0,1,47,3,643,1,0,0,0,5,3,6,18,25,170,46,0,0,1,12,0,1,0,1,0,0,0,936,0
0,0,0,0,0,2,0,0,0,0,0,30,5,109,8,133,16,0,7,0,0,0,0,0,0,0,0,0,0,0,0,0,0,0,0,0,0,0,0,0,0,0,0,0,0,0,0,0,0,0,0,0,0,0,0,0,0,0,0,0,0,0,0,0,0,0,0,0,0,0,0,0,0,0,0,0,0,0,0,0,0,0,0,0,2,0,0,0,0,0,0,0,0,0,13,0,36,0,0,0,0,0,0,0,1,0,0,0,0,12,19,91,6,5,0,10,3,186,71,38,2,6,19,0,0,3,229,51,120,29,613,0,0,1011,17,13,692,126,35,4,609,104,150,20,0,0,0,220,1087,69,145,214,513,135,0,1,3,280,17,256,23,2,0,77,936,0,138
0,0,0,0,0,0,0,0,0,0,0,1,0,2,0,0,0,0,0,0,0,0,0,0,0,0,0,0,0,0,0,0,0,0,0,0,0,0,0,0,0,0,0,0,0,0,0,0,0,0,0,0,0,0,0,0,0,0,0,0,0,0,0,0,0,0,0,0,0,0,0,0,0,0,0,0,0,0,0,0,0,0,0,0,1,0,0,0,0,0,0,0,0,0,0,0,0,0,0,0,0,0,0,0,0,0,0,0,0,0,0,3,0,0,0,0,0,0,1,1,1,0,6,0,0,8,59,1,27,0,0,0,0,210,0,0,0,0,0,0,80,0,0,0,0,0,0,0,28,0,0,0,0,0,0,0,0,5,0,1,0,0,0,19,0,138,0
