0	6.9554071	884.94769	72.058121	2.3867903	235.87279	20900.293	2938.321	186.71024	578.18463	93.830276	79.303734	15.173825	36510.391	16.694477	11.667337	2097.6704	73.723419	422.26135	71.840111	476.54498	26.049248	1940.2974	476.3468	1.5534389	702.86951	307.31329	1123.3837	28198.441	17335	2.6330431	44.303123	329.73907	637.32642	4.5611429	450.54785	140.8304	704.66895	46.657074	56.28616	10.331523	1.3625377	128.06366	14.065602	80.805504	11.455988	35.359798	3.8763621	0.5733043	4.9028888	3.4233761	23.909197	4.1651788	0.16178182	5.8308825	52.595837	18.302721	47.315655	13.565689	1.9279826	5.3845482	0.92978013	21.587622	1.8957585	23.482254	6.2554045	0.8017301	2.7077465	5.4287987	37.276989	17.661531	24.078671	243.94229	0.50817877	19.93187	72.124382	254.17363	44.711658	55.813	0.48954433	0.75191039	5.849474	20.244261	4.8620796
6.9554071	0	592.20392	4.0778518	13.341724	17.001003	47.404778	32.080414	3080.5151	13.135278	856.13708	31.304798	4519.3179	45.401958	157.07835	610.60931	1245.4749	117.34805	440.35211	4.6965032	69.387733	9039.4688	347.72714	5927.6099	14340.817	2755.8704	52669.074	247.85678	50.253101	38.038116	565.3515	14.353078	4.3150792	594.33948	35.822323	2835.1992	1830.8074	2543.916	110.72501	106.20786	3.7411296	2433.0332	785.71283	658.1825	499.04065	81.36116	16.550014	1.7494872	183.83774	3.4467099	1337.5385	580.5401	1.330487	0.21813542	2.3845751	40.509964	12.826268	31.499161	4.1660771	182.31531	1.7286135	941.93225	19.458511	1.7029899	75.721207	367.34448	47.474091	180.22227	1.562924	28.269976	134.37173	226.67419	115.44279	284.21719	1608.2649	6816.4268	63.687576	13.724753	27.647581	268.10999	1.4434379	1.1830809	81.97065	40.10532
884.94769	592.20392	0	56.654907	6.057476	1162.1982	14446.134	5579.9663	299.24918	1014.8527	203.79222	59.126026	29.900637	5419.8022	21.067642	261.0546	44672.281	381.78098	3160.0522	35.145794	10815.569	266.77274	97647.203	1111.125	19.055838	91599.234	116051.02	7579.917	1373.8297	5496.061	24.749735	32.440887	99.239761	1944.6078	223.41592	13812	10130.63	10886.047	704.08997	317.78751	25.281521	2.4267571	2691.2454	1161.9688	1531.126	325.85342	95.594147	7.2856598	2.8725848	28.611658	907.49835	7680.3862	3.8600786	0.55765843	20.12063	497.18692	141.40231	61.637207	26.80476	21.949566	5.5609169	21.45401	198.01935	5.1474862	438.11856	2130.3088	57.997772	441.91846	4.8088231	259.50082	366.25772	3557.8882	462.99646	32.148174	3135.1592	18583.457	449.62167	70.12661	225.82811	20.812056	1.001663	6.9048867	230.06743	198.27939
72.058121	4.0778518	56.654907	0	135.07204	2120.7058	1678.828	1009.2996	6680.2065	36459.016	70.879387	24790.719	50.811646	884.44489	1683.3091	2.5949106	23.566225	15.813823	12.157871	130534.91	14.085544	13.020858	32.856224	21682.604	2.6015713	55.913986	48.714611	66835.289	1254.9152	58.809956	3.4176652	70.754013	82.241096	440.6907	85.951385	2840.6675	38.302319	1869.9661	232.75038	2148.7559	111.60719	3.2782204	317.30362	7.620481	356.38739	24.725653	401.19501	19.85038	2.8204994	7.7183514	3.7041276	5.4837213	1375.6812	12.03415	358.15747	459.83771	235.36646	879.81854	2501.364	14.581177	1074.4969	1.7464958	131.56979	91.545143	5.2562318	1.4647986	2.6095514	1.1606505	1338.4094	7.026298	11.456755	9.5732441	2498.2075	0.74343872	5.7076473	20.745907	3309.8259	139.01074	22.081543	0.65438521	7.7189503	10.345634	92.766182	18.567049
2.3867903	13.341724	6.057476	135.07204	0	2487.9951	73.136055	170.16298	423.99435	178.73592	29.224253	544.36768	55.07745	31.456127	5370.0571	1.5650874	5.7229347	3.8571842	3.2092574	127.06951	4.4292426	28.231195	11.166928	479.56192	6.539422	12.016031	51.847355	195.5761	81.964928	8.8148718	1.6056006	1904.4603	3.5581324	2273.4463	158.03253	275.38434	6.8961205	249.29184	48.936287	14219.766	3924.1516	3.0255818	11.201734	1.3818779	6.8190894	3.8689842	14.059792	0.44639018	0.62964857	0.20203377	0.4995102	0.69812006	10.406746	2.7567151	4.7162104	5.6256838	2.8637071	9.1159344	18.004347	0.28808674	16.191307	0.74390084	1.9204193	5.4414387	1.3545653	0.2036922	0.060895301	0.11064633	12.209589	1.4505936	1.5705314	1.8766673	29.340612	0.20046639	1.0484822	3.7249649	30.804541	2.3221853	1.6552192	0.1607285	0.13496247	0.25015968	1.6955183	76.295349
235.87279	17.001003	1162.1982	2120.7058	2487.9951	0	18634.67	39163.129	1991.0909	94697.703	448.32721	48798.262	336.18933	4498.8481	8950.4326	6.876668	569.37036	112.94453	198.70811	4601.0254	361.05276	36.141285	948.75262	2359.7151	13.278341	859.48511	320.03375	11673.22	2387.6489	653.35046	21.259626	2411.5884	99.097343	1612.4441	98.014702	4285.9062	146.52124	4770.8252	857.96997	17137.186	3009.2144	32.007828	386.98804	21.391182	385.52972	38.390804	262.90472	21.972666	7.6129274	14.047953	7.5736709	34.527206	379.84906	5.4182897	229.57387	444.62244	263.67487	307.93689	988.11591	17.454098	429.27219	6.0622935	155.22513	41.585606	18.964247	9.5190849	3.4476948	3.4494069	435.90314	23.106123	19.477968	44.700035	1557.5989	2.1292937	23.508007	102.45783	1750.16	169.53712	79.49868	1.9120424	7.6628203	15.975996	101.42221	22.123287
20900.293	47.404778	14446.134	1678.828	73.136055	18634.67	0	36406.094	2417.9045	79827.18	385.42987	1467.0175	172.23381	67963.32	551.19611	122.34909	4213.7144	180.19026	770.09003	738.85815	7970.249	197.31508	14036.868	11652.422	10.512541	5903.7974	3615.7593	203435.56	15599.909	62958.688	19.418158	283.59698	1666.4211	3470.6089	375.52048	16371.443	1329.9075	13625.369	1778.0334	2461.1829	390.33209	11.358177	1487.7181	127.54207	1154.3024	144.60295	523.73303	60.825592	6.8085032	46.571697	39.447536	375.5907	328.38651	3.4237156	220.85152	1090.7855	399.49094	631.35883	927.12122	35.630508	284.29837	6.9550543	326.74585	41.118439	241.04422	92.988243	10.183566	24.516472	369.26373	216.06825	128.51625	611.00928	3516.9192	3.5234354	170.85237	1117.6312	3920.6292	494.08841	426.50406	3.6402037	14.245372	56.883755	279.3457	128.01682
2938.321	32.080414	5579.9663	1009.2996	170.16298	39163.129	36406.094	0	1201.5562	29896.871	607.91492	7279.5977	309.02164	53339.547	723.82904	26.451759	5327.7075	296.62711	1366.797	2270.9622	1739.5917	67.40567	6482.0205	3065.2576	14.789694	3953.5288	1297.6572	7169.7119	3729.386	7959.9409	22.082081	2094.8711	158.54482	1748.3933	53.202297	3688.0164	484.48477	4161.4102	937.5625	4463.5044	1057.9301	36.229916	834.22211	57.891296	732.39288	81.345802	351.55249	40.723106	8.9202271	36.426693	21.547993	139.82822	192.29257	2.9264677	182.33713	814.71564	433.35425	405.79425	612.99506	29.585844	216.49055	8.5343037	296.85114	28.509657	61.51408	35.822586	6.4727602	12.767934	228.52264	82.159798	54.216434	139.87196	2466.814	3.9383404	84.009659	396.13943	2394.8577	346.82718	263.84131	3.2099667	12.97205	35.645218	187.87729	34.398273
186.71024	3080.5151	299.24918	6680.2065	423.99435	1991.0909	2417.9045	1201.5562	0	6113.5137	272.45605	8403.4287	903.42627	878.07935	4941.9912	538.14349	392.46606	63.676914	151.98584	4434.0068	336.04868	13778.198	545.38531	68563.531	1801.853	967.29987	10557.601	12589.348	1703.3168	1524.4766	169.91328	85.328178	326.15805	626.27502	106.67015	4940.1919	604.4964	2418.4492	556.20892	6276.1509	140.94626	341.03461	1177.7509	220.53436	788.32458	138.08537	481.04288	41.113716	81.950478	62.536396	126.17525	263.76126	775.78162	10.852282	227.15593	827.49652	283.85977	2723.3914	1367.8396	82.89286	616.93237	266.62161	283.18256	83.209267	397.59848	110.35271	32.319202	87.958588	673.00098	272.2482	431.57953	446.20023	5012.6274	100.83413	579.8186	1560.4535	3737.8247	479.59177	497.35806	80.589668	10.587126	54.619297	206.58125	70.300964
578.18463	13.135278	1014.8527	36459.016	178.73592	94697.703	79827.18	29896.871	6113.5137	0	612.828	53964.422	293.19534	16936.012	1402.653	9.0480585	357.33548	151.88145	158.35048	68197.734	307.50626	25.793522	691.91919	5033.8364	13.056678	749.15369	332.82376	75022.922	9497.9912	534.74323	27.882921	477.99405	267.72171	3448.0635	370.67987	15303.717	265.34378	13685.537	1258.5698	4219.6826	793.25293	18.823763	979.01575	34.473999	1144.9586	87.966652	796.64343	62.743477	10.7538	27.78754	10.444676	37.522316	2368.249	17.749786	915.4928	1373.2616	810.46448	1388.9535	6067.4053	47.580406	2004.0255	8.0747528	429.53857	149.32312	24.141708	9.6537876	7.844368	4.7701073	2631.2539	29.792742	33.045631	54.599979	5653.0029	3.0457199	29.151207	121.01131	7488.8984	459.03677	93.677574	2.3455677	22.649227	37.002235	303.84409	88.588448
93.830276	856.13708	203.79222	70.879387	29.224253	448.32721	385.42987	607.91492	272.45605	612.828	0	744.39569	8166.4346	1424.936	53.957325	43.599422	3032.2856	27966.621	12828.205	208.42989	304.58569	271.23779	691.81396	289.11325	1824.7864	18634.918	3871.051	320.4866	2177.4741	266.71988	2085.5457	1010.7745	39.484676	20158.41	24.835548	2376.938	12500.696	25311.576	543.18036	307.52802	67.47216	2448.1956	128.86769	1657.8625	257.15381	17.326321	23.046347	1.8234249	720.15155	2.0186989	316.57712	36.323013	4.3618512	0.51201999	5.0873351	37.754078	12.064043	78.440338	13.383141	778.3739	7.5972567	3470.7029	15.918408	4.2253547	17.081511	24.115587	203.6304	68.097069	5.8704906	10.903175	78.358818	28.341581	177.1501	654.66534	1425.644	2147.1824	115.00098	28.523275	18.817211	899.98291	9.1804657	1.7391781	101.19871	12.653935
79.303734	31.304798	59.126026	24790.719	544.36768	48798.262	1467.0175	7279.5977	8403.4287	53964.422	744.39569	0	395.38553	4625.5459	8074.6655	1.9662367	66.051163	167.78145	104.75293	76290.961	18.965433	62.410698	57.409313	8933.4736	24.984201	300.61017	188.56407	12413.73	3494.0962	101.00808	36.550259	664.8269	31.826328	2297.4346	305.91357	6481.5332	122.91262	7816.4312	629.92987	10651.171	536.09576	28.98028	324.98203	14.83073	316.03024	26.82353	507.56271	18.585358	8.2616806	7.6418138	5.1245279	5.0661545	1024.4719	17.494747	352.47726	348.62692	215.83546	579.73517	1906.8186	15.773011	1293.9767	8.6952286	122.13506	113.34769	6.3959789	1.7355516	2.9780669	1.704663	1092.8158	8.7920027	12.880738	10.407139	1695.7317	2.758306	14.154075	28.920866	2224.8184	126.41424	29.360435	2.616617	8.0669374	10.245833	84.675232	24.360823
15.173825	4519.3179	29.900637	50.811646	55.07745	336.18933	172.23381	309.02164	903.42627	293.19534	8166.4346	395.38553	0	369.03995	78.139198	22.857317	42.074654	293.63544	88.852951	118.45888	30.242708	1332.0154	55.10379	808.06415	16497.26	1819.5851	18842.461	218.5473	537.88025	53.333809	4691.6348	658.71796	3.2408042	3018.0037	227.394	4205.3125	5330.5405	6108.9204	3833.2668	799.87433	1453.6368	4341.1064	637.96973	3283.4504	590.61792	282.31415	128.38289	23.68391	1474.2189	2.5526297	772.65393	15.310936	10.596611	1.7658714	14.773986	44.437626	25.992401	153.05247	33.511013	1651.2561	21.964745	9796.2383	34.977116	11.461998	11.602365	20.723764	281.72714	82.954071	16.831278	8.9210234	196.42342	16.768564	219.87337	2183.1628	2525.3032	4921.4629	116.13049	55.463478	22.289755	2220.7263	23.357578	1.7145989	241.1808	111.59945
36510.391	45.401958	5419.8022	884.44489	31.456127	4498.8481	67963.32	53339.547	878.07935	16936.012	1424.936	4625.5459	369.03995	0	250.547	36.531277	7620.4204	525.78088	1825.1115	1785.9808	2035.0992	92.333534	8272.9951	2284.042	30.295219	4163.6777	1568.5668	6620.4839	35112.977	24271.621	48.386448	1309.9794	293.8956	3562.9651	46.485687	3770.7263	620.71179	5730.9497	716.37183	1761.7349	572.35999	41.56905	627.09973	68.322655	468.03702	59.050236	222.21413	24.441544	9.9505148	27.371365	21.120377	133.20912	76.065781	1.3256639	68.99025	442.35895	173.47575	256.84033	228.00877	14.26125	85.150162	16.818546	157.51459	14.793377	80.69194	32.920147	4.5099525	12.982257	90.505333	118.80266	62.008858	128.34402	1517.5299	6.2321281	103.3326	406.13931	1500.5787	240.74947	259.53006	6.0138884	5.6035614	27.101665	115.23682	25.91391
16.694477	157.07835	21.067642	1683.3091	5370.0571	8950.4326	551.19611	723.82904	4941.9912	1402.653	53.957325	8074.6655	78.139198	250.547	0	13.644429	29.628376	11.259826	11.611314	1414.1091	61.315323	372.7421	62.898651	6409.396	78.32666	57.742142	622.69006	2338.6462	297.41037	83.369995	9.4004669	699.25	38.797153	217.37967	578.3009	1726.6084	47.595428	640.74896	218.35056	17804.99	447.97305	15.093478	131.03845	10.235477	58.426666	19.334526	87.587067	5.0037479	2.5818665	2.173141	4.6878819	6.5080152	81.096413	5.7295122	34.868656	51.821564	24.101357	82.00927	140.46426	3.3818171	110.31757	7.9643364	17.182228	30.379068	15.237809	2.4736173	0.76945984	1.3379979	87.419403	15.599268	17.687067	12.920001	258.30908	1.8086778	13.04847	40.054436	269.8403	24.361862	16.905579	2.3331184	1.078621	2.7430241	14.249812	272.96384
11.667337	610.60931	261.0546	2.5949106	1.5650874	6.876668	122.34909	26.451759	538.14349	9.0480585	43.599422	1.9662367	22.857317	36.531277	13.644429	0	606.28662	28.17182	160.55798	1.3420131	23647.223	19240.207	33639.648	11949.38	49.628159	490.82895	31988.918	6483.0176	100.73765	678.28741	5.719624	0.6045689	35.057583	458.69025	144.84001	13963.037	2771.1118	3904.5989	1304.7915	505.57932	9.3521242	4.9536052	1844.9243	480.47223	879.96899	455.46255	155.20143	4.9632874	3.0181165	32.451866	114.40122	524.19025	2.568326	0.88985443	10.76197	261.53412	58.743927	93.217033	16.151064	8.2552109	4.1630034	5.6965036	103.94989	11.633941	15772.326	156.47464	10.492025	43.719006	2.6538763	4153.7891	3952.8164	15576.704	2047.8694	5.2305689	163.95305	5679.0869	1645.0406	236.55582	1125.0323	3.0332503	0.72330296	37.270981	160.17061	127.80637
2097.6704	1245.4749	44672.281	23.566225	5.7229347	569.37036	4213.7144	5327.7075	392.46606	357.33548	3032.2856	66.051163	42.074654	7620.4204	29.628376	606.28662	0	3357.655	43086.73	29.600756	5447.9814	641.97864	49091.617	1449.2347	41.332752	39878.418	46583.246	2410.0352	7226.3613	11952.027	37.196953	49.857716	633.854	18241.09	77.226601	6921.0474	8820.9365	14007.628	433.16153	176.41563	15.171546	3.4077172	1209.1759	662.44348	722.2915	131.17003	39.126652	3.2669723	3.0880799	9.4043341	646.60516	2542.2649	1.4734434	0.20666714	6.2112617	150.82782	41.447491	40.25906	8.3518105	16.421942	2.2110958	32.597878	57.167885	2.2609942	237.38483	1021.9608	49.33802	381.91974	1.9622757	150.88046	177.44359	937.21606	240.15385	39.345535	2780.5427	8949.0371	207.74677	31.785091	107.77424	32.354492	0.39169532	4.1831393	110.72384	71.782623
73.723419	117.34805	381.78098	15.813823	3.8571842	112.94453	180.19026	296.62711	63.676914	151.88145	27966.621	167.78145	293.63544	525.78088	11.259826	28.17182	3357.655	0	23582.34	49.102032	203.29402	42.426094	503.66571	79.212975	197.65054	23517.057	3229.2952	119.27574	631.21204	249.88531	389.47318	143.97847	31.924713	4035.7371	28.755816	3362.6982	10832.447	13431.359	461.62338	73.857414	7.560627	94.425842	125.21041	417.95276	151.33633	16.934763	5.6845603	0.40555495	21.655849	0.85343695	73.635925	55.880791	0.57516998	0.041769523	0.85001075	11.21957	2.5614972	12.176738	2.0343451	152.27386	1.4241716	548.29059	4.2615719	0.55426157	10.699587	39.669277	166.75781	110.4123	1.0900896	7.2648354	14.100238	25.05204	37.012207	135.31342	1598.427	1754.9674	25.040388	4.6507888	8.4297142	387.07571	0.63527852	0.4971903	20.709681	16.691669
422.26135	440.35211	3160.0522	12.157871	3.2092574	198.70811	770.09003	1366.797	151.98584	158.35048	12828.205	104.75293	88.852951	1825.1115	11.611314	160.55798	43086.73	23582.34	0	33.457462	1118.5426	145.41112	3085.3723	272.31171	176.44467	53397.395	11782.516	414.41037	1911.9969	1582.1301	112.7079	73.020584	168.79469	13152.405	56.334976	7258.8477	9726.3506	18110.436	546.7381	77.984573	7.466177	7.8543124	460.41306	458.03448	353.35995	51.137383	10.670274	0.96701199	7.1009164	3.0338004	247.60704	422.59958	0.56833649	0.047585499	1.4636012	34.309956	8.6834879	16.683521	2.4802122	49.417999	1.2614367	148.11794	14.299222	0.89592153	53.967968	285.02167	134.21452	417.01779	0.9460361	36.706985	36.62431	142.91013	60.620018	124.55061	3108.3003	4087.7239	43.721703	9.6505327	31.958904	144.57764	0.33904734	1.0624411	51.432568	40.437248
71.840111	4.6965032	35.145794	130534.91	127.06951	4601.0254	738.85815	2270.9622	4434.0068	68197.734	208.42989	76290.961	118.45888	1785.9808	1414.1091	1.3420131	29.600756	49.102032	33.457462	0	12.057876	8.7020559	31.367962	6099.1138	5.5085182	93.739288	47.399967	29600.615	1782.0962	60.608562	9.4080782	150.3306	39.468441	761.52295	113.50326	3808.3958	56.773361	2904.3835	278.38638	2706.5115	213.00227	8.3241415	371.55707	11.45392	410.58939	30.00692	452.7529	23.901789	5.4892159	10.929513	4.8630557	5.3687677	1408.2587	14.053085	418.37186	558.48187	293.79492	694.22205	2887.292	20.093204	1234.7593	3.6653907	168.95573	101.06242	5.1214943	1.7351595	4.1525846	1.847486	1490.8242	8.1525192	12.861368	11.050624	2577.7185	1.3160449	9.5338497	21.953615	3505.6335	170.11917	34.877048	1.3601644	9.608161	12.162006	109.40356	25.425035
476.54498	69.387733	10815.569	14.085544	4.4292426	361.05276	7970.249	1739.5917	336.04868	307.50626	304.58569	18.965433	30.242708	2035.0992	61.315323	23647.223	5447.9814	203.29402	1118.5426	12.057876	0	1649.3853	210222.86	1824.7954	8.8287201	2249.4453	7981.0176	49860.324	2525.3157	85520.844	4.1310949	12.745742	964.18506	20182.406	460.02652	48806.004	7418.1558	43442.414	6967.1724	2381.5532	38.180489	2.0945096	1159.5964	332.29636	597.80768	186.54642	139.37976	8.5776768	3.4301624	68.968109	38.709167	316.52701	4.4679189	1.0099264	13.731042	297.75156	94.759254	132.43555	23.241743	8.9988298	7.9170575	2.7396791	192.96715	14.215086	4575.5361	117.89115	10.069653	40.117825	5.6406212	4726.1694	1234.6576	4290.4678	2337.676	3.3807771	130.55276	1422.0079	2256.5605	523.86115	2181.6897	1.8516015	1.4414784	81.849541	209.22318	195.70982
26.049248	9039.4688	266.77274	13.020858	28.231195	36.141285	197.31508	67.40567	13778.198	25.793522	271.23779	62.410698	1332.0154	92.333534	372.7421	19240.207	641.97864	42.426094	145.41112	8.7020559	1649.3853	0	3479.2012	39116.117	3430.332	866.56982	30792.551	2582.1638	226.66216	616.03955	230.58438	8.2869987	49.840504	367.13852	57.469913	3750.8757	1025.5793	1996.7886	255.77477	294.12421	7.8453102	573.89087	884.71594	320.09531	430.60364	153.29819	77.730103	4.962606	44.387669	21.01284	246.56618	401.15192	4.7123556	0.76389623	7.7034025	131.28751	35.629864	239.65234	15.625181	62.352398	5.7738013	312.67072	63.803543	9.0330763	3311.9004	117.88781	16.44791	43.191341	5.2516932	869.29327	2270.4636	2358.875	1435.5343	70.657806	389.49603	4181.2251	889.86499	160.38866	410.49677	94.773888	1.1306708	22.433409	83.432449	59.053936
1940.2974	347.72714	97647.203	32.856224	11.166928	948.75262	14036.868	6482.0205	545.38531	691.91919	691.81396	57.409313	55.10379	8272.9951	62.898651	33639.648	49091.617	503.66571	3085.3723	31.367962	210222.86	3479.2012	0	3452.5212	12.353702	13236.844	95129.844	23159.311	4635.5308	33583.113	12.407815	39.56966	581.94818	21250.631	1280.8251	101648.02	30983.857	64579.621	13816.683	5503.5928	101.4113	3.8789055	3791.4612	967.86731	2118.1885	964.53851	297.1275	12.399769	6.6295991	32.485004	322.89804	4464.9468	5.890697	1.1020139	29.749691	719.77356	141.95175	80.830215	41.321148	15.291215	8.6244507	8.1670008	185.83856	12.096992	14510.655	665.07794	25.16921	121.91499	7.3875527	3813.8164	2750.1931	29322.988	1595.1582	10.118007	608.30841	21218.861	1720.9478	158.5099	794.79688	7.700141	1.2700113	25.501736	279.17102	698.4975
476.3468	5927.6099	1111.125	21682.604	479.56192	2359.7151	11652.422	3065.2576	68563.531	5033.8364	289.11325	8933.4736	808.06415	2284.042	6409.396	11949.38	1449.2347	79.212975	272.31171	6099.1138	1824.7954	39116.117	3452.5212	0	1977.7499	1948.2987	31946.236	60918.258	5398.9185	4917.873	161.85893	139.76839	1335.0552	2159.2371	342.59763	16759.141	1845.8877	8875.2666	1403.1765	5060.4775	227.3811	273.64227	6084.5142	593.66064	4345.3066	563.86938	2036.7472	230.4285	35.628754	333.79691	225.58725	598.16571	1518.6697	20.244286	806.16107	4406.8179	1591.7799	4834.5771	3445.3252	179.14267	1212.0908	186.99809	1611.8268	213.37054	3387.3174	228.8159	50.468052	92.336426	1495.6616	2859.0581	2403.1465	2328.3564	22492.48	49.595062	550.44464	3135.7871	18443.85	2910.436	3730.5732	66.570801	57.347038	336.52927	1165.5989	316.48795
1.5534389	14340.817	19.055838	2.6015713	6.539422	13.278341	10.512541	14.789694	1801.853	13.056678	1824.7864	24.984201	16497.26	30.295219	78.32666	49.628159	41.332752	197.65054	176.44467	5.5085182	8.8287201	3430.332	12.353702	1977.7499	0	1897.5081	31039.1	53.006592	42.927727	6.7120824	1096.8218	26.464388	1.1010761	625.42413	3.7522826	336.33945	1707.7755	1259.0292	33.900227	59.898548	2.2141066	3155.4529	213.66566	965.2655	338.30444	30.216778	7.8189597	0.43878004	459.19678	0.87305635	453.44016	28.310892	0.92229664	0.29672492	1.2714354	7.3354344	3.4940193	32.444088	2.8848679	412.03403	2.2801778	2660.4312	8.2304173	1.861305	7.2243128	36.491932	119.96502	121.19033	1.3906838	6.2332993	43.92939	12.424464	45.660698	1161.7476	2301.5359	4394.439	15.764136	11.71169	7.6865945	758.4458	4.2818098	0.38086313	74.249947	6.1137538
702.86951	2755.8704	91599.234	55.913986	12.016031	859.48511	5903.7974	3953.5288	967.29987	749.15369	18634.918	300.61017	1819.5851	4163.6777	57.742142	490.82895	39878.418	23517.057	53397.395	93.739288	2249.4453	866.56982	13236.844	1948.2987	1897.5081	0	150913.97	2516.4976	2308.292	2651.0557	3402.6707	233.98949	132.90161	7748.8535	230.04094	26607.668	43787.828	39057.871	1657.3246	292.03586	29.073744	312.6124	4118.7793	4799.0967	3456.5942	473.93701	75.033897	7.1074028	158.0834	29.890638	2689.1099	3497.7288	3.2711859	0.92290068	12.591084	313.36148	81.817993	204.2968	19.704954	1010.1095	11.385845	4614.8057	151.23077	11.011566	197.25252	2644.9163	1582.9266	3557.5127	6.1964016	157.06091	310.38367	737.70471	460.96729	2366.7263	31510.039	45224.215	227.04503	91.841721	255.79813	2906.9404	8.0711718	6.6926556	500.54681	218.39229
307.31329	52669.074	116051.02	48.714611	51.847355	320.03375	3615.7593	1297.6572	10557.601	332.82376	3871.051	188.56407	18842.461	1568.5668	622.69006	31988.918	46583.246	3229.2952	11782.516	47.399967	7981.0176	30792.551	95129.844	31946.236	31039.1	150913.97	0	16597.279	1221.621	1705.0065	8974.9053	87.6819	133.1993	12386.952	1662.238	105585.79	32436.553	78546.875	5631.625	2229.6753	115.38654	483.75613	16028.407	7876.7163	9987.6777	2195.45	467.66721	32.830189	288.05698	95.144943	11295.612	18149.301	12.655398	3.0212028	57.307468	1588.5718	384.75397	437.63663	83.706017	1106.9955	22.100275	6100.6895	596.94373	31.133963	6763.8081	7526.5112	1416.1733	4282.7036	15.052857	1377.1121	4831.7017	20960.355	2319.436	3995.8701	38855.926	135821.45	1778.2512	234.44641	763.38049	3606.2344	10.941753	20.602491	1310.0238	1335.9949
1123.3837	247.85678	7579.917	66835.289	195.5761	11673.22	203435.56	7169.7119	12589.348	75022.922	320.4866	12413.73	218.5473	6620.4839	2338.6462	6483.0176	2410.0352	119.27574	414.41037	29600.615	49860.324	2582.1638	23159.311	60918.258	53.006592	2516.4976	16597.279	0	14777.479	70816.789	17.745981	208.88226	4213.9741	8507.6396	848.98175	41098.586	3010.3984	29014.412	4711.8125	5279.5547	483.24457	18.384808	4620.3457	398.12241	3365.5225	429.29868	1762.9634	188.21297	20.229717	306.34122	94.206657	494.47055	2214.0903	21.505951	917.41071	4251.6812	1411.7169	3064.1306	4981.1519	118.88888	1721.5199	16.704454	1437.934	209.04323	2137.7622	170.61859	33.151287	59.963207	2274.9861	2477.4429	1185.5883	1936.2443	17003.951	9.8435965	218.77409	1939.8195	17373.684	2487.2397	3886.7708	8.0109711	46.999512	274.94348	925.54889	379.25336
28198.441	50.253101	1373.8297	1254.9152	81.964928	2387.6489	15599.909	3729.386	1703.3168	9497.9912	2177.4741	3494.0962	537.88025	35112.977	297.41037	100.73765	7226.3613	631.21204	1911.9969	1782.0962	2525.3157	226.66216	4635.5308	5398.9185	42.927727	2308.292	1221.621	14777.479	0	43779.629	72.021118	2687.8813	24974.771	15963.331	53.18486	3683.9546	756.4234	12431.209	665.39539	1363.85	1024.6399	51.008236	1022.1542	108.95885	672.39355	92.837532	303.4234	34.23307	12.802755	50.577579	17.148752	72.697166	87.288383	1.5696954	78.125458	607.06622	201.01521	430.73901	257.33466	18.627356	92.717957	22.306335	223.51184	20.497414	213.91536	26.816822	5.5472488	13.905075	99.371414	383.59793	159.40765	130.01106	2514.7173	7.5531964	96.70858	257.02274	2435.2507	445.68112	594.1911	7.6648798	6.8493266	56.508762	179.65958	41.288631
17335	38.038116	5496.061	58.809956	8.8148718	653.35046	62958.688	7959.9409	1524.4766	534.74323	266.71988	101.00808	53.333809	24271.621	83.369995	678.28741	11952.027	249.88531	1582.1301	60.608562	85520.844	616.03955	33583.113	4917.873	6.7120824	2651.0557	1705.0065	70816.789	43779.629	0	6.6843448	78.164017	5808.8521	16328.723	138.85893	12691.223	3542.9141	14931.595	1423.5977	887.86084	57.274307	4.0322108	1694.9072	242.13956	943.10016	166.19702	384.56644	37.730442	5.6456056	79.918541	22.18214	192.89458	17.280724	1.2781166	43.311371	613.60132	179.53342	441.38879	72.641083	18.499941	30.705254	3.9431987	275.79413	20.721802	1079.4778	69.118095	8.3417253	25.923052	26.120766	1797.1764	484.6933	733.07599	3215.1931	2.5281231	113.84372	531.39563	3589.6282	686.16565	1624.5371	2.5620282	6.44171	99.438225	276.32727	91.90947
2.6330431	565.3515	24.749735	3.4176652	1.6056006	21.259626	19.418158	22.082081	169.91328	27.882921	2085.5457	36.550259	4691.6348	48.386448	9.4004669	5.719624	37.196953	389.47318	112.7079	9.4080782	4.1310949	230.58438	12.407815	161.85893	1096.8218	3402.6707	8974.9053	17.745981	72.021118	6.6843448	0	38.945663	0.57426757	339.75247	3.3027401	294.57162	2412.3416	1631.3918	54.074001	17.440073	2.0847626	204.77805	88.172752	670.63544	193.58527	15.593264	3.508574	0.16117544	92.036278	0.47263578	216.13179	11.374053	0.16279763	0.16690347	0.67505813	3.8969378	1.7310302	39.174236	1.0539321	394.68384	1.3058572	2602.9531	5.2513838	1.9569992	3.6055272	17.165039	196.08763	67.902794	0.48466992	2.2496405	48.194698	6.0445251	42.027054	594.66919	1639.6857	3108.7625	5.8681083	7.6504412	4.119144	982.94	3.0945504	0.16251759	37.393894	3.2166817
44.303123	14.353078	32.440887	70.754013	1904.4603	2411.5884	283.59698	2094.8711	85.328178	477.99405	1010.7745	664.8269	658.71796	1309.9794	699.25	0.6045689	49.857716	143.97847	73.020584	150.3306	12.745742	8.2869987	39.56966	139.76839	26.464388	233.98949	87.6819	208.88226	2687.8813	78.164017	38.945663	0	4.7802134	12865.197	11.074319	1060.4375	77.251198	2880.5984	659.08197	3816.9683	10526.858	51.478489	33.496853	13.337929	29.150017	6.2908988	14.574047	2.0129735	9.2304411	1.4161792	1.8920121	1.1696064	5.9746032	0.11296374	4.4907398	28.684822	9.915576	14.787532	15.598534	3.5950189	7.5209699	12.630014	8.1224918	1.1578773	1.4967194	0.47392786	0.69077492	0.67865247	7.1387706	2.4668179	2.00033	1.6325364	91.985481	3.1008747	10.471741	16.741598	83.880074	11.73727	11.726375	3.2360668	0.38266757	1.3187693	7.4628949	2.1647184
329.73907	4.3150792	99.239761	82.241096	3.5581324	99.097343	1666.4211	158.54482	326.15805	267.72171	39.484676	31.826328	3.2408042	293.8956	38.797153	35.057583	633.854	31.924713	168.79469	39.468441	964.18506	49.840504	581.94818	1335.0552	1.1010761	132.90161	133.1993	4213.9741	24974.771	5808.8521	0.57426757	4.7802134	0	7421.2358	5.4818478	243.58981	123.22911	3737.4473	68.206139	47.559589	3.5592976	0.27519414	144.04938	14.833097	91.909416	13.31809	38.323799	4.5290537	0.41025385	8.9956923	1.8531607	9.1449423	11.0664	0.20589821	10.776564	91.85305	29.260372	71.242775	34.303589	2.3446054	11.661976	0.41467708	34.972672	2.9623814	50.839729	4.2401476	0.80799657	1.8634475	12.074643	89.691559	32.639137	30.559879	393.57687	0.28716081	8.5302353	27.868675	360.44495	75.554367	117.11545	0.26974708	0.9614107	10.239401	27.297174	6.5482712
637.32642	594.33948	1944.6078	440.6907	2273.4463	1612.4441	3470.6089	1748.3933	626.27502	3448.0635	20158.41	2297.4346	3018.0037	3562.9651	217.37967	458.69025	18241.09	4035.7371	13152.405	761.52295	20182.406	367.13852	21250.631	2159.2371	625.42413	7748.8535	12386.952	8507.6396	15963.331	16328.723	339.75247	12865.197	7421.2358	0	77.329033	3299.6687	2036.2662	37361.301	902.44263	1020.8563	1008.2075	1092.8678	577.28217	313.96036	384.24411	70.954773	122.11323	15.985128	152.87042	20.029995	153.18274	337.19415	44.811459	0.92158163	37.535133	307.90717	97.280693	151.05539	133.13835	67.722603	49.172459	212.13791	99.72419	9.1821623	182.27243	128.63681	25.301851	74.157585	49.909061	167.8573	108.53749	363.53738	941.55603	78.850357	607.24084	1852.5754	835.64636	153.37659	219.33711	59.091049	4.4483809	17.899506	94.724915	47.934517
4.5611429	35.822323	223.41592	85.951385	158.03253	98.014702	375.52048	53.202297	106.67015	370.67987	24.835548	305.91357	227.394	46.485687	578.3009	144.84001	77.226601	28.755816	56.334976	113.50326	460.02652	57.469913	1280.8251	342.59763	3.7522826	230.04094	1662.238	848.98175	53.18486	138.85893	3.3027401	11.074319	5.4818478	77.329033	0	46442.77	850.18286	2359.5242	6732.1772	782.80682	596.02167	28.939533	9685.4229	688.86877	985.49371	4119.1831	576.81396	219.94839	36.323925	4.2570701	59.183887	189.85254	12.623022	36.277229	10.908464	155.64018	20.44873	48.6978	64.481918	43.965614	17.51092	8.7570543	23.302059	157.63664	143.51448	45.105083	29.362473	55.549461	17.161869	317.65808	62.209087	1078.946	219.05093	3.4845588	248.50137	1436.3964	439.03284	23.260187	60.575752	5.5879145	0.74792576	2.9584935	221.10339	201869.5
450.54785	2835.1992	13812	2840.6675	275.38434	4285.9062	16371.443	3688.0164	4940.1919	15303.717	2376.938	6481.5332	4205.3125	3770.7263	1726.6084	13963.037	6921.0474	3362.6982	7258.8477	3808.3958	48806.004	3750.8757	101648.02	16759.141	336.33945	26607.668	105585.79	41098.586	3683.9546	12691.223	294.57162	1060.4375	243.58981	3299.6687	46442.77	0	66748.633	36918.27	16045.156	46260.977	7909.0557	768.59235	9218.8418	1130.3342	2868.3853	1341.5607	992.20813	234.98097	53.978184	169.74521	1204.7637	2892.1729	297.75711	10.345432	244.20085	2340.5254	663.36371	1159.1469	885.87115	104.43779	326.42593	157.49037	761.09064	121.44902	2543.5393	994.31244	112.64407	491.40714	320.15723	1374.5796	1307.2389	5054.1562	7387.3291	180.30989	3557.0381	16114.095	6262.6177	1217.0566	1855.6636	113.95617	22.540516	132.92381	630.09143	16722.875
140.8304	1830.8074	10130.63	38.302319	6.8961205	146.52124	1329.9075	484.48477	604.4964	265.34378	12500.696	122.91262	5330.5405	620.71179	47.595428	2771.1118	8820.9365	10832.447	9726.3506	56.773361	7418.1558	1025.5793	30983.857	1845.8877	1707.7755	43787.828	32436.553	3010.3984	756.4234	3542.9141	2412.3416	77.251198	123.22911	2036.2662	850.18286	66748.633	0	18955.285	4358.708	1982.0527	160.50479	1205.8999	1311.6735	2206.218	751.24237	153.63913	64.793571	7.9042563	920.53302	20.796741	632.15979	693.64551	5.7734928	0.90818292	10.422512	178.03632	47.684063	119.83758	23.67898	557.83514	9.8302088	2188.7068	83.74411	7.5445738	658.90948	350.82504	223.54146	361.33118	7.3903232	424.7417	299.19571	1185.136	618.03827	640.17999	3231.562	6925.3193	480.32971	142.94153	331.76337	593.17151	10.29214	14.953659	191.74098	419.04077
704.66895	2543.916	10886.047	1869.9661	249.29184	4770.8252	13625.369	4161.4102	2418.4492	13685.537	25311.576	7816.4312	6108.9204	5730.9497	640.74896	3904.5989	14007.628	13431.359	18110.436	2904.3835	43442.414	1996.7886	64579.621	8875.2666	1259.0292	39057.871	78546.875	29014.412	12431.209	14931.595	1631.3918	2880.5984	3737.4473	37361.301	2359.5242	36918.27	18955.285	0	15307.478	5999.1157	1827.2411	2398.0574	2839.9094	961.25928	1941.766	493.38052	526.77539	76.514664	188.82854	92.868675	896.79022	1895.7142	207.44356	4.2425294	164.58795	1464.6774	438.26648	632.41223	613.93683	160.21498	220.80098	533.06287	466.25159	43.714897	1176.1655	702.64166	152.38628	433.01486	224.39224	590.37982	601.86945	2838.0293	4212.4443	352.05606	3499.7229	12002.775	3656.6934	665.07141	909.1897	273.10373	17.428453	70.797493	397.57104	1210.5386
46.657074	110.72501	704.08997	232.75038	48.936287	857.96997	1778.0334	937.5625	556.20892	1258.5698	543.18036	629.92987	3833.2668	716.37183	218.35056	1304.7915	433.16153	461.62338	546.7381	278.38638	6967.1724	255.77477	13816.683	1403.1765	33.900227	1657.3246	5631.625	4711.8125	665.39539	1423.5977	54.074001	659.08197	68.206139	902.44263	6732.1772	16045.156	4358.708	15307.478	0	6101.0415	3719.5281	876.97711	962.29419	109.95212	462.77258	887.23468	136.29732	78.168564	86.058487	14.540374	71.974983	132.48636	24.093794	1.9908792	31.476357	207.40575	77.077293	94.63633	77.465706	19.401073	30.330935	20.869974	76.652817	13.975394	281.18549	39.255379	8.826355	23.585037	27.28797	137.33356	114.64194	556.08521	606.68884	14.286036	177.53381	842.58838	523.33936	107.5494	158.50383	10.823765	10.545866	11.25573	140.1261	3272.1223
56.28616	106.20786	317.78751	2148.7559	14219.766	17137.186	2461.1829	4463.5044	6276.1509	4219.6826	307.52802	10651.171	799.87433	1761.7349	17804.99	505.57932	176.41563	73.857414	77.984573	2706.5115	2381.5532	294.12421	5503.5928	5060.4775	59.898548	292.03586	2229.6753	5279.5547	1363.85	887.86084	17.440073	3816.9683	47.559589	1020.8563	782.80682	46260.977	1982.0527	5999.1157	6101.0415	0	9412.0918	63.312317	827.59271	64.553452	381.54108	114.17207	427.91074	47.790142	40.086887	26.738106	39.54549	64.310295	304.08325	10.8425	136.34799	461.05392	150.75702	294.32651	566.8186	17.95989	404.62265	13.255349	146.14256	63.470531	149.30215	18.291239	4.6590409	8.2241135	324.7395	112.55652	102.61887	272.24915	1475.9902	3.5068283	46.404598	306.0322	1514.7776	211.97746	248.06323	3.5814629	6.365993	22.356403	105.96979	618.78851
10.331523	3.7411296	25.281521	111.60719	3924.1516	3009.2144	390.33209	1057.9301	140.94626	793.25293	67.47216	536.09576	1453.6368	572.35999	447.97305	9.3521242	15.171546	7.560627	7.466177	213.00227	38.180489	7.8453102	101.4113	227.3811	2.2141066	29.073744	115.38654	483.24457	1024.6399	57.274307	2.0847626	10526.858	3.5592976	1008.2075	596.02167	7909.0557	160.50479	1827.2411	3719.5281	9412.0918	0	138.19688	210.16916	7.9800229	65.135452	46.657551	40.410622	24.782846	8.1065264	2.7932587	3.0597513	4.3794856	10.93655	0.2850194	9.4007435	58.765785	20.334831	25.030811	32.587765	2.9938979	12.647905	4.0697913	17.599638	3.1627555	4.418551	1.2832031	0.30206078	0.64066809	12.448011	5.7760949	5.4582562	10.297871	161.66556	0.27301216	3.5513864	19.8857	158.56627	23.585451	22.658327	0.22212309	1.1798679	2.3404977	19.367798	224.99222
1.3625377	2433.0332	2.4267571	3.2782204	3.0255818	32.007828	11.358177	36.229916	341.03461	18.823763	2448.1956	28.98028	4341.1064	41.56905	15.093478	4.9536052	3.4077172	94.425842	7.8543124	8.3241415	2.0945096	573.89087	3.8789055	273.64227	3155.4529	312.6124	483.75613	18.384808	51.008236	4.0322108	204.77805	51.478489	0.27519414	1092.8678	28.939533	768.59235	1205.8999	2398.0574	876.97711	63.312317	138.19688	0	51.159904	1016.5101	137.55969	37.653381	6.533464	4.3196077	1153.7024	0.21046765	113.47435	1.2224472	0.58593619	0.26613522	2.1217098	3.1305912	4.2596159	13.96436	2.2787876	257.85797	1.9927906	692.00659	5.7819872	1.1413293	1.2770567	1.7683221	15.797793	7.6647601	1.0005339	0.74720776	22.62418	1.2391806	19.21303	251.79437	123.44254	219.20601	7.857214	10.302117	1.5420281	87.830544	5.9805799	0.11427679	71.19162	12.794548
128.06366	785.71283	2691.2454	317.30362	11.201734	386.98804	1487.7181	834.22211	1177.7509	979.01575	128.86769	324.98203	637.96973	627.09973	131.03845	1844.9243	1209.1759	125.21041	460.41306	371.55707	1159.5964	884.71594	3791.4612	6084.5142	213.66566	4118.7793	16028.407	4620.3457	1022.1542	1694.9072	88.172752	33.496853	144.04938	577.28217	9685.4229	9218.8418	1311.6735	2839.9094	962.29419	827.59271	210.16916	51.159904	0	61624.906	29233.662	12240.301	39298.402	7165.6372	1677.8724	399.13889	4009.8022	10955.189	1808.3375	180.63443	2039.5759	13789.559	2746.5684	2713.4229	9306.9766	1853.5424	4050.6895	429.99115	3687.4897	1261.8901	13155.557	3137.8884	3335.5967	5787.5459	2540.51	30486.828	3719.4426	73100.047	12693.971	284.39578	23789.25	81558.758	34289.93	2512.8716	6236.8574	487.88751	491.67728	122.50122	5781.3579	38460.848
14.065602	658.1825	1161.9688	7.620481	1.3818779	21.391182	127.54207	57.891296	220.53436	34.473999	1657.8625	14.83073	3283.4504	68.322655	10.235477	480.47223	662.44348	417.95276	458.03448	11.45392	332.29636	320.09531	967.86731	593.66064	965.2655	4799.0967	7876.7163	398.12241	108.95885	242.13956	670.63544	13.337929	14.833097	313.96036	688.86877	1130.3342	2206.218	961.25928	109.95212	64.553452	7.9800229	1016.5101	61624.906	0	12646.069	6436.418	3776.1284	383.33459	1626.2073	134.99861	1906.7164	8991.1328	35.700397	7.3271694	100.67941	1547.4398	433.24112	323.79523	273.48804	6496.8789	130.72496	6352.9023	757.08392	63.756271	2843.7969	6681.0449	9250.418	7952.772	72.438362	5935.7886	869.979	25045.398	1428.4303	1541.6467	35352.66	26007.418	2823.0083	648.08771	2340.8865	4590.2974	76.638641	90.623466	2603.4436	2158.6401
80.805504	499.04065	1531.126	356.38739	6.8190894	385.52972	1154.3024	732.39288	788.32458	1144.9586	257.15381	316.03024	590.61792	468.03702	58.426666	879.96899	722.2915	151.33633	353.35995	410.58939	597.80768	430.60364	2118.1885	4345.3066	338.30444	3456.5942	9987.6777	3365.5225	672.39355	943.10016	193.58527	29.150017	91.909416	384.24411	985.49371	2868.3853	751.24237	1941.766	462.77258	381.54108	65.135452	137.55969	29233.662	12646.069	0	21304.586	8174.4966	2931.1367	3348.0107	1069.2944	2592.8127	7944.7764	1911.088	282.95129	4059.5776	17690.523	6080.7256	1846.8971	14414.57	21096.961	7687.7031	4255.3521	8722.0801	774.36066	4065.3516	8031.3638	16060.14	14322.69	3239.9207	35021.434	1610.7249	53609.82	8100.8184	1214.9868	35548.977	61742.285	30504.492	11696.652	14859.283	3683.1921	3112.1128	2848.7119	23934.08	3036.8252
11.455988	81.36116	325.85342	24.725653	3.8689842	38.390804	144.60295	81.345802	138.08537	87.966652	17.326321	26.82353	282.31415	59.050236	19.334526	455.46255	131.17003	16.934763	51.137383	30.00692	186.54642	153.29819	964.53851	563.86938	30.216778	473.93701	2195.45	429.29868	92.837532	166.19702	15.593264	6.2908988	13.31809	70.954773	4119.1831	1341.5607	153.63913	493.38052	887.23468	114.17207	46.657551	37.653381	12240.301	6436.418	21304.586	0	9503.3496	2076.2263	1684.1704	97.28154	465.12268	1627.9226	127.09292	40.301353	444.55487	2255.311	986.29926	237.48865	700.22314	437.00784	294.54681	145.0977	914.77838	174.31294	2459.2715	590.64282	835.27161	949.3537	151.43295	8844.7959	651.06982	25735.146	1396.5118	73.189026	3379.4402	13416.283	5148.1895	593.7934	1222.7701	140.7132	367.76404	68.419266	1236.6847	9922.6436
35.359798	16.550014	95.594147	401.19501	14.059792	262.90472	523.73303	351.55249	481.04288	796.64343	23.046347	507.56271	128.38289	222.21413	87.587067	155.20143	39.126652	5.6845603	10.670274	452.7529	139.37976	77.730103	297.1275	2036.7472	7.8189597	75.033897	467.66721	1762.9634	303.4234	384.56644	3.508574	14.574047	38.323799	122.11323	576.81396	992.20813	64.793571	526.77539	136.29732	427.91074	40.410622	6.533464	39298.402	3776.1284	8174.4966	9503.3496	0	8870.7148	318.00189	97.50164	281.03604	398.76846	2245.678	14893.084	13041.174	4755.6875	6411.7661	5179.3813	5543.0229	405.32233	8221.3535	80.156075	2513.7363	16866.795	805.88501	138.75467	101.18233	87.038902	2676.6792	2636.8882	561.36292	6040.2778	8192.9688	62.691807	388.83652	2792.7407	8788.7012	1327.1393	914.16791	31.855494	2326.6404	49.0439	1438.0211	886.94824
3.8763621	1.7494872	7.2856598	19.85038	0.44639018	21.972666	60.825592	40.723106	41.113716	62.743477	1.8234249	18.585358	23.68391	24.441544	5.0037479	4.9632874	3.2669723	0.40555495	0.96701199	23.901789	8.5776768	4.962606	12.399769	230.4285	0.43878004	7.1074028	32.830189	188.21297	34.23307	37.730442	0.16117544	2.0129735	4.5290537	15.985128	219.94839	234.98097	7.9042563	76.514664	78.168564	47.790142	24.782846	4.3196077	7165.6372	383.33459	2931.1367	2076.2263	8870.7148	0	286.5687	12.99422	12.086672	35.580093	137.7912	4306.7422	3035.2998	734.74213	2139.2036	148.55888	914.61182	310.9707	392.57751	72.922356	832.79169	539.18878	15.145026	10.680544	9.1784067	9.7289085	221.29239	45.075512	16.521103	108.69511	353.95587	4.2312388	45.800827	180.35703	946.87012	736.92328	73.195358	3.6556547	8026.6426	4.3349247	2313.9812	686.2359
0.5733043	183.83774	2.8725848	2.8204994	0.62964857	7.6129274	6.8085032	8.9202271	81.950478	10.7538	720.15155	8.2616806	1474.2189	9.9505148	2.5818665	3.0181165	3.0880799	21.655849	7.1009164	5.4892159	3.4301624	44.387669	6.6295991	35.628754	459.19678	158.0834	288.05698	20.229717	12.802755	5.6456056	92.036278	9.2304411	0.41025385	152.87042	36.323925	53.978184	920.53302	188.82854	86.058487	40.086887	8.1065264	1153.7024	1677.8724	1626.2073	3348.0107	1684.1704	318.00189	286.5687	0	1.9918422	2635.0588	4.5564637	11.446034	6.7780151	40.626099	30.334518	72.098351	351.73724	42.680927	2780.7788	43.218925	3770.3582	72.950279	29.277683	16.660038	2.9723699	69.428596	6.0090537	21.591063	9.3963585	548.48828	18.72172	346.06607	4983.6787	227.75563	601.59381	71.642006	105.92908	13.141856	311.47729	82.005157	0.7588746	2571.26	106.84177
4.9028888	3.4467099	28.611658	7.7183514	0.20203377	14.047953	46.571697	36.426693	62.536396	27.78754	2.0186989	7.6418138	2.5526297	27.371365	2.173141	32.451866	9.4043341	0.85343695	3.0338004	10.929513	68.968109	21.01284	32.485004	333.79691	0.87305635	29.890638	95.144943	306.34122	50.577579	79.918541	0.47263578	1.4161792	8.9956923	20.029995	4.2570701	169.74521	20.796741	92.868675	14.540374	26.738106	2.7932587	0.21046765	399.13889	134.99861	1069.2944	97.28154	97.50164	12.99422	1.9918422	0	14.87395	498.26019	73.848	2.2076218	158.57002	24030.471	1967.2155	230.64995	533.46918	153.85175	108.94441	10.501836	30354.361	17.798887	39.765423	686.70898	170.11928	559.18848	87.329849	272.62741	68.129448	493.11694	603.02692	1.8773364	1042.7025	357.44992	1685.7994	23243.523	14815.154	9.1043139	32.716492	255.20969	824.72058	14.979656
3.4233761	1337.5385	907.49835	3.7041276	0.4995102	7.5736709	39.447536	21.547993	126.17525	10.444676	316.57712	5.1245279	772.65393	21.120377	4.6878819	114.40122	646.60516	73.635925	247.60704	4.8630557	38.709167	246.56618	322.89804	225.58725	453.44016	2689.1099	11295.612	94.206657	17.148752	22.18214	216.13179	1.8920121	1.8531607	153.18274	59.183887	1204.7637	632.15979	896.79022	71.974983	39.54549	3.0597513	113.47435	4009.8022	1906.7164	2592.8127	465.12268	281.03604	12.086672	2635.0588	14.87395	0	588.73566	5.3707695	20.509487	21.928886	120.35261	38.514534	4106.6099	15.307611	676.20947	31.04957	2068.2229	75.579536	198.54739	1095.6704	1324.9601	94.86557	571.48059	7.5228291	112.81004	10641.747	843.87402	6808.5518	13342.541	2343.5344	58569.777	349.01001	74.921791	116.8373	238.38858	18.789146	4.5579548	486.74368	141.76346
23.909197	580.5401	7680.3862	5.4837213	0.69812006	34.527206	375.5907	139.82822	263.76126	37.522316	36.323013	5.0661545	15.310936	133.20912	6.5080152	524.19025	2542.2649	55.880791	422.59958	5.3687677	316.52701	401.15192	4464.9468	598.16571	28.310892	3497.7288	18149.301	494.47055	72.697166	192.89458	11.374053	1.1696064	9.1449423	337.19415	189.85254	2892.1729	693.64551	1895.7142	132.48636	64.310295	4.3794856	1.2224472	10955.189	8991.1328	7944.7764	1627.9226	398.76846	35.580093	4.5564637	498.26019	588.73566	0	31.555389	3.1671286	540.24664	17400.381	3881.4148	57.438251	639.38391	139.84183	49.709785	20.709532	4974.7036	19.015551	289.06168	32613.955	342.23456	3185.3845	26.869146	6953.5273	206.2235	80002.688	739.98364	16.755295	70146.898	102650.8	7379.2754	689.51208	2600.1692	35.911667	20.023102	40.142021	1199.0457	505.80127
4.1651788	1.330487	3.8600786	1375.6812	10.406746	379.84906	328.38651	192.29257	775.78162	2368.249	4.3618512	1024.4719	10.596611	76.065781	81.096413	2.568326	1.4734434	0.57516998	0.56833649	1408.2587	4.4679189	4.7123556	5.890697	1518.6697	0.92229664	3.2711859	12.655398	2214.0903	87.288383	17.280724	0.16279763	5.9746032	11.0664	44.811459	12.623022	297.75711	5.7734928	207.44356	24.093794	304.08325	10.93655	0.58593619	1808.3375	35.700397	1911.088	127.09292	2245.678	137.7912	11.446034	73.848	5.3707695	31.555389	0	91.632072	2083.4829	960.14807	884.86066	5109.5347	44324.812	116.77782	26991.334	11.041984	957.58777	1275.3326	3.1285863	9.1783724	26.721626	10.403357	154280.34	10.386139	16.901638	22.46907	24897.58	1.5544786	52.641781	44.253277	66289.664	1153.5002	44.169849	9.0761013	48.340878	38.548843	575.81384	74.52092
0.16178182	0.21813542	0.55765843	12.03415	2.7567151	5.4182897	3.4237156	2.9264677	10.852282	17.749786	0.51201999	17.494747	1.7658714	1.3256639	5.7295122	0.88985443	0.20666714	0.041769523	0.047585499	14.053085	1.0099264	0.76389623	1.1020139	20.244286	0.29672492	0.92290068	3.0212028	21.505951	1.5696954	1.2781166	0.16690347	0.11296374	0.20589821	0.92158163	36.277229	10.345432	0.90818292	4.2425294	1.9908792	10.8425	0.2850194	0.26613522	180.63443	7.3271694	282.95129	40.301353	14893.084	4306.7422	6.7780151	2.2076218	20.509487	3.1671286	91.632072	0	1858.1801	70.477432	203.53555	400.92325	159.99951	73.27346	292.62784	16.689093	36.575951	4863.2798	1.6451972	1.9989066	4.1532321	1.4168456	85.340523	3.2701645	35.744572	7.57198	593.10315	7.3903499	10.808875	51.089855	209.83173	40.598095	4.8439794	4.0984983	1135.2721	1.7495942	2867.3525	108.25749
5.8308825	2.3845751	20.12063	358.15747	4.7162104	229.57387	220.85152	182.33713	227.15593	915.4928	5.0873351	352.47726	14.773986	68.99025	34.868656	10.76197	6.2112617	0.85001075	1.4636012	418.37186	13.731042	7.7034025	29.749691	806.16107	1.2714354	12.591084	57.307468	917.41071	78.125458	43.311371	0.67505813	4.4907398	10.776564	37.535133	10.908464	244.20085	10.422512	164.58795	31.476357	136.34799	9.4007435	2.1217098	2039.5759	100.67941	4059.5776	444.55487	13041.174	3035.2998	40.626099	158.57002	21.928886	540.24664	2083.4829	1858.1801	0	17418.467	33156.348	1537.5062	98234.914	434.04114	40272.25	54.122627	3881.5535	7894.4351	8.7931471	128.60751	100.48277	77.733772	4437.3701	183.54253	45.63636	375.81161	2244.2031	8.3606358	493.46588	249.7923	15482.741	1789.606	241.07654	34.901272	1447.1616	40.982021	1707.885	58.790886
52.595837	40.509964	497.18692	459.83771	5.6256838	444.62244	1090.7855	814.71564	827.49652	1373.2616	37.754078	348.62692	44.437626	442.35895	51.821564	261.53412	150.82782	11.21957	34.309956	558.48187	297.75156	131.28751	719.77356	4406.8179	7.3354344	313.36148	1588.5718	4251.6812	607.06622	613.60132	3.8969378	28.684822	91.85305	307.90717	155.64018	2340.5254	178.03632	1464.6774	207.40575	461.05392	58.765785	3.1305912	13789.559	1547.4398	17690.523	2255.311	4755.6875	734.74213	30.334518	24030.471	120.35261	17400.381	960.14807	70.477432	17418.467	0	44768.199	2574.365	77675.297	962.46637	1596.776	78.576157	97133.727	621.58801	229.40872	9120.5684	947.69385	3839.9424	778.52783	11009.372	302.30594	22206.818	8920.3438	12.309598	11516.751	5856.8965	203020.27	19143.963	76431.773	73.602119	297.25656	1170.3563	6343.9541	743.27069
18.302721	12.826268	141.40231	235.36646	2.8637071	263.67487	399.49094	433.35425	283.85977	810.46448	12.064043	215.83546	25.992401	173.47575	24.101357	58.743927	41.447491	2.5614972	8.6834879	293.79492	94.759254	35.629864	141.95175	1591.7799	3.4940193	81.817993	384.75397	1411.7169	201.01521	179.53342	1.7310302	9.915576	29.260372	97.280693	20.44873	663.36371	47.684063	438.26648	77.077293	150.75702	20.334831	4.2596159	2746.5684	433.24112	6080.7256	986.29926	6411.7661	2139.2036	72.098351	1967.2155	38.514534	3881.4148	884.86066	203.53555	33156.348	44768.199	0	843.37598	29495.299	856.68597	6002.6138	115.78861	57108.379	1243.6036	39.152668	1490.1221	347.49185	895.54858	2032.3184	939.16876	76.920708	2542.5339	2218.4524	12.58202	3854.1721	1000.3398	8087.6294	3100.3181	3745.3716	65.998543	2215.7651	79.203346	2598.0029	75.480125
47.315655	31.499161	61.637207	879.81854	9.1159344	307.93689	631.35883	405.79425	2723.3914	1388.9535	78.440338	579.73517	153.05247	256.84033	82.00927	93.217033	40.25906	12.176738	16.683521	694.22205	132.43555	239.65234	80.830215	4834.5771	32.444088	204.2968	437.63663	3064.1306	430.73901	441.38879	39.174236	14.787532	71.242775	151.05539	48.6978	1159.1469	119.83758	632.41223	94.63633	294.32651	25.030811	13.96436	2713.4229	323.79523	1846.8971	237.48865	5179.3813	148.55888	351.73724	230.64995	4106.6099	57.438251	5109.5347	400.92325	1537.5062	2574.365	843.37598	0	5771.8223	177.55757	5954.0889	334.35492	937.15436	3812.7041	192.67659	173.54106	34.441601	90.305077	3730.0535	118.29012	12420.29	111.99922	69056.031	1310.3331	334.13016	7482.019	14040.576	1815.3889	1397.8566	56.633629	65.493332	226.73679	589.97815	169.63609
13.565689	4.1660771	26.80476	2501.364	18.004347	988.11591	927.12122	612.99506	1367.8396	6067.4053	13.383141	1906.8186	33.511013	228.00877	140.46426	16.151064	8.3518105	2.0343451	2.4802122	2887.292	23.241743	15.625181	41.321148	3445.3252	2.8848679	19.704954	83.706017	4981.1519	257.33466	72.641083	1.0539321	15.598534	34.303589	133.13835	64.481918	885.87115	23.67898	613.93683	77.465706	566.8186	32.587765	2.2787876	9306.9766	273.48804	14414.57	700.22314	5543.0229	914.61182	42.680927	533.46918	15.307611	639.38391	44324.812	159.99951	98234.914	77675.297	29495.299	5771.8223	0	1064.623	65223.539	94.828018	16461.307	1644.6152	18.124933	150.33115	261.50137	128.37988	77258.867	217.03752	44.57465	437.08408	6020.8843	7.5191193	671.98981	367.98468	95371.547	9521.1123	359.99005	78.045181	388.98288	149.37724	4739.0039	373.5603
1.9279826	182.31531	21.949566	14.581177	0.28808674	17.454098	35.630508	29.585844	82.89286	47.580406	778.3739	15.773011	1651.2561	14.26125	3.3818171	8.2552109	16.421942	152.27386	49.417999	20.093204	8.9988298	62.352398	15.291215	179.14267	412.03403	1010.1095	1106.9955	118.88888	18.627356	18.499941	394.68384	3.5950189	2.3446054	67.722603	43.965614	104.43779	557.83514	160.21498	19.401073	17.95989	2.9938979	257.85797	1853.5424	6496.8789	21096.961	437.00784	405.32233	310.9707	2780.7788	153.85175	676.20947	139.84183	116.77782	73.27346	434.04114	962.46637	856.68597	177.55757	1064.623	0	1028.5586	7189.8989	2862.8813	82.208427	29.219664	1626.7316	24701.01	6138.5718	338.26978	371.00031	164.27127	665.797	307.18698	1523.8107	13794.567	1869.3362	630.38147	4562.2573	775.46869	3129.8384	1808.384	35.902729	22676.166	136.81897
5.3845482	1.7286135	5.5609169	1074.4969	16.191307	429.27219	284.29837	216.49055	616.93237	2004.0255	7.5972567	1293.9767	21.964745	85.150162	110.31757	4.1630034	2.2110958	1.4241716	1.2614367	1234.7593	7.9170575	5.7738013	8.6244507	1212.0908	2.2801778	11.385845	22.100275	1721.5199	92.717957	30.705254	1.3058572	7.5209699	11.661976	49.172459	17.51092	326.42593	9.8302088	220.80098	30.330935	404.62265	12.647905	1.9927906	4050.6895	130.72496	7687.7031	294.54681	8221.3535	392.57751	43.218925	108.94441	31.04957	49.709785	26991.334	292.62784	40272.25	1596.776	6002.6138	5954.0889	65223.539	1028.5586	0	97.153297	5246.2261	6949.1099	4.4627194	26.963493	248.5748	79.775307	97859.82	17.130175	68.79731	35.332264	12732.742	13.523802	365.1521	157.29933	15569.034	3685.2175	93.565117	81.228615	403.82504	20.177298	2695.5857	176.09604
0.92978013	941.93225	21.45401	1.7464958	0.74390084	6.0622935	6.9550543	8.5343037	266.62161	8.0747528	3470.7029	8.6952286	9796.2383	16.818546	7.9643364	5.6965036	32.597878	548.29059	148.11794	3.6653907	2.7396791	312.67072	8.1670008	186.99809	2660.4312	4614.8057	6100.6895	16.704454	22.306335	3.9431987	2602.9531	12.630014	0.41467708	212.13791	8.7570543	157.49037	2188.7068	533.06287	20.869974	13.255349	4.0697913	692.00659	429.99115	6352.9023	4255.3521	145.0977	80.156075	72.922356	3770.3582	10.501836	2068.2229	20.709532	11.041984	16.689093	54.122627	78.576157	115.78861	334.35492	94.828018	7189.8989	97.153297	0	356.33585	26.618469	18.22859	31.453264	297.63239	73.070862	30.099352	8.3885221	477.66562	18.586649	343.67889	13282.397	1504.1324	17585.799	67.64563	766.47986	22.679989	3995.8987	431.74274	1.1160381	2850.2078	22.92028
21.587622	19.458511	198.01935	131.56979	1.9204193	155.22513	326.74585	296.85114	283.18256	429.53857	15.918408	122.13506	34.977116	157.51459	17.182228	103.94989	57.167885	4.2615719	14.299222	168.95573	192.96715	63.803543	185.83856	1611.8268	8.2304173	151.23077	596.94373	1437.934	223.51184	275.79413	5.2513838	8.1224918	34.972672	99.72419	23.302059	761.09064	83.74411	466.25159	76.652817	146.14256	17.599638	5.7819872	3687.4897	757.08392	8722.0801	914.77838	2513.7363	832.79169	72.950279	30354.361	75.579536	4974.7036	957.58777	36.575951	3881.5535	97133.727	57108.379	937.15436	16461.307	2862.8813	5246.2261	356.33585	0	421.474	96.239296	3071.5369	972.59497	2144.7644	2091.1787	1254.4628	168.48631	3632.4644	2504.8982	34.822998	6597.9053	1734.4584	8781.5654	28934.811	16857.955	191.65355	1230.2511	203.03934	5196.6685	92.331787
1.8957585	1.7029899	5.1474862	91.545143	5.4414387	41.585606	41.118439	28.509657	83.209267	149.32312	4.2253547	113.34769	11.461998	14.793377	30.379068	11.633941	2.2609942	0.55426157	0.89592153	101.06242	14.215086	9.0330763	12.096992	213.37054	1.861305	11.011566	31.133963	209.04323	20.497414	20.721802	1.9569992	1.1578773	2.9623814	9.1821623	157.63664	121.44902	7.5445738	43.714897	13.975394	63.470531	3.1627555	1.1413293	1261.8901	63.756271	774.36066	174.31294	16866.795	539.18878	29.277683	17.798887	198.54739	19.015551	1275.3326	4863.2798	7894.4351	621.58801	1243.6036	3812.7041	1644.6152	82.208427	6949.1099	26.618469	421.474	0	39.408318	15.309944	18.682049	10.326336	1259.9282	140.51295	358.85168	148.89133	6494.1206	62.302994	52.936626	500.38016	2618.634	290.17026	76.401863	9.2424641	531.5047	16.959215	313.62534	427.74194
23.482254	75.721207	438.11856	5.2562318	1.3545653	18.964247	241.04422	61.51408	397.59848	24.141708	17.081511	6.3959789	11.602365	80.69194	15.237809	15772.326	237.38483	10.699587	53.967968	5.1214943	4575.5361	3311.9004	14510.655	3387.3174	7.2243128	197.25252	6763.8081	2137.7622	213.91536	1079.4778	3.6055272	1.4967194	50.839729	182.27243	143.51448	2543.5393	658.90948	1176.1655	281.18549	149.30215	4.418551	1.2770567	13155.557	2843.7969	4065.3516	2459.2715	805.88501	15.145026	16.660038	39.765423	1095.6704	289.06168	3.1285863	1.6451972	8.7931471	229.40872	39.152668	192.67659	18.124933	29.219664	4.4627194	18.22859	96.239296	39.408318	0	400.03265	33.871754	131.97684	2.7606587	25772.346	28963.205	35430.996	20476.449	83.13485	350.76807	33927.457	9587.9043	310.49304	1403.6672	7.5452147	0.8455233	63.338432	522.54132	525.97052
6.2554045	367.34448	2130.3088	1.4647986	0.2036922	9.5190849	92.988243	35.822586	110.35271	9.6537876	24.115587	1.7355516	20.723764	32.920147	2.4736173	156.47464	1021.9608	39.669277	285.02167	1.7351595	117.89115	117.88781	665.07794	228.8159	36.491932	2644.9163	7526.5112	170.61859	26.816822	69.118095	17.165039	0.47392786	4.2401476	128.63681	45.105083	994.31244	350.82504	702.64166	39.255379	18.291239	1.2832031	1.7683221	3137.8884	6681.0449	8031.3638	590.64282	138.75467	10.680544	2.9723699	686.70898	1324.9601	32613.955	9.1783724	1.9989066	128.60751	9120.5684	1490.1221	173.54106	150.33115	1626.7316	26.963493	31.453264	3071.5369	15.309944	400.03265	0	2902.8774	30846.361	12.810994	4103.0439	334.19992	39712.203	833.88226	34.069157	25262.375	34444.93	2839.4062	1266.9879	11729.095	47.095112	11.84267	83.731163	13651.034	124.78754
0.8017301	47.474091	57.997772	2.6095514	0.060895301	3.4476948	10.183566	6.4727602	32.319202	7.844368	203.6304	2.9780669	281.72714	4.5099525	0.76945984	10.492025	49.33802	166.75781	134.21452	4.1525846	10.069653	16.44791	25.16921	50.468052	119.96502	1582.9266	1416.1733	33.151287	5.5472488	8.3417253	196.08763	0.69077492	0.80799657	25.301851	29.362473	112.64407	223.54146	152.38628	8.826355	4.6590409	0.30206078	15.797793	3335.5967	9250.418	16060.14	835.27161	101.18233	9.1784067	69.428596	170.11928	94.86557	342.23456	26.721626	4.1532321	100.48277	947.69385	347.49185	34.441601	261.50137	24701.01	248.5748	297.63239	972.59497	18.682049	33.871754	2902.8774	0	18369.998	85.12204	477.02148	24.844315	955.32025	91.792831	140.59436	17830.039	2629.3245	311.02679	847.72968	1394.8085	622.69458	126.69662	38.172112	5403.9561	93.313812
2.7077465	180.22227	441.91846	1.1606505	0.11064633	3.4494069	24.516472	12.767934	87.958588	4.7701073	68.097069	1.704663	82.954071	12.982257	1.3379979	43.719006	381.91974	110.4123	417.01779	1.847486	40.117825	43.191341	121.91499	92.336426	121.19033	3557.5127	4282.7036	59.963207	13.905075	25.923052	67.902794	0.67865247	1.8634475	74.157585	55.549461	491.40714	361.33118	433.01486	23.585037	8.2241135	0.64066809	7.6647601	5787.5459	7952.772	14322.69	949.3537	87.038902	9.7289085	6.0090537	559.18848	571.48059	3185.3845	10.403357	1.4168456	77.733772	3839.9424	895.54858	90.305077	128.37988	6138.5718	79.775307	73.070862	2144.7644	10.326336	131.97684	30846.361	18369.998	0	30.940582	1528.9644	113.67926	4080.0251	271.22122	139.35776	43991.32	12651.725	895.92169	1380.6891	5539.2305	131.23683	20.577166	92.629311	12726.226	163.21135
5.4287987	1.562924	4.8088231	1338.4094	12.209589	435.90314	369.26373	228.52264	673.00098	2631.2539	5.8704906	1092.8158	16.831278	90.505333	87.419403	2.6538763	1.9622757	1.0900896	0.9460361	1490.8242	5.6406212	5.2516932	7.3875527	1495.6616	1.3906838	6.1964016	15.052857	2274.9861	99.371414	26.120766	0.48466992	7.1387706	12.074643	49.909061	17.161869	320.15723	7.3903232	224.39224	27.28797	324.7395	12.448011	1.0005339	2540.51	72.438362	3239.9207	151.43295	2676.6792	221.29239	21.591063	87.329849	7.5228291	26.869146	154280.34	85.340523	4437.3701	778.52783	2032.3184	3730.0535	77258.867	338.26978	97859.82	30.099352	2091.1787	1259.9282	2.7606587	12.810994	85.12204	30.940582	0	10.712531	19.633463	20.637623	10197.068	3.0710578	125.87875	52.512623	30409.596	1848.505	58.518608	24.403585	114.45256	23.701807	1043.2599	97.343086
37.276989	28.269976	259.50082	7.026298	1.4505936	23.106123	216.06825	82.159798	272.2482	29.792742	10.903175	8.7920027	8.9210234	118.80266	15.599268	4153.7891	150.88046	7.2648354	36.706985	8.1525192	4726.1694	869.29327	3813.8164	2859.0581	6.2332993	157.06091	1377.1121	2477.4429	383.59793	1797.1764	2.2496405	2.4668179	89.691559	167.8573	317.65808	1374.5796	424.7417	590.37982	137.33356	112.55652	5.7760949	0.74720776	30486.828	5935.7886	35021.434	8844.7959	2636.8882	45.075512	9.3963585	272.62741	112.81004	6953.5273	10.386139	3.2701645	183.54253	11009.372	939.16876	118.29012	217.03752	371.00031	17.130175	8.3885221	1254.4628	140.51295	25772.346	4103.0439	477.02148	1528.9644	10.712531	0	2094.3687	182173.03	2369.7556	9.616724	2221.3604	7066.5581	54758.613	1998.6533	75496.016	12.556125	9.2532806	579.47522	18641.922	1521.7784
17.661531	134.37173	366.25772	11.456755	1.5705314	19.477968	128.51625	54.216434	431.57953	33.045631	78.358818	12.880738	196.42342	62.008858	17.687067	3952.8164	177.44359	14.100238	36.62431	12.861368	1234.6576	2270.4636	2750.1931	2403.1465	43.92939	310.38367	4831.7017	1185.5883	159.40765	484.6933	48.194698	2.00033	32.639137	108.53749	62.209087	1307.2389	299.19571	601.86945	114.64194	102.61887	5.4582562	22.62418	3719.4426	869.979	1610.7249	651.06982	561.36292	16.521103	548.48828	68.129448	10641.747	206.2235	16.901638	35.744572	45.63636	302.30594	76.920708	12420.29	44.57465	164.27127	68.79731	477.66562	168.48631	358.85168	28963.205	334.19992	24.844315	113.67926	19.633463	2094.3687	0	4232.4038	38821.656	2290.6609	400.5976	27867.9	3184.6731	480.72379	1164.9186	62.66827	9.1597309	68.555916	324.9538	173.69797
24.078671	226.67419	3557.8882	9.5732441	1.8766673	44.700035	611.00928	139.87196	446.20023	54.599979	28.341581	10.407139	16.768564	128.34402	12.920001	15576.704	937.21606	25.05204	142.91013	11.050624	4290.4678	2358.875	29322.988	2328.3564	12.424464	737.70471	20960.355	1936.2443	130.01106	733.07599	6.0445251	1.6325364	30.559879	363.53738	1078.946	5054.1562	1185.136	2838.0293	556.08521	272.24915	10.297871	1.2391806	73100.047	25045.398	53609.82	25735.146	6040.2778	108.69511	18.72172	493.11694	843.87402	80002.688	22.46907	7.57198	375.81161	22206.818	2542.5339	111.99922	437.08408	665.797	35.332264	18.586649	3632.4644	148.89133	35430.996	39712.203	955.32025	4080.0251	20.637623	182173.03	4232.4038	0	3215.7952	16.937857	14100.923	91458.336	25443.936	1311.1823	25935.174	30.189024	17.547195	211.72305	16664.332	3910.8386
243.94229	115.44279	462.99646	2498.2075	29.340612	1557.5989	3516.9192	2466.814	5012.6274	5653.0029	177.1501	1695.7317	219.87337	1517.5299	258.30908	2047.8694	240.15385	37.012207	60.620018	2577.7185	2337.676	1435.5343	1595.1582	22492.48	45.660698	460.96729	2319.436	17003.951	2514.7173	3215.1931	42.027054	91.985481	393.57687	941.55603	219.05093	7387.3291	618.03827	4212.4443	606.68884	1475.9902	161.66556	19.21303	12693.971	1428.4303	8100.8184	1396.5118	8192.9688	353.95587	346.06607	603.02692	6808.5518	739.98364	24897.58	593.10315	2244.2031	8920.3438	2218.4524	69056.031	6020.8843	307.18698	12732.742	343.67889	2504.8982	6494.1206	20476.449	833.88226	91.792831	271.22122	10197.068	2369.7556	38821.656	3215.7952	0	1492.2148	1035.3663	25827.506	83359.68	5567.6006	4661.4204	74.664856	121.41601	871.83893	2365.4954	676.47345
0.50817877	284.21719	32.148174	0.74343872	0.20046639	2.1292937	3.5234354	3.9383404	100.83413	3.0457199	654.66534	2.758306	2183.1628	6.2321281	1.8086778	5.2305689	39.345535	135.31342	124.55061	1.3160449	3.3807771	70.657806	10.118007	49.595062	1161.7476	2366.7263	3995.8701	9.8435965	7.5531964	2.5281231	594.66919	3.1008747	0.28716081	78.850357	3.4845588	180.30989	640.17999	352.05606	14.286036	3.5068283	0.27301216	251.79437	284.39578	1541.6467	1214.9868	73.189026	62.691807	4.2312388	4983.6787	1.8773364	13342.541	16.755295	1.5544786	7.3903499	8.3606358	12.309598	12.58202	1310.3331	7.5191193	1523.8107	13.523802	13282.397	34.822998	62.302994	83.13485	34.069157	140.59436	139.35776	3.0710578	9.616724	2290.6609	16.937857	1492.2148	0	1360.5657	24936.131	48.562546	73.167496	11.52091	629.56763	42.568687	0.75389183	590.07483	8.010602
19.93187	1608.2649	3135.1592	5.7076473	1.0484822	23.508007	170.85237	84.009659	579.8186	29.151207	1425.644	14.154075	2525.3032	103.3326	13.04847	163.95305	2780.5427	1598.427	3108.3003	9.5338497	130.55276	389.49603	608.30841	550.44464	2301.5359	31510.039	38855.926	218.77409	96.70858	113.84372	1639.6857	10.471741	8.5302353	607.24084	248.50137	3557.0381	3231.562	3499.7229	177.53381	46.404598	3.5513864	123.44254	23789.25	35352.66	35548.977	3379.4402	388.83652	45.800827	227.75563	1042.7025	2343.5344	70146.898	52.641781	10.808875	493.46588	11516.751	3854.1721	334.13016	671.98981	13794.567	365.1521	1504.1324	6597.9053	52.936626	350.76807	25262.375	17830.039	43991.32	125.87875	2221.3604	400.5976	14100.923	1035.3663	1360.5657	0	107728.61	2784.6318	2106.9253	5170.9878	5121.2856	211.84985	82.005196	5610.1421	705.77368
72.124382	6816.4268	18583.457	20.745907	3.7249649	102.45783	1117.6312	396.13943	1560.4535	121.01131	2147.1824	28.920866	4921.4629	406.13931	40.054436	5679.0869	8949.0371	1754.9674	4087.7239	21.953615	1422.0079	4181.2251	21218.861	3135.7871	4394.439	45224.215	135821.45	1939.8195	257.02274	531.39563	3108.7625	16.741598	27.868675	1852.5754	1436.3964	16114.095	6925.3193	12002.775	842.58838	306.0322	19.8857	219.20601	81558.758	26007.418	61742.285	13416.283	2792.7407	180.35703	601.59381	357.44992	58569.777	102650.8	44.253277	51.089855	249.7923	5856.8965	1000.3398	7482.019	367.98468	1869.3362	157.29933	17585.799	1734.4584	500.38016	33927.457	34444.93	2629.3245	12651.725	52.512623	7066.5581	27867.9	91458.336	25827.506	24936.131	107728.61	0	14564.101	1084.3358	2940.4075	6976.1152	55.343121	102.22891	8087.5576	3955.583
254.17363	63.687576	449.62167	3309.8259	30.804541	1750.16	3920.6292	2394.8577	3737.8247	7488.8984	115.00098	2224.8184	116.13049	1500.5787	269.8403	1645.0406	207.74677	25.040388	43.721703	3505.6335	2256.5605	889.86499	1720.9478	18443.85	15.764136	227.04503	1778.2512	17373.684	2435.2507	3589.6282	5.8681083	83.880074	360.44495	835.64636	439.03284	6262.6177	480.32971	3656.6934	523.33936	1514.7776	158.56627	7.857214	34289.93	2823.0083	30504.492	5148.1895	8788.7012	946.87012	71.642006	1685.7994	349.01001	7379.2754	66289.664	209.83173	15482.741	203020.27	8087.6294	14040.576	95371.547	630.38147	15569.034	67.64563	8781.5654	2618.634	9587.9043	2839.4062	311.02679	895.92169	30409.596	54758.613	3184.6731	25443.936	83359.68	48.562546	2784.6318	14564.101	0	19020.625	54905.762	48.169975	208.01189	3443.2407	11178.281	2085.2085
44.711658	13.724753	70.12661	139.01074	2.3221853	169.53712	494.08841	346.82718	479.59177	459.03677	28.523275	126.41424	55.463478	240.74947	24.361862	236.55582	31.785091	4.6507888	9.6505327	170.11917	523.86115	160.38866	158.5099	2910.436	11.71169	91.841721	234.44641	2487.2397	445.68112	686.16565	7.6504412	11.73727	75.554367	153.37659	23.260187	1217.0566	142.94153	665.07141	107.5494	211.97746	23.585451	10.302117	2512.8716	648.08771	11696.652	593.7934	1327.1393	736.92328	105.92908	23243.523	74.921791	689.51208	1153.5002	40.598095	1789.606	19143.963	3100.3181	1815.3889	9521.1123	4562.2573	3685.2175	766.47986	28934.811	290.17026	310.49304	1266.9879	847.72968	1380.6891	1848.505	1998.6533	480.72379	1311.1823	5567.6006	73.167496	2106.9253	1084.3358	19020.625	0	32223.041	276.77548	1778.4652	20460.887	18635.363	75.13501
55.813	27.647581	225.82811	22.081543	1.6552192	79.49868	426.50406	263.84131	497.35806	93.677574	18.817211	29.360435	22.289755	259.53006	16.905579	1125.0323	107.77424	8.4297142	31.958904	34.877048	2181.6897	410.49677	794.79688	3730.5732	7.6865945	255.79813	763.38049	3886.7708	594.1911	1624.5371	4.119144	11.726375	117.11545	219.33711	60.575752	1855.6636	331.76337	909.1897	158.50383	248.06323	22.658327	1.5420281	6236.8574	2340.8865	14859.283	1222.7701	914.16791	73.195358	13.141856	14815.154	116.8373	2600.1692	44.169849	4.8439794	241.07654	76431.773	3745.3716	1397.8566	359.99005	775.46869	93.565117	22.679989	16857.955	76.401863	1403.6672	11729.095	1394.8085	5539.2305	58.518608	75496.016	1164.9186	25935.174	4661.4204	11.52091	5170.9878	2940.4075	54905.762	32223.041	0	30.619017	42.126053	4215.2954	21558.275	262.10797
0.48954433	268.10999	20.812056	0.65438521	0.1607285	1.9120424	3.6402037	3.2099667	80.589668	2.3455677	899.98291	2.616617	2220.7263	6.0138884	2.3331184	3.0332503	32.354492	387.07571	144.57764	1.3601644	1.8516015	94.773888	7.700141	66.570801	758.4458	2906.9404	3606.2344	8.0109711	7.6648798	2.5620282	982.94	3.2360668	0.26974708	59.091049	5.5879145	113.95617	593.17151	273.10373	10.823765	3.5814629	0.22212309	87.830544	487.88751	4590.2974	3683.1921	140.7132	31.855494	3.6556547	311.47729	9.1043139	238.38858	35.911667	9.0761013	4.0984983	34.901272	73.602119	65.998543	56.633629	78.045181	3129.8384	81.228615	3995.8987	191.65355	9.2424641	7.5452147	47.095112	622.69458	131.23683	24.403585	12.556125	62.66827	30.189024	74.664856	629.56763	5121.2856	6976.1152	48.169975	276.77548	30.619017	0	118.1367	1.3051618	655.75415	16.038509
0.75191039	1.4434379	1.001663	7.7189503	0.13496247	7.6628203	14.245372	12.97205	10.587126	22.649227	9.1804657	8.0669374	23.357578	5.6035614	1.078621	0.72330296	0.39169532	0.63527852	0.33904734	9.608161	1.4414784	1.1306708	1.2700113	57.347038	4.2818098	8.0711718	10.941753	46.999512	6.8493266	6.44171	3.0945504	0.38266757	0.9614107	4.4483809	0.74792576	22.540516	10.29214	17.428453	10.545866	6.365993	1.1798679	5.9805799	491.67728	76.638641	3112.1128	367.76404	2326.6404	8026.6426	82.005157	32.716492	18.789146	20.023102	48.340878	1135.2721	1447.1616	297.25656	2215.7651	65.493332	388.98288	1808.384	403.82504	431.74274	1230.2511	531.5047	0.8455233	11.84267	126.69662	20.577166	114.45256	9.2532806	9.1597309	17.547195	121.41601	42.568687	211.84985	55.343121	208.01189	1778.4652	42.126053	118.1367	0	2.8313069	14835.567	3.8325932
5.849474	1.1830809	6.9048867	10.345634	0.25015968	15.975996	56.883755	35.645218	54.619297	37.002235	1.7391781	10.245833	1.7145989	27.101665	2.7430241	37.270981	4.1831393	0.4971903	1.0624411	12.162006	81.849541	22.433409	25.501736	336.52927	0.38086313	6.6926556	20.602491	274.94348	56.508762	99.438225	0.16251759	1.3187693	10.239401	17.899506	2.9584935	132.92381	14.953659	70.797493	11.25573	22.356403	2.3404977	0.11427679	122.50122	90.623466	2848.7119	68.419266	49.0439	4.3349247	0.7588746	255.20969	4.5579548	40.142021	38.548843	1.7495942	40.982021	1170.3563	79.203346	226.73679	149.37724	35.902729	20.177298	1.1160381	203.03934	16.959215	63.338432	83.731163	38.172112	92.629311	23.701807	579.47522	68.555916	211.72305	871.83893	0.75389183	82.005196	102.22891	3443.2407	20460.887	4215.2954	1.3051618	2.8313069	0	6220.8462	8.7929926
20.244261	81.97065	230.06743	92.766182	1.6955183	101.42221	279.3457	187.87729	206.58125	303.84409	101.19871	84.675232	241.1808	115.23682	14.249812	160.17061	110.72384	20.709681	51.432568	109.40356	209.22318	83.432449	279.17102	1165.5989	74.249947	500.54681	1310.0238	925.54889	179.65958	276.32727	37.393894	7.4628949	27.297174	94.724915	221.10339	630.09143	191.74098	397.57104	140.1261	105.96979	19.367798	71.19162	5781.3579	2603.4436	23934.08	1236.6847	1438.0211	2313.9812	2571.26	824.72058	486.74368	1199.0457	575.81384	2867.3525	1707.885	6343.9541	2598.0029	589.97815	4739.0039	22676.166	2695.5857	2850.2078	5196.6685	313.62534	522.54132	13651.034	5403.9561	12726.226	1043.2599	18641.922	324.9538	16664.332	2365.4954	590.07483	5610.1421	8087.5576	11178.281	18635.363	21558.275	655.75415	14835.567	6220.8462	0	680.08081
4.8620796	40.10532	198.27939	18.567049	76.295349	22.123287	128.01682	34.398273	70.300964	88.588448	12.653935	24.360823	111.59945	25.91391	272.96384	127.80637	71.782623	16.691669	40.437248	25.425035	195.70982	59.053936	698.4975	316.48795	6.1137538	218.39229	1335.9949	379.25336	41.288631	91.90947	3.2166817	2.1647184	6.5482712	47.934517	201869.5	16722.875	419.04077	1210.5386	3272.1223	618.78851	224.99222	12.794548	38460.848	2158.6401	3036.8252	9922.6436	886.94824	686.2359	106.84177	14.979656	141.76346	505.80127	74.52092	108.25749	58.790886	743.27069	75.480125	169.63609	373.5603	136.81897	176.09604	22.92028	92.331787	427.74194	525.97052	124.78754	93.313812	163.21135	97.343086	1521.7784	173.69797	3910.8386	676.47345	8.010602	705.77368	3955.583	2085.2085	75.13501	262.10797	16.038509	3.8325932	8.7929926	680.08081	0
